"gene_id","keep_exploratory"
"TSPAN6",TRUE
"DPM1",TRUE
"SCYL3",TRUE
"C1orf112",TRUE
"FGR",TRUE
"CFH",TRUE
"FUCA2",TRUE
"GCLC",TRUE
"NFYA",TRUE
"STPG1",TRUE
"NIPAL3",TRUE
"LAS1L",TRUE
"ENPP4",TRUE
"SEMA3F",TRUE
"CFTR",FALSE
"ANKIB1",TRUE
"CYP51A1",TRUE
"KRIT1",TRUE
"RAD52",TRUE
"BAD",TRUE
"LAP3",TRUE
"HS3ST1",TRUE
"HECW1",TRUE
"MAD1L1",TRUE
"LASP1",TRUE
"SNX11",TRUE
"TMEM176A",TRUE
"M6PR",TRUE
"KLHL13",TRUE
"CYP26B1",TRUE
"ICA1",TRUE
"DBNDD1",TRUE
"ALS2",TRUE
"CASP10",TRUE
"CFLAR",TRUE
"TFPI",TRUE
"NDUFAF7",TRUE
"RBM5",TRUE
"SLC7A2",TRUE
"ARF5",TRUE
"SARM1",TRUE
"POLDIP2",TRUE
"PLXND1",TRUE
"AK2",TRUE
"CD38",TRUE
"FKBP4",TRUE
"KDM1A",TRUE
"RBM6",TRUE
"CAMKK1",TRUE
"RECQL",TRUE
"VPS50",TRUE
"HSPB6",TRUE
"ARHGAP33",TRUE
"NDUFAB1",TRUE
"PDK4",TRUE
"ABCB5",TRUE
"SLC25A13",TRUE
"ST7",TRUE
"CDC27",TRUE
"HCCS",TRUE
"DVL2",TRUE
"UPF1",TRUE
"SKAP2",TRUE
"SLC25A5",TRUE
"MCUB",TRUE
"HOXA11",TRUE
"POLR2J",TRUE
"DHX33",TRUE
"MEOX1",TRUE
"THSD7A",TRUE
"LIG3",TRUE
"RPAP3",TRUE
"ACSM3",TRUE
"REXO5",TRUE
"CIAPIN1",TRUE
"SPPL2B",TRUE
"FAM214B",TRUE
"COPZ2",TRUE
"PRKAR2B",TRUE
"MSL3",TRUE
"CREBBP",TRUE
"TSPOAP1",TRUE
"GCFC2",TRUE
"WDR54",TRUE
"CROT",TRUE
"ABCB4",TRUE
"KMT2E",TRUE
"RHBDD2",TRUE
"SOX8",TRUE
"IBTK",TRUE
"ZNF195",TRUE
"MYCBP2",TRUE
"FBXL3",TRUE
"ITGAL",TRUE
"PDK2",TRUE
"ITGA3",TRUE
"ZFX",TRUE
"LAMP2",TRUE
"ITGA2B",FALSE
"ASB4",FALSE
"GDE1",TRUE
"REX1BD",TRUE
"CRLF1",FALSE
"OSBPL7",TRUE
"TMEM98",TRUE
"YBX2",FALSE
"MAP3K14",TRUE
"ABCC8",FALSE
"TMEM132A",TRUE
"AP2B1",TRUE
"ZNF263",TRUE
"CX3CL1",TRUE
"SPATA20",TRUE
"CACNA1G",FALSE
"TNFRSF12A",TRUE
"DLX6",FALSE
"MAP3K9",TRUE
"RALA",TRUE
"BAIAP2L1",TRUE
"KDM7A",TRUE
"ETV1",TRUE
"AGK",TRUE
"ALDH3B1",TRUE
"TTC22",FALSE
"PHTF2",TRUE
"FARP2",TRUE
"USH1C",FALSE
"GGCT",TRUE
"DBF4",TRUE
"TBXA2R",TRUE
"IFRD1",TRUE
"COX10",TRUE
"GTF2IRD1",TRUE
"PAF1",TRUE
"VPS41",TRUE
"ARHGAP44",TRUE
"ELAC2",TRUE
"SCIN",TRUE
"ARSD",TRUE
"PNPLA4",TRUE
"ADIPOR2",TRUE
"CDKL3",TRUE
"MARK4",TRUE
"PROM1",TRUE
"CCDC124",TRUE
"CEACAM21",TRUE
"PAFAH1B1",TRUE
"NOS2",FALSE
"DNAH9",FALSE
"KIAA0100",TRUE
"TRAPPC6A",TRUE
"MATK",TRUE
"CD79B",TRUE
"SCN4A",FALSE
"ST7L",TRUE
"TKTL1",FALSE
"PAX6",FALSE
"RPUSD1",TRUE
"RHBDF1",TRUE
"LUC7L",TRUE
"CACNA2D2",TRUE
"BAIAP3",TRUE
"TSR3",TRUE
"PIGQ",TRUE
"CRAMP1",TRUE
"TEAD3",TRUE
"SELE",TRUE
"DNAJC11",TRUE
"FMO3",FALSE
"MYLIP",TRUE
"E2F2",TRUE
"PSMB1",TRUE
"JARID2",TRUE
"CDKL5",TRUE
"CAMK1G",FALSE
"CDK11A",TRUE
"NADK",TRUE
"TFAP2B",FALSE
"DLEC1",TRUE
"CYTH3",TRUE
"ADAM22",TRUE
"SYPL1",TRUE
"CYB561",TRUE
"SPAG9",TRUE
"CELSR3",TRUE
"AASS",TRUE
"SS18L2",TRUE
"MPND",TRUE
"MGST1",TRUE
"CRY1",TRUE
"NFIX",TRUE
"ST3GAL1",TRUE
"MMP25",TRUE
"IL32",TRUE
"PKD1",TRUE
"MAPK8IP2",TRUE
"MED24",TRUE
"RHOBTB2",TRUE
"HEATR5B",TRUE
"SEC62",TRUE
"RPS20",TRUE
"CSDE1",TRUE
"UBE3C",TRUE
"REV3L",TRUE
"TENM1",TRUE
"FAM76A",TRUE
"TRAF3IP3",TRUE
"POMT2",TRUE
"VTA1",TRUE
"MLXIPL",FALSE
"BAZ1B",TRUE
"RANBP9",TRUE
"ETV7",TRUE
"SPRTN",TRUE
"EEF1AKNMT",TRUE
"DYRK4",TRUE
"ZNF207",TRUE
"UQCRC1",TRUE
"STARD3NL",TRUE
"CD9",TRUE
"HHATL",FALSE
"NCAPD2",TRUE
"IFFO1",TRUE
"GIPR",TRUE
"PHF7",TRUE
"SEMA3G",TRUE
"NISCH",TRUE
"STAB1",TRUE
"FUZ",TRUE
"IDS",TRUE
"ZNF200",TRUE
"CD4",TRUE
"LRRC23",TRUE
"BTK",TRUE
"HFE",TRUE
"SCMH1",TRUE
"FYN",TRUE
"HIVEP2",TRUE
"FMO1",TRUE
"ELOA",TRUE
"LYPLA2",TRUE
"CLCN6",TRUE
"MRC2",TRUE
"TSPAN9",TRUE
"BTBD7",TRUE
"APBA3",TRUE
"MKS1",TRUE
"ABHD5",TRUE
"ANOS1",TRUE
"AKAP8L",TRUE
"MBTD1",TRUE
"UTP18",TRUE
"RNF216",TRUE
"TTC19",TRUE
"PTBP1",TRUE
"DPF1",FALSE
"SYT7",TRUE
"LARS2",TRUE
"PIK3C2A",TRUE
"PLAUR",TRUE
"ANLN",TRUE
"WIZ",TRUE
"RABGAP1",TRUE
"DCN",TRUE
"QPCTL",TRUE
"PPP5C",TRUE
"CEP68",TRUE
"MAP4K3",TRUE
"TYROBP",TRUE
"TMEM159",TRUE
"GABRA3",TRUE
"BRCA1",TRUE
"ERCC1",TRUE
"CD22",TRUE
"SEMA3B",TRUE
"MBTPS2",TRUE
"PRICKLE3",TRUE
"LTF",FALSE
"EXTL3",TRUE
"ELOVL5",TRUE
"ALOX5",TRUE
"KDM5D",TRUE
"CALCOCO1",TRUE
"UBR7",TRUE
"MAP4K5",TRUE
"EHD3",TRUE
"PSMC4",TRUE
"MAN2B2",TRUE
"CLDN11",TRUE
"SLC25A39",TRUE
"MVP",TRUE
"NUB1",TRUE
"PGM3",TRUE
"RWDD2A",TRUE
"CLK1",TRUE
"POLR3B",TRUE
"ANGEL1",TRUE
"RNF14",TRUE
"DNASE1L1",TRUE
"DDX11",TRUE
"HEBP1",TRUE
"GPRC5A",TRUE
"MAMLD1",TRUE
"CD6",TRUE
"TACC3",TRUE
"UFL1",TRUE
"POLA2",TRUE
"ZC3H3",TRUE
"CAPN1",TRUE
"ACPP",TRUE
"MDH1",TRUE
"SLC30A9",TRUE
"MTMR11",TRUE
"COX15",TRUE
"CCDC88C",TRUE
"YAF2",TRUE
"ZMYND11",TRUE
"WAS",TRUE
"BID",TRUE
"MATR3",TRUE
"XYLT2",TRUE
"RGPD5",TRUE
"NUDCD3",TRUE
"ISL1",FALSE
"CHDH",TRUE
"GLT8D1",TRUE
"ATP2C1",TRUE
"IGF1",TRUE
"SLC38A5",TRUE
"RALBP1",TRUE
"RUFY3",TRUE
"CNTN1",TRUE
"SLC11A1",TRUE
"WWTR1",TRUE
"AGPS",TRUE
"CXorf56",TRUE
"ATP1A2",FALSE
"TTC27",TRUE
"ZNF582",TRUE
"PHLDB1",TRUE
"MARCO",TRUE
"PRDM11",TRUE
"SNAI2",TRUE
"CD74",TRUE
"HGF",TRUE
"ZRANB1",TRUE
"NCDN",TRUE
"ADGRA2",TRUE
"ZFP64",TRUE
"MNAT1",TRUE
"SAMD4A",TRUE
"RUNX3",TRUE
"MRE11",TRUE
"PLEKHB1",TRUE
"SERPINB1",TRUE
"SPAST",TRUE
"NRXN3",TRUE
"OSBPL5",TRUE
"AQR",TRUE
"CPS1",TRUE
"FHL1",TRUE
"RTF2",TRUE
"NLRP2",TRUE
"SLC45A4",TRUE
"RNF10",TRUE
"ZNF839",TRUE
"ZDHHC6",TRUE
"GRAMD1B",TRUE
"RNH1",TRUE
"NDUFS1",TRUE
"RB1CC1",TRUE
"ERP44",TRUE
"ALAS1",TRUE
"BIRC3",TRUE
"AKAP11",TRUE
"GLRX2",TRUE
"SNAPC1",TRUE
"DERA",TRUE
"STRAP",TRUE
"ABCC2",TRUE
"DEF6",TRUE
"PLEKHO1",TRUE
"GCLM",TRUE
"UBR2",TRUE
"EHD2",TRUE
"DEPDC1",TRUE
"CCDC28A",TRUE
"RRAGD",TRUE
"HSF2",TRUE
"PHF20",TRUE
"NR1H3",TRUE
"TYMP",TRUE
"NCAPH2",TRUE
"TOMM34",TRUE
"SEC63",TRUE
"KPNA6",TRUE
"VIM",TRUE
"RTEL1-TNFRSF6B",TRUE
"FAS",TRUE
"RNASET2",TRUE
"CD44",TRUE
"KCNG1",TRUE
"AGPAT4",TRUE
"SLAMF7",TRUE
"BTN3A1",TRUE
"MIPEP",TRUE
"PRKCH",TRUE
"IFNGR1",TRUE
"B4GALT7",TRUE
"SH2D2A",TRUE
"VRK2",TRUE
"TNFRSF1B",TRUE
"VEZT",TRUE
"POU2F2",TRUE
"BRD9",TRUE
"SNX1",TRUE
"TBPL1",TRUE
"ARNTL2",TRUE
"BCLAF1",TRUE
"SLC39A9",TRUE
"ANK1",TRUE
"TFB1M",TRUE
"RABEP1",TRUE
"HMGB3",TRUE
"NUP160",TRUE
"BAK1",TRUE
"IKZF2",TRUE
"GRN",TRUE
"FAM13B",TRUE
"ARHGAP31",TRUE
"CENPQ",TRUE
"SARS1",TRUE
"RANBP3",TRUE
"ARID4A",TRUE
"EIPR1",TRUE
"PNPLA6",TRUE
"IFT88",TRUE
"ALG1",TRUE
"ZCCHC8",TRUE
"ABCF2",TRUE
"CHPF2",TRUE
"LRRC7",FALSE
"FUT8",TRUE
"UBA6",TRUE
"GAB2",TRUE
"ATP6V0A1",TRUE
"PIAS1",TRUE
"SLC4A7",TRUE
"APBA2",TRUE
"MAP2K3",TRUE
"TMSB10",TRUE
"ASTE1",TRUE
"RNF19A",TRUE
"PEX3",TRUE
"GABARAPL2",TRUE
"SH3YL1",TRUE
"FAM136A",TRUE
"VCL",TRUE
"DEPDC1B",TRUE
"DAPK2",TRUE
"NSMAF",TRUE
"ADSS2",TRUE
"STAP1",FALSE
"TIMP2",TRUE
"RFC1",TRUE
"TBC1D23",TRUE
"CUL3",TRUE
"MYOM2",FALSE
"CYP46A1",TRUE
"USP2",TRUE
"TUBG2",TRUE
"RPL26L1",TRUE
"FLT4",TRUE
"NSUN2",TRUE
"FBXO42",TRUE
"MFAP3",TRUE
"MRI1",TRUE
"METTL1",TRUE
"AGA",TRUE
"PI4K2B",TRUE
"BOD1L1",TRUE
"MAT2B",TRUE
"TLL1",TRUE
"EDC4",TRUE
"TRIO",TRUE
"VCAN",TRUE
"CLEC16A",TRUE
"MSR1",TRUE
"CDH1",TRUE
"MTREX",TRUE
"DNAH5",FALSE
"ZFYVE16",TRUE
"RIPOR1",TRUE
"RAI14",TRUE
"PNKP",TRUE
"PHLPP2",TRUE
"SPDL1",TRUE
"STAU2",TRUE
"SLC66A1",TRUE
"CTNS",TRUE
"RTN4R",TRUE
"PHF23",TRUE
"CDH10",FALSE
"INPP4A",TRUE
"RAB27B",TRUE
"PSMA4",TRUE
"MYO16",TRUE
"LSG1",TRUE
"PARP3",TRUE
"TNC",TRUE
"THAP3",TRUE
"RIPOR3",TRUE
"TDP1",TRUE
"AIFM2",TRUE
"MED17",TRUE
"RETSAT",TRUE
"CAPG",TRUE
"AP2S1",TRUE
"USH2A",FALSE
"TG",TRUE
"ADAM28",TRUE
"DCUN1D1",TRUE
"JADE2",TRUE
"ZIC2",FALSE
"LCP2",TRUE
"TRIT1",TRUE
"CUL7",TRUE
"CTNNA1",TRUE
"PHKA2",TRUE
"CNTLN",TRUE
"EPHA3",TRUE
"HSPA5",TRUE
"DSG2",TRUE
"GEMIN8",TRUE
"OFD1",TRUE
"GPM6B",TRUE
"MAGEC2",FALSE
"PREX2",TRUE
"WDR37",TRUE
"YTHDC2",TRUE
"CTPS2",TRUE
"ATP6V1H",TRUE
"POLR2B",TRUE
"FAM214A",TRUE
"ARAP2",TRUE
"TPR",TRUE
"CP",TRUE
"KIAA0556",TRUE
"DTNBP1",TRUE
"XK",FALSE
"ANO2",TRUE
"C12orf4",TRUE
"SCML1",TRUE
"WWC3",TRUE
"ARHGAP6",TRUE
"FAM184B",TRUE
"MAP4",TRUE
"GOPC",TRUE
"ROS1",FALSE
"USP28",TRUE
"HDAC9",TRUE
"TSPAN17",TRUE
"NOP16",TRUE
"CC2D2A",TRUE
"RRM2B",TRUE
"ZNF800",TRUE
"SNX29",TRUE
"LMO3",TRUE
"MRPS10",TRUE
"RSF1",TRUE
"VPS13D",TRUE
"CELF2",TRUE
"FAM120A",TRUE
"R3HDM1",TRUE
"COL9A2",TRUE
"KITLG",TRUE
"ERCC8",TRUE
"ADAMTS6",TRUE
"H6PD",TRUE
"VAMP3",TRUE
"PER3",TRUE
"TNFRSF9",TRUE
"LTBP1",TRUE
"RCN1",TRUE
"ELN",TRUE
"RFC2",TRUE
"ARID1B",TRUE
"CLPTM1L",TRUE
"NEDD4L",TRUE
"FOXP3",TRUE
"PPP1R3F",TRUE
"HEXB",TRUE
"PTCD2",TRUE
"JKAMP",TRUE
"DKK3",TRUE
"ARHGEF5",TRUE
"NFE2L3",TRUE
"MCUR1",TRUE
"LIMA1",TRUE
"LETMD1",TRUE
"SLC4A8",TRUE
"LAMC3",TRUE
"PTGER3",TRUE
"TNIP3",TRUE
"MAPK9",TRUE
"COL23A1",FALSE
"BCAR1",TRUE
"FAM160A2",TRUE
"HERPUD1",TRUE
"HOMER3",TRUE
"RAD51",TRUE
"POLQ",TRUE
"PIK3CB",TRUE
"CYBA",TRUE
"THOC3",TRUE
"HEBP2",TRUE
"MPHOSPH9",TRUE
"PLEKHA5",TRUE
"PRSS8",FALSE
"SIKE1",TRUE
"RRP12",TRUE
"FNIP2",TRUE
"MSMO1",TRUE
"TTC17",TRUE
"ALX4",FALSE
"FSTL4",FALSE
"FOXN3",TRUE
"AKR7A2",TRUE
"MRTO4",TRUE
"USE1",TRUE
"MCF2L2",TRUE
"LAMA3",TRUE
"AP5M1",TRUE
"ANAPC4",TRUE
"KCNQ1",TRUE
"TRAPPC3",TRUE
"THRAP3",TRUE
"PHPT1",TRUE
"LY75",TRUE
"ARID4B",TRUE
"OPN3",TRUE
"SDCCAG8",TRUE
"PTPRN",FALSE
"HHAT",TRUE
"KIF1B",TRUE
"FOXC1",TRUE
"TBC1D22A",TRUE
"SYNE2",TRUE
"PLEKHH1",TRUE
"ATP9A",TRUE
"FAM168A",TRUE
"RELT",TRUE
"GALC",TRUE
"NOP58",TRUE
"SZRD1",TRUE
"KCNH2",FALSE
"CUL1",TRUE
"FAM114A2",TRUE
"CYFIP2",TRUE
"TAB2",TRUE
"GINM1",TRUE
"EIF2AK2",TRUE
"KMT2C",TRUE
"MCOLN3",TRUE
"PUM2",TRUE
"MRPL43",TRUE
"ITIH4",FALSE
"HPF1",TRUE
"ZFR",TRUE
"ZNF280C",TRUE
"PHF21B",FALSE
"TRAF1",TRUE
"RC3H2",TRUE
"IL17RB",FALSE
"TRAF3IP2",TRUE
"GYG2",TRUE
"DCBLD2",TRUE
"SOAT1",TRUE
"PKP2",TRUE
"MSH4",TRUE
"GDI2",TRUE
"PRDM1",TRUE
"ATG5",TRUE
"TMCC3",TRUE
"PITHD1",TRUE
"MTA3",TRUE
"USP13",TRUE
"ATP11B",TRUE
"LAMC2",FALSE
"CDK14",TRUE
"SEC61A1",TRUE
"PPP1R12A",TRUE
"RASGRF1",TRUE
"CAMK2B",TRUE
"CROCC",TRUE
"POLR3E",TRUE
"ATP2B4",TRUE
"ZC3H11A",TRUE
"RIOK2",TRUE
"YIPF1",TRUE
"NDC1",TRUE
"DGKG",TRUE
"FLYWCH1",TRUE
"UNKL",TRUE
"TBXAS1",TRUE
"PARP12",TRUE
"ALDH18A1",TRUE
"TARBP1",TRUE
"GATB",TRUE
"MXD1",TRUE
"CDK17",TRUE
"DNAJC25",TRUE
"SLC2A3",TRUE
"PSD",TRUE
"CTDP1",TRUE
"YBX3",TRUE
"STYK1",FALSE
"WNK1",TRUE
"CCAR1",TRUE
"OGFR",TRUE
"GNA15",TRUE
"PIGV",TRUE
"PTPRU",TRUE
"SNRNP40",TRUE
"COL11A1",TRUE
"QSER1",TRUE
"MPC1",TRUE
"ACAA1",TRUE
"BCAT1",TRUE
"HDAC7",TRUE
"LZTS1",TRUE
"PRDM6",TRUE
"SPAG4",TRUE
"NCKAP1",TRUE
"MRPS35",TRUE
"GUCY1B1",TRUE
"SFSWAP",TRUE
"TNK2",TRUE
"MON2",TRUE
"CDH3",TRUE
"GPBP1",TRUE
"DGAT2",TRUE
"ZNF112",TRUE
"CS",TRUE
"LTK",TRUE
"MRPS24",FALSE
"ELMO2",TRUE
"WAPL",TRUE
"VMP1",TRUE
"APPBP2",TRUE
"POLD1",TRUE
"EIF4B",TRUE
"SLC6A16",TRUE
"BICRA",TRUE
"SPHK2",TRUE
"RPL18",TRUE
"CA11",TRUE
"ISOC2",TRUE
"U2AF2",TRUE
"EPN1",TRUE
"MED29",TRUE
"AHRR",TRUE
"ZNF275",TRUE
"MTMR1",TRUE
"GPC1",TRUE
"ADCK1",TRUE
"HAGH",TRUE
"RNF4",TRUE
"CASP8",TRUE
"LIMCH1",TRUE
"INTS13",TRUE
"TM7SF3",TRUE
"SPA17",TRUE
"TSPAN32",TRUE
"CCN5",TRUE
"ST3GAL6",TRUE
"NGFR",TRUE
"CDON",TRUE
"TAF2",TRUE
"HIPK2",TRUE
"TNPO3",TRUE
"RFXANK",TRUE
"TMEM161A",TRUE
"LPAR2",TRUE
"CTSA",TRUE
"SUGP2",TRUE
"SLC12A2",TRUE
"SNX24",TRUE
"EYA2",FALSE
"CNN2",TRUE
"ABCA7",TRUE
"SNCAIP",TRUE
"DDX20",TRUE
"BTBD1",TRUE
"FAR2",TRUE
"CHI3L2",FALSE
"SBNO2",TRUE
"PMS1",TRUE
"HMG20B",TRUE
"CALCRL",TRUE
"TAF11",TRUE
"ANKS1A",TRUE
"AP3D1",TRUE
"ZNF76",TRUE
"SLC9A3R2",TRUE
"NTHL1",TRUE
"UHRF1BP1",TRUE
"GNAI3",TRUE
"IPO5",TRUE
"OAT",TRUE
"WDR3",TRUE
"PKN2",TRUE
"WDR18",TRUE
"TRAM2",TRUE
"NTN1",TRUE
"MCM10",TRUE
"DGKA",TRUE
"ERBB3",TRUE
"ROPN1",TRUE
"ANKRD44",TRUE
"KARS1",TRUE
"ADAT1",TRUE
"PDIA5",TRUE
"TBC1D22B",TRUE
"NDUFB4",TRUE
"SPEN",TRUE
"MYLK",TRUE
"ZC3H15",TRUE
"MAP2K4",TRUE
"PACC1",TRUE
"SLK",TRUE
"CYB5R4",TRUE
"COL17A1",FALSE
"GSTO2",TRUE
"SEC61A2",TRUE
"PRKCQ",TRUE
"TLE2",TRUE
"ASB1",TRUE
"FAM107B",TRUE
"ME1",TRUE
"TBC1D1",TRUE
"CDK13",TRUE
"MTHFD2",TRUE
"SLC9A7",TRUE
"FOXJ2",TRUE
"YBX1",TRUE
"PDE4A",TRUE
"PPP2R5A",TRUE
"CTNNA2",TRUE
"ELAVL1",TRUE
"TIE1",TRUE
"DIP2B",TRUE
"SMARCD1",TRUE
"KDM4A",TRUE
"NFYC",TRUE
"ZMYND12",TRUE
"SLC9A3",TRUE
"ASPM",TRUE
"CD84",TRUE
"ELOVL1",TRUE
"SPI1",TRUE
"ZNRD1",TRUE
"MPPED2",TRUE
"ZBTB11",TRUE
"ATXN3",TRUE
"GOLGA5",TRUE
"FGFR2",TRUE
"LRRC40",TRUE
"ISOC1",TRUE
"EML1",TRUE
"TRMT11",TRUE
"THUMPD1",TRUE
"MSANTD3",TRUE
"KIF26A",TRUE
"ATG2B",TRUE
"ARFGEF1",TRUE
"ZFAT",TRUE
"MTFR1",TRUE
"STAG3",TRUE
"FECH",TRUE
"MYO9A",TRUE
"DDX3Y",TRUE
"PFKP",TRUE
"IDI1",TRUE
"SP100",TRUE
"KLF6",TRUE
"PLPP1",TRUE
"NEO1",TRUE
"TRAM1",TRUE
"PHKA1",TRUE
"TNFRSF1A",TRUE
"CACNB1",TRUE
"EVI5",TRUE
"STOML1",TRUE
"PKM",TRUE
"DHX29",TRUE
"DNTTIP2",TRUE
"METTL22",TRUE
"TP53BP1",TRUE
"TRO",TRUE
"RRP15",TRUE
"RHOA",TRUE
"PMS2P4",TRUE
"PRKCZ",TRUE
"ZFY",TRUE
"IARS2",TRUE
"SYT1",FALSE
"NAV3",TRUE
"IDH3G",TRUE
"ROGDI",TRUE
"PDZD4",TRUE
"ATP2B3",FALSE
"ROCK1",TRUE
"CBFB",TRUE
"PDK3",TRUE
"HYAL2",TRUE
"HDAC4",TRUE
"RASSF1",TRUE
"FGFR3",TRUE
"IFI35",TRUE
"HEATR6",TRUE
"COASY",TRUE
"PLEKHH3",TRUE
"MEF2A",TRUE
"OTUD5",TRUE
"TFE3",TRUE
"TBC1D25",TRUE
"ACSL4",TRUE
"INPP5A",TRUE
"GPKOW",TRUE
"GRIPAP1",TRUE
"FTSJ1",TRUE
"PRR11",TRUE
"REEP1",FALSE
"ATP11A",TRUE
"POLR1A",TRUE
"LAPTM4A",TRUE
"TTC7A",TRUE
"IP6K2",TRUE
"SRBD1",TRUE
"KIF2A",TRUE
"RASGRP2",TRUE
"PSME4",TRUE
"IFT80",TRUE
"SIRT2",TRUE
"ERLEC1",TRUE
"PPP2R5B",TRUE
"PYGM",FALSE
"MAST4",TRUE
"ADGRF5",TRUE
"SDK2",TRUE
"NUP133",TRUE
"NUCKS1",TRUE
"VPS35",TRUE
"DNAJA2",TRUE
"BCL3",TRUE
"KCNAB2",TRUE
"ABCC9",TRUE
"CLEC2D",TRUE
"FUNDC1",TRUE
"MAOB",TRUE
"RORA",TRUE
"DRD4",TRUE
"TGFBR3",TRUE
"HES2",FALSE
"ATP1B3",TRUE
"NEDD4",TRUE
"PIGB",TRUE
"MAPK6",TRUE
"GNB5",TRUE
"RAB27A",TRUE
"HDHD5",TRUE
"UFD1",TRUE
"LRP6",TRUE
"PHRF1",TRUE
"ELP1",TRUE
"NUCB2",TRUE
"PFN2",TRUE
"PTPN3",TRUE
"SPTB",FALSE
"DAPP1",TRUE
"SLC44A1",TRUE
"TMEM260",TRUE
"SMG6",TRUE
"EXOC5",TRUE
"CLTCL1",TRUE
"FSTL3",TRUE
"DGCR2",TRUE
"RNF126",TRUE
"MNT",TRUE
"ZXDC",TRUE
"JMJD6",TRUE
"POLB",TRUE
"WIPI1",TRUE
"GBA2",TRUE
"NDST1",TRUE
"ASNS",TRUE
"AP3M2",TRUE
"ST6GALNAC2",TRUE
"PABPC1",TRUE
"TESK2",TRUE
"CFAP20",TRUE
"CSNK2A2",TRUE
"PTPN21",TRUE
"EIF2B3",TRUE
"CAMK2A",TRUE
"TCOF1",TRUE
"CDC42",TRUE
"OSBPL3",TRUE
"SLC12A3",FALSE
"RAD18",TRUE
"ATP2B1",TRUE
"NCK2",TRUE
"MAP4K4",TRUE
"MGAT4A",TRUE
"RPL31",TRUE
"WDR1",TRUE
"SNX13",TRUE
"ARHGAP10",TRUE
"RPS6KA2",TRUE
"ING3",TRUE
"VASH1",TRUE
"LMCD1",TRUE
"BUD23",TRUE
"SEL1L",TRUE
"TRIP13",TRUE
"ATP6AP1",TRUE
"TCF3",TRUE
"TRIB2",TRUE
"DAZAP1",TRUE
"MBD3",TRUE
"HLTF",TRUE
"FAM50A",TRUE
"FAM3A",TRUE
"CPSF1",TRUE
"MYO3B",FALSE
"CYBRD1",TRUE
"CDH19",TRUE
"PDCD2",TRUE
"SLC6A15",TRUE
"RDH11",TRUE
"PRKACA",TRUE
"ADGRL1",TRUE
"ACTN1",TRUE
"ZFYVE26",TRUE
"RPS6KA6",FALSE
"EPN2",TRUE
"PTPN18",TRUE
"LIMS2",TRUE
"ASIC4",FALSE
"SPEG",TRUE
"LNX1",FALSE
"ALDH3A2",TRUE
"TFRC",TRUE
"SREBF1",TRUE
"AFF4",TRUE
"UBE2D1",TRUE
"MPP5",TRUE
"RHOBTB1",TRUE
"SMC1A",TRUE
"HSD17B10",TRUE
"MARK2",TRUE
"HMMR",TRUE
"CHFR",TRUE
"TRHDE",FALSE
"P4HA2",TRUE
"FCGR2B",TRUE
"NFATC3",TRUE
"TRNT1",TRUE
"ACADVL",TRUE
"STK10",TRUE
"FBXW11",TRUE
"ACAP1",TRUE
"CRMP1",FALSE
"EVC",TRUE
"DERL2",TRUE
"SIDT1",TRUE
"NDE1",TRUE
"MRVI1",TRUE
"TMEM38A",TRUE
"AP1M1",TRUE
"PVR",TRUE
"XRCC1",TRUE
"SCARB1",TRUE
"MCM2",TRUE
"MOV10L1",FALSE
"PANX2",FALSE
"SELENOO",TRUE
"TP63",TRUE
"ALPK1",TRUE
"LLGL2",TRUE
"PDE8A",TRUE
"CLCN4",TRUE
"NLE1",TRUE
"SDHA",TRUE
"SMARCE1",TRUE
"GSDMB",TRUE
"KDM5A",TRUE
"ADAM11",TRUE
"PPP2R3A",TRUE
"FERMT2",TRUE
"DHRS9",TRUE
"CD5L",FALSE
"PTGS2",TRUE
"IGF2BP2",TRUE
"MAP3K13",TRUE
"ST6GAL1",TRUE
"TBX21",TRUE
"FRY",TRUE
"PICALM",TRUE
"NSF",TRUE
"GLI2",TRUE
"CLASP1",TRUE
"MRPS34",TRUE
"NOTCH3",TRUE
"CLNS1A",TRUE
"TEAD2",TRUE
"EED",TRUE
"TSG101",TRUE
"NCBP3",TRUE
"ATP2A3",TRUE
"CA12",TRUE
"MGLL",TRUE
"NTN4",TRUE
"BCS1L",TRUE
"NUAK1",TRUE
"DPP8",TRUE
"SLC24A1",TRUE
"ZNF532",TRUE
"SCARF1",TRUE
"LMAN1",TRUE
"HACD3",TRUE
"IPCEF1",TRUE
"ZZEF1",TRUE
"ENO1",TRUE
"MYDGF",TRUE
"ANO8",TRUE
"TUBE1",TRUE
"ARHGEF10L",TRUE
"TXK",TRUE
"ACTR6",TRUE
"TIPIN",TRUE
"SRI",TRUE
"EIF4G3",TRUE
"NUP37",TRUE
"SEMA3A",TRUE
"GTSE1",TRUE
"SEMA3C",TRUE
"TTC38",TRUE
"ACAT1",TRUE
"GRAMD4",TRUE
"CELSR1",TRUE
"ZNF638",TRUE
"SLC25A40",TRUE
"TIMM21",TRUE
"ADD2",TRUE
"RASAL2",TRUE
"VPS9D1",TRUE
"ZNF37A",TRUE
"MARK3",TRUE
"SLC25A3",TRUE
"FNDC3B",TRUE
"FOSL2",TRUE
"FRYL",TRUE
"TMEM131",TRUE
"FSCN1",TRUE
"ACTB",TRUE
"MOCOS",TRUE
"PLD1",TRUE
"WDR62",TRUE
"DLG1",TRUE
"RAB7A",TRUE
"BCAP29",TRUE
"SEC31B",TRUE
"SART3",TRUE
"ARHGAP15",TRUE
"EXOSC7",TRUE
"KIFAP3",TRUE
"MKRN2",TRUE
"MCM6",TRUE
"REXO2",TRUE
"RBM7",TRUE
"RBMS2",TRUE
"BAZ2A",TRUE
"PTPN23",TRUE
"MLH1",TRUE
"UNG",TRUE
"FMO4",TRUE
"KLHL20",TRUE
"RGS11",TRUE
"SLC46A1",TRUE
"PLXNA2",TRUE
"SPAG5",TRUE
"ANKRD13A",TRUE
"TPD52",TRUE
"ACACB",TRUE
"TRAF4",TRUE
"PAG1",TRUE
"GPATCH1",TRUE
"ICAM3",TRUE
"NT5C2",TRUE
"MCAM",TRUE
"GPC4",TRUE
"MBNL3",TRUE
"CAMSAP3",FALSE
"RAP1GAP",TRUE
"XAB2",TRUE
"ARHGEF1",TRUE
"STXBP2",TRUE
"MAP2K7",TRUE
"NMRK2",FALSE
"DGKD",TRUE
"CTTNBP2",TRUE
"RARB",TRUE
"TOP2B",TRUE
"TM9SF3",TRUE
"NFKB2",TRUE
"UBE2T",TRUE
"PPP1R12B",TRUE
"DNAJC10",TRUE
"GTF3C1",TRUE
"IL4R",TRUE
"USP33",TRUE
"PAK3",TRUE
"DCX",FALSE
"SNRPA",TRUE
"EXOSC5",TRUE
"DYNC1I2",TRUE
"APBB1IP",TRUE
"LRCH4",TRUE
"FAM76B",TRUE
"SIRT6",TRUE
"TYR",TRUE
"POLD3",TRUE
"ACTN2",TRUE
"CAPZB",TRUE
"GPR137B",TRUE
"NAALAD2",FALSE
"JADE1",TRUE
"SLC25A43",TRUE
"UBE2A",TRUE
"FGFR1",TRUE
"SMC1B",TRUE
"FBLN1",TRUE
"ITGA8",TRUE
"CST7",TRUE
"MAP2",TRUE
"PIAS2",TRUE
"AMPH",TRUE
"ARAF",TRUE
"MCCC1",TRUE
"LAMP3",TRUE
"FAP",TRUE
"NEBL",TRUE
"ACER3",TRUE
"UBE2K",TRUE
"PIK3C3",TRUE
"N4BP2",TRUE
"TIGAR",TRUE
"TULP3",TRUE
"SYNJ2",TRUE
"ADCY2",TRUE
"PPP2R5C",TRUE
"PMS2P1",TRUE
"GNB1",TRUE
"HOXA9",TRUE
"EDN1",TRUE
"MLLT10",TRUE
"ZCWPW1",TRUE
"ADCYAP1R1",TRUE
"P2RY10",TRUE
"ITM2A",TRUE
"NRDC",TRUE
"VDAC3",TRUE
"PCM1",TRUE
"TNRC6C",TRUE
"CBFA2T2",TRUE
"ITCH",TRUE
"TP53INP2",TRUE
"SDF4",TRUE
"MYH7B",TRUE
"TP73",TRUE
"TOLLIP",TRUE
"UBE2D4",TRUE
"CLUL1",FALSE
"RUNX1T1",TRUE
"THOC1",TRUE
"FKBP7",TRUE
"OSBPL6",TRUE
"SLC1A3",TRUE
"XRCC5",TRUE
"LXN",TRUE
"SP140",TRUE
"MKNK1",TRUE
"TNS1",TRUE
"REXO1",TRUE
"SAR1A",TRUE
"CDC14A",TRUE
"RAPGEF3",TRUE
"CEACAM1",TRUE
"SENP1",TRUE
"CIC",TRUE
"LIPE",TRUE
"FDFT1",TRUE
"PAFAH1B3",TRUE
"OPHN1",TRUE
"KIF22",TRUE
"CARMIL1",TRUE
"PGM1",TRUE
"DDX1",TRUE
"DNM2",TRUE
"EPB41L2",TRUE
"RIMS1",FALSE
"MOXD1",TRUE
"STX7",TRUE
"RABL2B",TRUE
"KEAP1",TRUE
"DDX43",FALSE
"PTPRH",TRUE
"DCT",TRUE
"SLC35C2",TRUE
"CRYBG3",TRUE
"RFX3",TRUE
"RIF1",TRUE
"RAB21",TRUE
"SLC4A4",TRUE
"SMARCA2",TRUE
"RDH8",FALSE
"SESN1",TRUE
"MID2",TRUE
"COL5A3",TRUE
"SRCAP",TRUE
"PUM3",TRUE
"CPB2",FALSE
"KCNN2",TRUE
"CNOT4",TRUE
"PSEN1",TRUE
"CPOX",TRUE
"CLDND1",TRUE
"MOK",TRUE
"HSP90AA1",TRUE
"RBL1",TRUE
"DLGAP4",TRUE
"IGSF9B",TRUE
"CROCCP3",TRUE
"NDC80",TRUE
"AP4E1",TRUE
"RSBN1",TRUE
"MAGI3",TRUE
"CXCL2",TRUE
"COL4A4",TRUE
"TCF7",TRUE
"OSTM1",TRUE
"CDH7",FALSE
"IMPG2",TRUE
"PCNP",TRUE
"EXD2",TRUE
"ARG2",TRUE
"MEF2C",TRUE
"PTPRC",TRUE
"PKP1",FALSE
"UBA5",TRUE
"STK17B",TRUE
"CDC14B",TRUE
"ZNF510",TRUE
"LRP2",TRUE
"ZNF506",TRUE
"JMJD4",TRUE
"DUSP12",TRUE
"AACS",TRUE
"DELE1",TRUE
"CADPS2",TRUE
"PCDHB4",TRUE
"PCDHA6",FALSE
"PCDHGA2",TRUE
"HSPB11",TRUE
"PHLPP1",TRUE
"ATP8B1",TRUE
"IL12RB2",TRUE
"SMARCD3",TRUE
"WDR70",TRUE
"FYB1",TRUE
"MPP4",TRUE
"STRADB",TRUE
"BZW1",TRUE
"PGR",TRUE
"C1QTNF3",TRUE
"ME2",TRUE
"C5orf22",TRUE
"CCNT2",TRUE
"FAM135A",TRUE
"COL19A1",TRUE
"EPB41L3",TRUE
"COBLL1",TRUE
"DLG3",TRUE
"KCNK2",TRUE
"SERTAD4",TRUE
"TRAF5",TRUE
"MRPL22",TRUE
"GEMIN5",TRUE
"NFE2L1",TRUE
"SEMA5B",TRUE
"GSK3B",TRUE
"ITGB5",TRUE
"ERC1",TRUE
"XPO1",TRUE
"RNF13",TRUE
"TRPM3",TRUE
"PALB2",TRUE
"DOP1A",TRUE
"LYRM2",TRUE
"BCKDHB",TRUE
"KAT6A",TRUE
"TUT7",TRUE
"ULK2",TRUE
"TNPO1",TRUE
"PLOD1",TRUE
"P2RX5",TRUE
"ITGAE",TRUE
"DIS3",TRUE
"PIBF1",TRUE
"TDRD3",TRUE
"NUFIP1",TRUE
"PDS5B",TRUE
"OXCT1",TRUE
"RRAGB",TRUE
"EPYC",FALSE
"CYLD",TRUE
"SLC27A5",TRUE
"ZNF324",TRUE
"ZNF671",TRUE
"ZNF416",TRUE
"ZNF586",TRUE
"ZNF446",TRUE
"ZNF264",TRUE
"RPS5",TRUE
"FAT1",TRUE
"YTHDC1",TRUE
"CHMP2B",TRUE
"SMAP2",TRUE
"PPIE",TRUE
"ZMPSTE24",TRUE
"STARD7",TRUE
"NOA1",TRUE
"REST",TRUE
"HAL",FALSE
"SSH1",TRUE
"GSTP1",TRUE
"APLP2",TRUE
"FAM234B",TRUE
"SLCO1A2",FALSE
"WBP11",TRUE
"EIF3I",TRUE
"NKAIN1",TRUE
"COL16A1",TRUE
"TXLNA",TRUE
"APOB",TRUE
"NCOA1",TRUE
"AGBL5",TRUE
"EFR3B",TRUE
"KIF3C",TRUE
"RAB10",TRUE
"HADHA",TRUE
"MAPRE3",TRUE
"CAD",TRUE
"CD59",TRUE
"CD82",TRUE
"BCORL1",TRUE
"ATRX",TRUE
"AK6",TRUE
"FCN1",TRUE
"MYNN",TRUE
"MECOM",TRUE
"SCAMP1",TRUE
"PREP",TRUE
"HACE1",TRUE
"SEH1L",TRUE
"WDR47",TRUE
"WDFY1",TRUE
"OVGP1",TRUE
"SLC25A24",TRUE
"MAP3K4",TRUE
"PILRA",TRUE
"IGSF9",FALSE
"ABCB1",TRUE
"ZNF213",TRUE
"AKR1B1",TRUE
"CPNE3",TRUE
"RRN3",TRUE
"CTTN",TRUE
"WNT11",FALSE
"MTIF2",TRUE
"DDHD2",TRUE
"TTC39A",TRUE
"EPS15",TRUE
"ORC1",TRUE
"MGST2",TRUE
"CHERP",TRUE
"ATG16L1",TRUE
"USP40",TRUE
"POMGNT1",TRUE
"RAD54L",TRUE
"MAST2",TRUE
"DNAJA1",TRUE
"B4GALT1",TRUE
"CHMP5",TRUE
"NFX1",TRUE
"DIMT1",TRUE
"IPO11",TRUE
"FOLH1",TRUE
"EIF2AK1",TRUE
"NME8",FALSE
"EPDR1",TRUE
"SNX10",TRUE
"SEPHS1",TRUE
"MRPL28",TRUE
"ITPKC",TRUE
"CEACAM6",FALSE
"FAT2",TRUE
"RBM22",TRUE
"TMED2",TRUE
"ERO1B",TRUE
"ZFAND6",TRUE
"TXLNG",TRUE
"PPEF1",TRUE
"LAT2",TRUE
"HUWE1",TRUE
"ZW10",TRUE
"ALG9",TRUE
"MYBPC2",FALSE
"NOX4",TRUE
"ACOX3",TRUE
"MTMR2",TRUE
"PPP1R15A",TRUE
"HSD17B14",TRUE
"TRIP6",TRUE
"ACHE",TRUE
"FTL",TRUE
"SRRT",TRUE
"BAX",TRUE
"NLK",TRUE
"PIGS",TRUE
"ADAMTS2",TRUE
"ATXN7L3",TRUE
"PGS1",TRUE
"PSMC5",TRUE
"UIMC1",TRUE
"MMP2",TRUE
"LPCAT2",TRUE
"GNAO1",TRUE
"OGFOD1",TRUE
"SH3BP2",TRUE
"NOP14",TRUE
"ADD1",TRUE
"L2HGDH",TRUE
"TXNDC16",TRUE
"RTRAF",TRUE
"NID2",TRUE
"GMCL1",TRUE
"SF3B2",TRUE
"KLHL42",TRUE
"GNAS",TRUE
"DNM1L",TRUE
"PTHLH",FALSE
"PHACTR3",FALSE
"ERGIC2",TRUE
"TFAP2C",TRUE
"AURKA",TRUE
"CASS4",TRUE
"PIR",TRUE
"AAMDC",TRUE
"RFX2",TRUE
"METTL2A",TRUE
"ALG6",TRUE
"CNOT3",TRUE
"PTPN4",TRUE
"DDX18",TRUE
"KHSRP",TRUE
"GNA11",TRUE
"ASAP3",TRUE
"EDEM2",TRUE
"DNMT3B",TRUE
"REM1",FALSE
"TPX2",TRUE
"FER1L4",TRUE
"PDRG1",TRUE
"EPB41L1",TRUE
"DOCK9",TRUE
"ANKRD10",TRUE
"TGDS",TRUE
"DOCK3",TRUE
"C3orf18",TRUE
"COQ9",TRUE
"KIF9",TRUE
"ARHGAP28",TRUE
"CRLS1",TRUE
"PPP1R13B",TRUE
"ATRN",TRUE
"SMOX",TRUE
"SIGLEC1",TRUE
"FKBP1A",TRUE
"NSFL1C",TRUE
"SLC4A11",TRUE
"C20orf194",TRUE
"ZNF343",TRUE
"EBF4",TRUE
"CPXM1",TRUE
"MAVS",TRUE
"LZTS3",TRUE
"XRN2",TRUE
"KIZ",TRUE
"DYNLL1",TRUE
"TESC",FALSE
"SNX5",TRUE
"RPL6",TRUE
"SIRPG",TRUE
"MAPKAPK5",TRUE
"P2RX7",TRUE
"ESF1",TRUE
"RBBP9",TRUE
"ANAPC5",TRUE
"SLC23A2",TRUE
"SLC8B1",TRUE
"TMEM230",TRUE
"DZANK1",TRUE
"KDM2B",TRUE
"CFAP61",FALSE
"TASP1",TRUE
"OAS1",TRUE
"GCN1",TRUE
"RPLP0",TRUE
"PXN",TRUE
"KIF16B",TRUE
"TRMT6",TRUE
"PEBP1",TRUE
"TBX5",FALSE
"BRAP",TRUE
"ERP29",TRUE
"FUS",TRUE
"IGBP1",TRUE
"FXYD5",TRUE
"ZNF302",TRUE
"GRAMD1A",TRUE
"FXYD3",TRUE
"HEPH",TRUE
"CDIP1",TRUE
"CMTM1",TRUE
"KCNH4",FALSE
"GANAB",TRUE
"GMIP",TRUE
"RBM41",TRUE
"BIRC5",TRUE
"LAG3",TRUE
"MLF2",TRUE
"OTUB2",TRUE
"DDX24",TRUE
"ZBTB25",TRUE
"NECAP1",TRUE
"ARHGAP4",TRUE
"ANKRD24",TRUE
"DHX32",TRUE
"RCOR1",TRUE
"GPATCH2L",TRUE
"LTBP4",TRUE
"BLVRB",TRUE
"SLC9A1",TRUE
"SPTLC1",TRUE
"PAPOLA",TRUE
"CCNK",TRUE
"PCBP4",TRUE
"RGS1",TRUE
"YPEL3",TRUE
"MRPS33",TRUE
"NDUFB2",TRUE
"NUDC",TRUE
"MAEA",TRUE
"ICAM1",TRUE
"STRN4",TRUE
"IRAK3",TRUE
"LYZ",TRUE
"MUL1",TRUE
"TFAP4",TRUE
"PDCD7",TRUE
"SPG21",TRUE
"DNAJB11",TRUE
"P3H2",TRUE
"CHRD",TRUE
"FLT3LG",FALSE
"RAB11FIP3",TRUE
"GNPTG",TRUE
"ZNF268",TRUE
"GOLGA3",TRUE
"PABPC4",TRUE
"CD209",TRUE
"CERS4",TRUE
"MCOLN1",TRUE
"USP48",TRUE
"EFNB1",TRUE
"PDPR",TRUE
"AARS1",TRUE
"GLG1",TRUE
"KIF4A",TRUE
"TNRC6A",TRUE
"PLEKHG2",TRUE
"DLL3",TRUE
"NAT14",TRUE
"PITPNM2",TRUE
"EXOC1",TRUE
"RBM27",TRUE
"OSBPL8",TRUE
"DTX2",TRUE
"NLRC4",TRUE
"PUS7",TRUE
"LAMB4",FALSE
"NRCAM",TRUE
"LAMB1",TRUE
"SLC26A4",TRUE
"DLD",TRUE
"WDR7",TRUE
"TXNL1",TRUE
"ABCC6",FALSE
"CMTM6",TRUE
"ITGA6",TRUE
"RAPGEF4",TRUE
"MAP3K20",TRUE
"FH",TRUE
"SEL1L3",TRUE
"TF",TRUE
"CDV3",TRUE
"MYO15A",TRUE
"ALKBH5",TRUE
"NLRP1",TRUE
"PITPNM3",TRUE
"SPAG7",TRUE
"ORC6",TRUE
"ZFHX4",TRUE
"ZC3HC1",TRUE
"ESR1",TRUE
"RGS17",TRUE
"ANGPT2",TRUE
"TMEM101",TRUE
"CD200",TRUE
"CCDC80",TRUE
"PSME1",TRUE
"PPP2R3C",TRUE
"HAUS4",TRUE
"JPH4",FALSE
"MYH7",FALSE
"SLC7A8",TRUE
"OSGEP",TRUE
"SLC22A17",TRUE
"RNF31",TRUE
"SCFD1",TRUE
"G2E3",TRUE
"HECTD1",TRUE
"HNRNPC",TRUE
"RPGRIP1",FALSE
"SUPT16H",TRUE
"TOX4",TRUE
"GEMIN2",TRUE
"TGM1",FALSE
"TINF2",TRUE
"SEMA6A",TRUE
"TRPM7",TRUE
"TYRO3",TRUE
"WDR76",TRUE
"CAPN3",TRUE
"SNAP23",TRUE
"TBX15",TRUE
"PHGDH",TRUE
"COL9A3",TRUE
"EZR",TRUE
"MYL6",TRUE
"AGO1",TRUE
"CLSPN",TRUE
"RFFL",TRUE
"UNC13D",TRUE
"MFSD11",TRUE
"DPYSL2",TRUE
"TGFB2",TRUE
"GPATCH2",TRUE
"NUP50",TRUE
"CDC45",TRUE
"COMT",TRUE
"ADA2",TRUE
"ECHDC1",TRUE
"LRRFIP2",TRUE
"SEC22C",TRUE
"XYLB",TRUE
"HDAC6",TRUE
"GABRP",FALSE
"CDC6",TRUE
"UPRT",TRUE
"CDC23",TRUE
"AAAS",TRUE
"CBX5",TRUE
"FMO2",TRUE
"SUCO",TRUE
"MSH2",TRUE
"MAP3K1",TRUE
"DHPS",TRUE
"HOOK2",TRUE
"ARCN1",TRUE
"EPB41L4B",TRUE
"TMEM38B",TRUE
"PSMD5",TRUE
"PTGS1",TRUE
"NUP188",TRUE
"CRAT",TRUE
"SH2D3C",TRUE
"NANS",TRUE
"TBC1D2",TRUE
"WHRN",TRUE
"CWF19L1",TRUE
"SEMA4G",TRUE
"BTAF1",TRUE
"IKZF5",TRUE
"BLNK",TRUE
"SORBS1",TRUE
"CRTAC1",TRUE
"BAMBI",TRUE
"IL11",FALSE
"MYO3A",TRUE
"WAC",TRUE
"CREM",TRUE
"NUBP2",TRUE
"HIVEP1",TRUE
"TREM2",TRUE
"FKBP5",TRUE
"SRPK1",TRUE
"BRPF3",TRUE
"MRPS18A",TRUE
"TMEM14A",TRUE
"EFHC1",TRUE
"HSP90AB1",TRUE
"CDC5L",TRUE
"ITPR3",TRUE
"ZNF184",TRUE
"DSP",TRUE
"SIRT1",TRUE
"HNRNPH3",TRUE
"IFT74",TRUE
"JAK2",TRUE
"IL12RB1",TRUE
"ABL1",TRUE
"ACOT7",TRUE
"SH3GLB1",TRUE
"CDC7",TRUE
"SYDE2",TRUE
"PCSK5",TRUE
"SCD",TRUE
"TMED1",TRUE
"ABLIM1",TRUE
"ERMP1",TRUE
"RAB18",TRUE
"NRP1",TRUE
"HSD17B7P2",TRUE
"PRTFDC1",FALSE
"PALMD",TRUE
"TSPAN15",TRUE
"MACROH2A2",TRUE
"WASHC2A",TRUE
"MAST3",TRUE
"MZF1",TRUE
"OCEL1",TRUE
"MYO9B",TRUE
"KCNK6",TRUE
"CATSPERG",TRUE
"PSMD8",TRUE
"FBXL19",TRUE
"STX1B",TRUE
"HSD3B7",TRUE
"SETD1A",TRUE
"BCL7C",TRUE
"MAGEB2",FALSE
"CIRBP",TRUE
"ATP5F1D",TRUE
"CBARP",TRUE
"PRKY",TRUE
"HNRNPM",TRUE
"MARCHF2",TRUE
"NDUFB7",TRUE
"TECR",TRUE
"TIMM13",TRUE
"CDC34",TRUE
"MTAP",TRUE
"CEP170B",TRUE
"POLR2E",TRUE
"POLRMT",TRUE
"HCN2",TRUE
"RASSF7",TRUE
"GADD45B",TRUE
"PALM",TRUE
"MKNK2",TRUE
"ARVCF",TRUE
"TRMT2A",TRUE
"RANBP1",TRUE
"ZDHHC8",TRUE
"KLHL22",TRUE
"MED15",TRUE
"SNAP29",TRUE
"CRKL",TRUE
"LZTR1",TRUE
"MMP11",TRUE
"CECR2",TRUE
"SMARCB1",TRUE
"P2RX6",TRUE
"DERL3",TRUE
"SLC7A4",FALSE
"BCL2L13",TRUE
"DDTL",TRUE
"DDT",TRUE
"OSM",FALSE
"CABIN1",TRUE
"TBC1D10A",TRUE
"SUSD2",TRUE
"SF3A1",TRUE
"GGT5",TRUE
"RNF215",TRUE
"SEC14L2",TRUE
"SPECC1L",TRUE
"PPIL2",TRUE
"UPB1",FALSE
"YPEL1",TRUE
"SNRPD3",TRUE
"PES1",TRUE
"MAPK1",TRUE
"GGT1",TRUE
"PRODH",FALSE
"PPM1F",TRUE
"SLC35E4",TRUE
"TOP3B",TRUE
"CYTH4",TRUE
"ESS2",TRUE
"CRYBB2P1",TRUE
"MFNG",TRUE
"CARD10",TRUE
"LRP5L",TRUE
"SLC25A1",TRUE
"GRK3",TRUE
"LGALS2",FALSE
"GGA1",TRUE
"HIRA",TRUE
"SH3BP1",TRUE
"LGALS1",TRUE
"HPS4",TRUE
"PIK3IP1",TRUE
"SRRD",TRUE
"PATZ1",TRUE
"TRIOBP",TRUE
"TFIP11",TRUE
"GCAT",TRUE
"ANKRD54",TRUE
"EIF3L",TRUE
"SNU13",TRUE
"MICALL1",TRUE
"POLR2F",TRUE
"SOX10",TRUE
"CCDC134",TRUE
"DEPDC5",TRUE
"PICK1",TRUE
"TTC28",TRUE
"CENPM",TRUE
"SEPTIN3",TRUE
"TPTEP1",TRUE
"SLC5A4",TRUE
"KDELR3",TRUE
"CYP2D6",TRUE
"DDX17",TRUE
"TCF20",TRUE
"HSCB",TRUE
"CBY1",TRUE
"TOMM22",TRUE
"XBP1",TRUE
"RTCB",TRUE
"JOSD1",TRUE
"FBXO7",TRUE
"GTPBP1",TRUE
"POLDIP3",TRUE
"RAB36",TRUE
"TIMP3",TRUE
"PPP6R2",TRUE
"SBF1",TRUE
"SUN2",TRUE
"CYB5R3",TRUE
"DNAL4",TRUE
"LMF2",TRUE
"RHBDD3",TRUE
"PACSIN2",TRUE
"TTLL1",TRUE
"RASL10A",FALSE
"AP1B1",TRUE
"HMGXB4",TRUE
"TOM1",TRUE
"NEFH",TRUE
"CHKB",TRUE
"HMOX1",TRUE
"MCAT",TRUE
"THOC5",TRUE
"MCM5",TRUE
"ARSA",TRUE
"TSPO",TRUE
"RASD2",TRUE
"TTLL12",TRUE
"CBX7",TRUE
"PDGFB",TRUE
"RPL3",TRUE
"ZMAT5",TRUE
"RBFOX2",TRUE
"SYNGR1",TRUE
"TAB1",TRUE
"ASCC2",TRUE
"MTMR3",TRUE
"MIEF1",TRUE
"APOL4",TRUE
"APOL1",TRUE
"PNPLA3",TRUE
"MYH9",TRUE
"CACNA1I",FALSE
"SAMM50",TRUE
"TXN2",TRUE
"FOXRED2",TRUE
"GRAP2",TRUE
"EIF3D",TRUE
"TNRC6B",TRUE
"SGSM3",TRUE
"IFT27",TRUE
"KIAA0930",TRUE
"NCF4",TRUE
"CSF2RB",TRUE
"SLC25A17",TRUE
"FAM118A",TRUE
"KCTD17",TRUE
"ST13",TRUE
"IL2RB",TRUE
"RBX1",TRUE
"EP300",TRUE
"L3MBTL2",TRUE
"CHADL",TRUE
"RANGAP1",TRUE
"ZC3H7B",TRUE
"PHF5A",TRUE
"ACO2",TRUE
"POLR3H",TRUE
"TRMU",TRUE
"PMM1",TRUE
"DESI1",TRUE
"CERK",TRUE
"BRD1",TRUE
"ZBED4",TRUE
"MLC1",FALSE
"HDAC10",TRUE
"ABHD4",TRUE
"KHNYN",TRUE
"FKBP3",TRUE
"SDR39U1",TRUE
"GZMH",FALSE
"GZMB",TRUE
"RBM23",TRUE
"PRMT5",TRUE
"COCH",FALSE
"AP4S1",TRUE
"POLE2",TRUE
"VCPKMT",TRUE
"SOS2",TRUE
"CDKL1",TRUE
"NIN",TRUE
"PYGL",TRUE
"TRIM9",TRUE
"PSMC6",TRUE
"GNPNAT1",TRUE
"DDHD1",TRUE
"CDKN3",TRUE
"CNIH1",TRUE
"CGRRF1",TRUE
"ATP6V1D",TRUE
"PLEK2",TRUE
"PIGH",TRUE
"PSMA3",TRUE
"VTI1B",TRUE
"TIMM9",TRUE
"GSTZ1",TRUE
"KIAA0586",TRUE
"TMED8",TRUE
"SAMD15",FALSE
"AHSA1",TRUE
"DAAM1",TRUE
"SPTLC2",TRUE
"LGMN",TRUE
"ALKBH1",TRUE
"SNW1",TRUE
"ITPK1",TRUE
"DHRS7",TRUE
"PPM1A",TRUE
"SIX4",TRUE
"GALNT16",TRUE
"ASB2",TRUE
"CEP128",TRUE
"ERH",TRUE
"HIF1A",TRUE
"SUSD6",TRUE
"SRSF5",TRUE
"EIF5",TRUE
"DICER1",TRUE
"ZFYVE21",TRUE
"MTHFD1",TRUE
"TCL1A",FALSE
"ZC3H14",TRUE
"TELO2",TRUE
"PCNX1",TRUE
"GSKIP",TRUE
"VRK1",TRUE
"PSMC1",TRUE
"PAPLN",TRUE
"RPS6KA5",TRUE
"PPP4R3A",TRUE
"C14orf93",TRUE
"PSMB5",TRUE
"YY1",TRUE
"ACIN1",TRUE
"CCNB1IP1",TRUE
"TRIP11",TRUE
"APEX1",TRUE
"PABPN1",TRUE
"EFS",TRUE
"ARHGAP5",TRUE
"CINP",TRUE
"DHRS2",FALSE
"SRP54",TRUE
"CHD8",TRUE
"PCK2",TRUE
"PRORP",TRUE
"DCAF11",TRUE
"PSMA6",TRUE
"NFKBIA",TRUE
"EMC9",TRUE
"PSME2",TRUE
"BRMS1L",TRUE
"REC8",TRUE
"TM9SF1",TRUE
"SEC23A",TRUE
"GMPR2",TRUE
"PNN",TRUE
"RABGGTA",TRUE
"NFATC4",TRUE
"PLTP",TRUE
"PCIF1",TRUE
"GSS",TRUE
"MMP9",TRUE
"TRPC4AP",TRUE
"PYGB",TRUE
"ABHD12",TRUE
"PROCR",TRUE
"GINS1",TRUE
"NINL",TRUE
"CD40",TRUE
"UQCC1",TRUE
"ZMYND8",TRUE
"SGK2",TRUE
"IFT52",TRUE
"MYBL2",TRUE
"NDRG3",TRUE
"SLA2",TRUE
"RAB5IF",TRUE
"NFATC2",TRUE
"PABPC1L",TRUE
"STK4",TRUE
"SALL4",TRUE
"ADNP",TRUE
"PFDN4",TRUE
"DOK5",TRUE
"CSTF1",TRUE
"BMP7",TRUE
"RAE1",TRUE
"TPD52L2",TRUE
"DNAJC5",TRUE
"NELFCD",TRUE
"CTSZ",TRUE
"PRPF6",TRUE
"PRELID3B",TRUE
"MTG2",TRUE
"PSMA7",TRUE
"SLCO4A1",TRUE
"MRGBP",TRUE
"TCFL5",TRUE
"DIDO1",TRUE
"GID8",TRUE
"SLC17A9",TRUE
"BIRC7",TRUE
"NKAIN4",FALSE
"ARFGAP1",TRUE
"COL20A1",TRUE
"EEF1A2",FALSE
"PTK6",TRUE
"GMEB2",TRUE
"C20orf27",TRUE
"CDC25B",TRUE
"ISM1",TRUE
"RNF24",TRUE
"ARFRP1",TRUE
"NDUFAF5",TRUE
"TRIB3",TRUE
"RASSF2",TRUE
"CSNK2A1",TRUE
"RSPO4",FALSE
"CDS2",TRUE
"HM13",TRUE
"SNPH",TRUE
"SIRPB1",TRUE
"SEC23B",TRUE
"CCM2L",FALSE
"PLCB4",TRUE
"MYL9",TRUE
"HCK",TRUE
"TM9SF4",TRUE
"CRNKL1",TRUE
"POFUT1",TRUE
"SAMHD1",TRUE
"KIF3B",TRUE
"MROH8",TRUE
"NOP56",TRUE
"MANBAL",TRUE
"IDH3B",TRUE
"MAPRE1",TRUE
"JAG1",TRUE
"CDK5RAP1",TRUE
"SNTA1",TRUE
"TTI1",TRUE
"E2F1",TRUE
"RPRD1B",TRUE
"PXMP4",TRUE
"CHMP4B",TRUE
"CST3",TRUE
"ACTR5",TRUE
"WFDC2",FALSE
"AHCY",TRUE
"PPP1R16B",TRUE
"FAM83D",TRUE
"DHX35",TRUE
"DNTTIP1",TRUE
"MAP1LC3A",TRUE
"SYNDIG1",FALSE
"PIGU",TRUE
"ACOT8",TRUE
"APMAP",TRUE
"ZNF516",TRUE
"ADNP2",TRUE
"RBFA",TRUE
"USP14",TRUE
"VAPA",TRUE
"METTL4",TRUE
"LPIN2",TRUE
"SMCHD1",TRUE
"MYOM1",TRUE
"MYL12A",TRUE
"CEP76",TRUE
"ST8SIA5",FALSE
"CEP192",TRUE
"RNMT",TRUE
"SMAD7",TRUE
"LIPG",TRUE
"LAMA1",TRUE
"RNF125",TRUE
"ANKRD12",TRUE
"POLI",TRUE
"MIB1",TRUE
"RBBP8",TRUE
"RIOK3",TRUE
"CSTF2",TRUE
"MXRA5",TRUE
"PSMD10",TRUE
"ATG4A",TRUE
"STS",TRUE
"TBL1X",TRUE
"GPR143",TRUE
"PGRMC1",TRUE
"POLA1",TRUE
"MID1",TRUE
"NKAP",TRUE
"NXT2",TRUE
"MCTS2P",TRUE
"ALG13",TRUE
"PRPS2",TRUE
"TLR8",TRUE
"MOSPD1",TRUE
"AMMECR1",TRUE
"CHRDL1",TRUE
"WDR13",TRUE
"SUV39H1",TRUE
"SRPX",TRUE
"GLRA2",FALSE
"XIAP",TRUE
"STAG2",TRUE
"ATP11C",TRUE
"ABCD1",TRUE
"CCDC22",TRUE
"SYP",TRUE
"PLP2",TRUE
"BMX",FALSE
"PLS3",TRUE
"NAA10",TRUE
"RENBP",TRUE
"ELF4",TRUE
"SMARCA1",TRUE
"MTMR8",TRUE
"ASB9",TRUE
"ZC3H12B",FALSE
"RBBP7",TRUE
"KCND1",TRUE
"SLC25A14",TRUE
"FMR1",TRUE
"PIM2",TRUE
"SCML2",TRUE
"SLC35A2",TRUE
"PQBP1",TRUE
"PCSK1N",FALSE
"EMD",TRUE
"TAZ",TRUE
"PGK1",TRUE
"MAGT1",TRUE
"SMS",TRUE
"PHEX",TRUE
"UBL4A",TRUE
"CD99L2",TRUE
"EEA1",TRUE
"RP2",TRUE
"JADE3",TRUE
"CDK16",TRUE
"USP11",TRUE
"PCYT1B",TRUE
"HTATSF1",TRUE
"CD40LG",FALSE
"TIMP1",TRUE
"KLHL4",FALSE
"GABRE",TRUE
"PCDH11X",FALSE
"FGD1",TRUE
"PIN4",TRUE
"PORCN",TRUE
"ITIH6",TRUE
"MAGED2",TRUE
"RBM3",TRUE
"KLF8",TRUE
"SRPX2",TRUE
"SYTL4",TRUE
"ZDHHC15",FALSE
"CENPI",TRUE
"DRP2",TRUE
"TAF7L",FALSE
"PBDC1",TRUE
"GLA",TRUE
"ARMCX3",TRUE
"BEX4",TRUE
"RUBCNL",TRUE
"NALCN",TRUE
"FGF14",FALSE
"NDFIP2",TRUE
"TNFSF13B",TRUE
"FNDC3A",TRUE
"CDADC1",TRUE
"CAB39L",TRUE
"KLF5",TRUE
"STK24",TRUE
"ACP5",TRUE
"DNAJC3",TRUE
"UGGT2",TRUE
"ARHGEF7",TRUE
"PARP4",TRUE
"SUPT20H",TRUE
"MRPS31",TRUE
"SLC25A15",TRUE
"KPNA3",TRUE
"FLT1",TRUE
"RGCC",TRUE
"VWA8",TRUE
"DGKH",TRUE
"KATNAL1",TRUE
"INTS6",TRUE
"DHRS12",TRUE
"MEDAG",TRUE
"TSC22D1",TRUE
"CLN5",TRUE
"MGRN1",TRUE
"TRADD",TRUE
"HSF4",TRUE
"CORO1A",TRUE
"MAPK3",TRUE
"GDPD3",TRUE
"ELMO3",TRUE
"PHKB",TRUE
"LYRM1",TRUE
"NUTF2",TRUE
"NUP93",TRUE
"CENPT",TRUE
"TSNAXIP1",FALSE
"NFAT5",TRUE
"LONP2",TRUE
"N4BP1",TRUE
"CBLN1",FALSE
"ARL2BP",TRUE
"PLLP",FALSE
"ZNF423",TRUE
"CCL22",FALSE
"DHODH",TRUE
"CTCF",TRUE
"ACD",TRUE
"POLR2C",TRUE
"ZNF821",TRUE
"MMP15",TRUE
"USB1",TRUE
"CYB5B",TRUE
"CCDC113",TRUE
"NME3",TRUE
"NDRG4",TRUE
"PSMD7",TRUE
"SETD6",TRUE
"SLC38A7",TRUE
"VAC14",TRUE
"HAS3",TRUE
"TANGO6",TRUE
"COG4",TRUE
"SMPD3",TRUE
"SLC7A6OS",TRUE
"SLC7A6",TRUE
"PLA2G15",TRUE
"ESRP2",FALSE
"WDR59",TRUE
"MON1B",TRUE
"CMC2",TRUE
"AXIN1",TRUE
"HCFC1R1",TRUE
"NPRL3",TRUE
"MLYCD",TRUE
"MPG",TRUE
"NECAB2",FALSE
"HSDL1",TRUE
"TAF1C",TRUE
"NAGPA",TRUE
"WFDC1",TRUE
"SEC14L5",FALSE
"COTL1",TRUE
"USP10",TRUE
"CRISPLD2",TRUE
"TSC2",TRUE
"ZNF500",TRUE
"NME4",TRUE
"ABCC1",TRUE
"NOMO3",TRUE
"LMF1",TRUE
"FOXF1",TRUE
"CIAO3",TRUE
"MTHFSD",TRUE
"CLCN7",TRUE
"HAGHL",TRUE
"ANTKMT",TRUE
"SLC7A5",TRUE
"METRN",TRUE
"FBXO31",TRUE
"STUB1",TRUE
"RHBDL1",FALSE
"NUBP1",TRUE
"UBE2I",TRUE
"MEFV",TRUE
"CRYM",FALSE
"EEF2K",TRUE
"CAPN15",TRUE
"PIEZO1",TRUE
"GSPT1",TRUE
"ZNF174",TRUE
"CLUAP1",TRUE
"UBFD1",TRUE
"PRSS33",FALSE
"EARS2",TRUE
"ELOB",TRUE
"GGA2",TRUE
"CPPED1",TRUE
"USP31",TRUE
"HMOX2",TRUE
"DNAJA3",TRUE
"BFAR",TRUE
"SALL1",TRUE
"TOX3",FALSE
"RRN3P2",FALSE
"RBL2",TRUE
"QPRT",TRUE
"XYLT1",TRUE
"PYCARD",TRUE
"RPGRIP1L",TRUE
"MAZ",TRUE
"STX4",TRUE
"CDIPT",TRUE
"BCKDK",TRUE
"KAT8",TRUE
"NOMO1",TRUE
"IL21R",TRUE
"SYT17",TRUE
"TMC5",FALSE
"CCP110",TRUE
"VPS35L",TRUE
"RNF40",TRUE
"KNOP1",TRUE
"AQP9",TRUE
"AAGAB",TRUE
"IQCH",TRUE
"LACTB",TRUE
"CORO2B",TRUE
"CSK",TRUE
"HERC1",TRUE
"TRIP4",TRUE
"MTFMT",TRUE
"RASL12",TRUE
"AP3B2",TRUE
"ACSBG1",TRUE
"IGDCC4",TRUE
"RAB11A",TRUE
"CTSH",TRUE
"TTC23",TRUE
"CD276",TRUE
"FAH",TRUE
"CEMIP",TRUE
"RPAP1",TRUE
"HOMER2",TRUE
"EHD4",TRUE
"TMEM87A",TRUE
"ZNF106",TRUE
"CEP152",TRUE
"ATP8B4",TRUE
"OCA2",TRUE
"DTWD1",TRUE
"FAM189A1",FALSE
"GABPB1",TRUE
"TJP1",TRUE
"BMF",TRUE
"DMXL2",TRUE
"SCG3",FALSE
"DNAJC17",TRUE
"EIF3J",TRUE
"SPG11",TRUE
"VPS18",TRUE
"OIP5",TRUE
"SLC30A4",TRUE
"BLOC1S6",TRUE
"MYEF2",TRUE
"SGK3",TRUE
"PDGFRL",FALSE
"CSPP1",TRUE
"ZDHHC2",TRUE
"BRF2",TRUE
"TRIM35",TRUE
"ZFAND1",TRUE
"RP1",FALSE
"CA2",TRUE
"FZD3",TRUE
"INTS9",TRUE
"RIPK2",TRUE
"EYA1",TRUE
"NBN",TRUE
"TRPA1",FALSE
"CPQ",TRUE
"DECR1",TRUE
"IMPAD1",TRUE
"SFRP1",TRUE
"LAPTM4B",TRUE
"UBE2W",TRUE
"POP1",TRUE
"NIPAL2",TRUE
"IKBKB",TRUE
"PLAT",TRUE
"JPH1",TRUE
"STK3",TRUE
"GDAP1",TRUE
"RAB2A",TRUE
"EIF3E",TRUE
"EMC2",TRUE
"ESRP1",TRUE
"CCN4",TRUE
"NDRG1",TRUE
"ZC2HC1A",TRUE
"IL7",TRUE
"STMN2",FALSE
"ARMC1",TRUE
"TRPS1",TRUE
"SPAG1",TRUE
"CHRAC1",TRUE
"NCALD",TRUE
"SNX16",TRUE
"UBR5",TRUE
"GSDMD",TRUE
"TSTA3",TRUE
"PYCR3",TRUE
"EEF1D",TRUE
"SQLE",TRUE
"SH2D4A",TRUE
"INTS10",TRUE
"ERI1",TRUE
"SLC39A14",TRUE
"MTMR9",TRUE
"LEPROTL1",TRUE
"DCTN6",TRUE
"R3HCC1",TRUE
"GSR",TRUE
"TNFRSF10A",TRUE
"UBXN8",TRUE
"PPP2CB",TRUE
"ERICH1",TRUE
"TUSC3",TRUE
"ARHGEF10",TRUE
"KLHDC4",TRUE
"MCM4",TRUE
"KCTD9",TRUE
"ASAH1",TRUE
"BNIP3L",TRUE
"MAN2B1",TRUE
"KCNN4",TRUE
"NUCB1",TRUE
"GYS1",TRUE
"MAP4K1",TRUE
"ECH1",TRUE
"HNRNPL",TRUE
"NFKBIB",TRUE
"TUBB4A",TRUE
"SARS2",TRUE
"SNRNP70",TRUE
"CLPTM1",TRUE
"RELB",TRUE
"CLASRP",TRUE
"LIN7B",TRUE
"PPP1R37",TRUE
"FCGRT",TRUE
"PIH1D1",TRUE
"ARHGEF18",TRUE
"PPP1R13L",TRUE
"PEX11G",FALSE
"ERCC2",TRUE
"DOT1L",TRUE
"PLEKHJ1",TRUE
"SLC17A7",FALSE
"RNASEH2A",TRUE
"CD37",TRUE
"SF3A2",TRUE
"AMH",TRUE
"LYL1",TRUE
"OAZ1",TRUE
"TRMT1",TRUE
"STX10",TRUE
"DMPK",TRUE
"TBC1D17",TRUE
"IL4I1",TRUE
"TLE6",FALSE
"CCDC130",TRUE
"PTOV1",TRUE
"TLE5",TRUE
"NOVA2",TRUE
"SGTA",TRUE
"LILRB1",TRUE
"MED25",TRUE
"LILRA1",FALSE
"SNAPC2",TRUE
"C19orf53",TRUE
"TIMM44",TRUE
"CCDC61",TRUE
"IL27RA",TRUE
"ASF1B",TRUE
"TNNT1",FALSE
"VRK3",TRUE
"FAM32A",TRUE
"PPP6R1",TRUE
"C19orf44",TRUE
"MED26",TRUE
"OLFM2",TRUE
"RASAL3",TRUE
"AKAP8",TRUE
"ILVBL",TRUE
"ZNF419",TRUE
"SYDE1",TRUE
"AURKC",FALSE
"POP4",TRUE
"CCNE1",TRUE
"URI1",TRUE
"PDCD5",TRUE
"ANKRD27",TRUE
"RPS16",TRUE
"TIMM50",TRUE
"FBL",TRUE
"DYRK1B",TRUE
"GPI",TRUE
"AKT2",TRUE
"PLD3",TRUE
"PRX",TRUE
"PIAS4",TRUE
"NUMBL",TRUE
"EBI3",FALSE
"YJU2",TRUE
"TBCB",TRUE
"FSD1",FALSE
"POLR2I",TRUE
"CLIP3",TRUE
"SLC1A5",TRUE
"PRKD2",TRUE
"APLP1",FALSE
"CACTIN",TRUE
"CCDC9",TRUE
"HNRNPUL1",TRUE
"FZR1",TRUE
"BBC3",TRUE
"TGFB1",TRUE
"DENND3",TRUE
"DMAC2",TRUE
"PLIN3",TRUE
"MYH14",TRUE
"MRPL4",TRUE
"SIGLEC8",TRUE
"CD79A",TRUE
"ICAM4",FALSE
"RPS19",TRUE
"NOP53",TRUE
"NKG7",TRUE
"ICAM5",TRUE
"ETFB",TRUE
"CD33",TRUE
"BABAM1",TRUE
"TYK2",TRUE
"CDC37",TRUE
"NAPA",TRUE
"RABAC1",TRUE
"ATP1A3",FALSE
"MEIS3",TRUE
"PTPRS",TRUE
"MEGF8",TRUE
"KDELR1",TRUE
"CYTH2",TRUE
"GRWD1",TRUE
"GRIN2D",TRUE
"CLEC11A",TRUE
"CARD8",TRUE
"LIG1",TRUE
"ZNF175",TRUE
"PLA2G4C",TRUE
"RAB3D",TRUE
"DBP",TRUE
"TMEM205",TRUE
"CAPS",TRUE
"PLPPR2",TRUE
"RASIP1",TRUE
"BCAT2",TRUE
"MIER2",TRUE
"PLEKHA4",TRUE
"PPP2R1A",TRUE
"TNPO2",TRUE
"WDR83OS",TRUE
"GCDH",TRUE
"LILRB5",TRUE
"DNASE2",TRUE
"MAST1",FALSE
"LENG1",TRUE
"PRPF31",TRUE
"TFPT",TRUE
"JAK3",TRUE
"RPL18A",TRUE
"ARRDC2",TRUE
"RAB3A",TRUE
"PDE4C",TRUE
"ISYNA1",TRUE
"ELL",TRUE
"CRTC1",TRUE
"COMP",TRUE
"COPE",TRUE
"DDX49",TRUE
"ARMC6",TRUE
"TMEM147",TRUE
"GAPDHS",TRUE
"HAMP",FALSE
"USF2",TRUE
"LSR",TRUE
"KXD1",TRUE
"FKBP8",TRUE
"SUGP1",TRUE
"HPN",TRUE
"ZNF14",TRUE
"SCN1B",TRUE
"PBX4",TRUE
"ERF",TRUE
"GSK3A",TRUE
"ATP13A1",TRUE
"ZNF574",TRUE
"SIPA1L3",TRUE
"ZNF85",TRUE
"ETHE1",TRUE
"CADM4",TRUE
"SMG9",TRUE
"AVL9",TRUE
"CFAP69",TRUE
"GTPBP10",TRUE
"RASA4",TRUE
"CDK6",TRUE
"PMPCB",TRUE
"DNAJC2",TRUE
"TFPI2",TRUE
"BET1",TRUE
"NAMPT",TRUE
"TWISTNB",TRUE
"PIK3CG",TRUE
"PON3",FALSE
"PON2",TRUE
"ITGB8",TRUE
"HBP1",TRUE
"DUS4L",TRUE
"SP4",TRUE
"WDR91",TRUE
"DNAH11",TRUE
"CBLL1",TRUE
"DLX5",FALSE
"MTPN",TRUE
"STEAP1B",TRUE
"PTN",TRUE
"MPP6",TRUE
"GSDME",TRUE
"ATP6V0A4",FALSE
"ZC3HAV1",TRUE
"TTC26",TRUE
"OGDH",TRUE
"ADAP1",TRUE
"TFEC",TRUE
"H2AZ2",TRUE
"CAV2",TRUE
"CAV1",TRUE
"MET",TRUE
"RNF32",FALSE
"LMBR1",TRUE
"WNT2",TRUE
"HOXA1",TRUE
"DNAJB6",TRUE
"HOXA2",TRUE
"HOXA3",TRUE
"LFNG",TRUE
"HOXA5",TRUE
"HOXA6",TRUE
"BRAT1",TRUE
"IQCE",TRUE
"ANKRD7",TRUE
"TSPAN12",TRUE
"SSBP1",TRUE
"HOXA13",TRUE
"CPED1",TRUE
"HIBADH",TRUE
"TAX1BP1",TRUE
"CPVL",TRUE
"CHN2",TRUE
"GRB10",TRUE
"ABHD11",TRUE
"COBL",TRUE
"FKBP14",TRUE
"PLEKHA8",TRUE
"STX1A",TRUE
"NOD1",TRUE
"GARS1",TRUE
"EPHB6",TRUE
"MINDY4",TRUE
"NSUN5P2",TRUE
"CASP2",TRUE
"CHCHD2",TRUE
"HSPB1",TRUE
"NPTX2",FALSE
"PDAP1",TRUE
"BUD31",TRUE
"PTCD1",TRUE
"CYP3A5",FALSE
"ZKSCAN1",TRUE
"EIF3B",TRUE
"SNX8",TRUE
"NUDT1",TRUE
"PTPRZ1",TRUE
"TAF6",TRUE
"WASL",TRUE
"AIMP2",TRUE
"TFR2",FALSE
"MOSPD3",TRUE
"PCOLCE",TRUE
"RBM28",TRUE
"USP42",TRUE
"IMPDH1",TRUE
"AGFG2",TRUE
"LSM5",TRUE
"SERPINE1",TRUE
"AP1S1",TRUE
"C1GALT1",TRUE
"PLOD3",TRUE
"RPA3",TRUE
"ZNHIT1",TRUE
"CLDN15",TRUE
"GLCCI1",TRUE
"PHF14",TRUE
"NRF1",TRUE
"TMEM106B",TRUE
"EZH2",TRUE
"CEP41",TRUE
"ZNF862",TRUE
"SFRP4",TRUE
"MEST",TRUE
"MEOX2",TRUE
"ANKMY2",TRUE
"ACTR3C",TRUE
"POU6F2",FALSE
"TSPAN13",TRUE
"RARRES2",TRUE
"AHR",TRUE
"CHCHD3",TRUE
"GIMAP2",TRUE
"TMEM176B",TRUE
"GLI3",TRUE
"PSMA2",TRUE
"MRPL32",TRUE
"COA1",TRUE
"BLVRA",TRUE
"URGCP",TRUE
"TMEM248",TRUE
"STAG3L4",TRUE
"RHEB",TRUE
"PRKAG2",TRUE
"AEBP1",TRUE
"POLD2",TRUE
"BCL7B",TRUE
"YKT6",TRUE
"TBL2",TRUE
"CLIP2",TRUE
"EIF4H",TRUE
"LIMK1",TRUE
"SPATA6L",TRUE
"SLC1A1",TRUE
"LHX2",TRUE
"FKTN",TRUE
"FSD1L",TRUE
"CNTNAP3",TRUE
"SPIN1",TRUE
"NMRK1",TRUE
"TMEM245",TRUE
"PRUNE2",TRUE
"MEGF9",TRUE
"TRIM14",TRUE
"CORO2A",TRUE
"TGFBR1",TRUE
"SEC61B",TRUE
"C5",TRUE
"OGN",TRUE
"ASPN",TRUE
"ECM2",TRUE
"TLE4",TRUE
"LHX6",TRUE
"PTGR1",TRUE
"SUSD1",TRUE
"AKNA",TRUE
"TNFSF8",TRUE
"DNM1",TRUE
"ENG",TRUE
"AK1",TRUE
"CDC37L1",TRUE
"PLGRKT",TRUE
"TBC1D13",TRUE
"RIC1",TRUE
"KDM4C",TRUE
"DOCK8",TRUE
"KANK1",TRUE
"NCS1",TRUE
"TESK1",TRUE
"FUBP3",TRUE
"TYRP1",TRUE
"CREB3",TRUE
"RGP1",TRUE
"MPDZ",TRUE
"DDX58",TRUE
"EDF1",TRUE
"PIP5K1B",TRUE
"GLIS3",TRUE
"BAG1",TRUE
"RAPGEF1",TRUE
"NPDC1",TRUE
"APBA1",TRUE
"SETX",TRUE
"SH3GL2",FALSE
"PTGDS",TRUE
"ABCA2",TRUE
"SHB",TRUE
"UBE2R2",TRUE
"ABHD17B",TRUE
"EXOSC3",TRUE
"ZFAND5",TRUE
"DVL1",TRUE
"PDLIM1",TRUE
"CCNJ",TRUE
"GATA3",TRUE
"ATRNL1",TRUE
"HPS1",TRUE
"PHYH",TRUE
"RASSF4",TRUE
"DNMBP",TRUE
"RAB11FIP2",TRUE
"CXCL12",TRUE
"ERLIN1",TRUE
"EIF3A",TRUE
"PKD2L1",FALSE
"CUBN",TRUE
"TRDMT1",TRUE
"DDX50",TRUE
"MAPK8",TRUE
"SEC23IP",TRUE
"ATE1",TRUE
"NSMCE4A",TRUE
"PLEKHA1",TRUE
"PALD1",TRUE
"UNC5B",TRUE
"CDH23",TRUE
"VSIR",TRUE
"SPOCK2",TRUE
"MICU1",TRUE
"PPP3CB",TRUE
"CCSER2",TRUE
"BMPR1A",TRUE
"MINPP1",TRUE
"ACTA2",TRUE
"LIPA",TRUE
"TWNK",TRUE
"LZTS2",TRUE
"SFXN3",TRUE
"KAZALD1",TRUE
"FBXW4",TRUE
"NPM3",TRUE
"TNKS2",TRUE
"GBF1",TRUE
"ARHGAP21",TRUE
"CPEB3",TRUE
"FBXL15",TRUE
"CUEDC2",TRUE
"SUFU",TRUE
"ANKRD26",TRUE
"ACBD5",TRUE
"LHPP",TRUE
"LARP4B",TRUE
"GTPBP4",TRUE
"EDRF1",TRUE
"BCCIP",TRUE
"MTPAP",TRUE
"NEURL1",FALSE
"SH3PXD2A",TRUE
"PITRM1",TRUE
"STN1",TRUE
"MAP3K8",TRUE
"DKK1",FALSE
"EBF3",TRUE
"GLRX3",TRUE
"SORCS1",TRUE
"TASOR2",TRUE
"XPNPEP1",TRUE
"SMC3",TRUE
"SHOC2",TRUE
"TFAM",TRUE
"CCDC6",TRUE
"CUL2",TRUE
"CCNY",TRUE
"UBE2S",TRUE
"RPL28",TRUE
"ZMIZ1",TRUE
"DNAJC12",FALSE
"PPIF",TRUE
"PBLD",TRUE
"TSPAN14",TRUE
"TBC1D12",TRUE
"NUFIP2",TRUE
"GIT1",TRUE
"RPL19",TRUE
"FBXL20",TRUE
"RUNDC3A",FALSE
"UBTF",TRUE
"PSMD3",TRUE
"CASC3",TRUE
"RAPGEFL1",TRUE
"RGS9",TRUE
"RNF43",TRUE
"WNT3",TRUE
"ASPA",TRUE
"RAD51C",TRUE
"SEPTIN4",TRUE
"MTMR4",TRUE
"TRIM37",TRUE
"P2RX1",TRUE
"DHX40",TRUE
"TUBD1",TRUE
"KPNB1",TRUE
"GOSR2",TRUE
"PNPO",TRUE
"RPS6KB1",TRUE
"TRIM16L",TRUE
"CDK5RAP3",TRUE
"CBX1",TRUE
"RECQL5",TRUE
"PIGL",TRUE
"GALK1",TRUE
"INTS2",TRUE
"CAMTA2",TRUE
"MED13",TRUE
"HOXB6",TRUE
"ENO3",TRUE
"PFN1",TRUE
"RNF167",TRUE
"SLC25A11",TRUE
"RASD1",FALSE
"CHRNE",TRUE
"RAI1",TRUE
"NUP88",TRUE
"C1QBP",TRUE
"BLMH",TRUE
"CPD",TRUE
"GOSR1",TRUE
"CCDC47",TRUE
"MED31",TRUE
"DRG2",TRUE
"FTSJ3",TRUE
"AKAP10",TRUE
"SMARCD2",TRUE
"ICAM2",TRUE
"SYNGR2",TRUE
"B9D1",TRUE
"UTP6",TRUE
"DDX5",TRUE
"C17orf75",TRUE
"CYTH1",TRUE
"PSMD11",TRUE
"LGALS3BP",TRUE
"CCL2",TRUE
"CCL8",TRUE
"PEX12",TRUE
"DHX58",TRUE
"KAT2A",TRUE
"RAB5C",TRUE
"NAGLU",TRUE
"HSD17B1",TRUE
"MLX",TRUE
"CNTNAP1",TRUE
"ABI3",TRUE
"EZH1",TRUE
"PPP1R9B",TRUE
"COL1A1",TRUE
"MRPL27",TRUE
"VAT1",TRUE
"LRRC59",TRUE
"RND2",TRUE
"HDAC5",TRUE
"ABCC3",TRUE
"LUC7L3",TRUE
"MPP2",TRUE
"SMURF2",TRUE
"DUSP3",TRUE
"EFTUD2",TRUE
"HLF",TRUE
"SLC16A6",TRUE
"PRKAR1A",TRUE
"EFNB3",TRUE
"FAM20A",TRUE
"YWHAE",TRUE
"MMD",TRUE
"RANGRF",TRUE
"DPH1",TRUE
"MAP2K6",TRUE
"DHRS7B",TRUE
"WSB1",TRUE
"SLC9A3R1",TRUE
"MYH3",TRUE
"NAT9",TRUE
"TMEM104",TRUE
"TNFAIP1",TRUE
"IFT20",TRUE
"TMEM97",TRUE
"CDR2L",TRUE
"PMP22",TRUE
"UNC119",TRUE
"ALDOC",TRUE
"SUPT6H",TRUE
"RAB34",TRUE
"PHF12",TRUE
"TMEM33",TRUE
"SLAIN2",TRUE
"OCIAD1",TRUE
"DCUN1D4",TRUE
"USP46",TRUE
"CHIC2",TRUE
"CRACD",TRUE
"LAMTOR3",TRUE
"NFKB1",TRUE
"AREG",FALSE
"MANBA",TRUE
"UBE2D3",TRUE
"MAPK10",TRUE
"ELF2",TRUE
"NDUFC1",TRUE
"TBC1D9",TRUE
"ZNF330",TRUE
"INPP4B",TRUE
"GAB1",TRUE
"KLHL2",TRUE
"CPE",TRUE
"RPL34",TRUE
"WFS1",TRUE
"GRPEL1",TRUE
"GAR1",TRUE
"FRG1",TRUE
"CLCN3",TRUE
"AADAT",TRUE
"GALNT7",TRUE
"DHX15",TRUE
"SOD3",TRUE
"SEPSECS",TRUE
"TRIM2",TRUE
"SLC2A9",TRUE
"FBXW7",TRUE
"NEIL3",TRUE
"TBC1D19",TRUE
"CLNK",TRUE
"NSD2",TRUE
"SH3D19",TRUE
"STIM2",TRUE
"NKX3-2",FALSE
"MFSD10",TRUE
"GLRB",FALSE
"BST1",TRUE
"RAPGEF2",TRUE
"SNX25",TRUE
"LRP2BP",TRUE
"UFSP2",TRUE
"KLF3",TRUE
"KLHL5",TRUE
"FAM149A",TRUE
"NCAPG",TRUE
"UGDH",TRUE
"PPARGC1A",TRUE
"DDX25",FALSE
"CRYAB",TRUE
"HTATIP2",TRUE
"CTSC",TRUE
"CCDC34",TRUE
"ZBTB16",TRUE
"ELP4",TRUE
"ZPR1",TRUE
"MTCH2",TRUE
"FNBP4",TRUE
"TECTA",TRUE
"SC5D",TRUE
"CRTAM",TRUE
"JHY",TRUE
"B3GAT1",TRUE
"HSPA8",TRUE
"VWA5A",TRUE
"DNAJC4",TRUE
"SIAE",TRUE
"SNX15",TRUE
"LPXN",TRUE
"DTX4",TRUE
"ATG2A",TRUE
"EHD1",TRUE
"OSBP",TRUE
"UNC93B1",TRUE
"PUS3",TRUE
"DCPS",TRUE
"KMT5B",TRUE
"FOXRED1",TRUE
"PPP6R3",TRUE
"NRXN2",TRUE
"MS4A6A",TRUE
"MS4A4A",TRUE
"ST3GAL4",TRUE
"CPT1A",TRUE
"CCND1",TRUE
"CCDC86",TRUE
"PRPF19",TRUE
"TMEM109",TRUE
"HPX",TRUE
"TRIM3",TRUE
"CHORDC1",TRUE
"ANAPC15",TRUE
"PANX1",TRUE
"ARHGEF17",TRUE
"CEP164",TRUE
"RNF141",TRUE
"CEP126",TRUE
"EIF4G2",TRUE
"IL10RA",TRUE
"GALNT18",TRUE
"BIRC2",TRUE
"UBE4A",TRUE
"DDX6",TRUE
"CBL",TRUE
"NECTIN1",TRUE
"HIPK3",TRUE
"KIAA1549L",TRUE
"FBXO3",TRUE
"PDHX",TRUE
"SLC1A2",FALSE
"COMMD9",TRUE
"SLC15A3",TRUE
"CD5",TRUE
"ACCS",TRUE
"MDK",TRUE
"AMBRA1",TRUE
"MADD",TRUE
"PTPMT1",TRUE
"NAA40",TRUE
"CARS1",TRUE
"SLC22A18",TRUE
"CD81",TRUE
"SLC35F2",TRUE
"C11orf21",TRUE
"SOX6",TRUE
"C11orf58",TRUE
"PITPNM1",TRUE
"RPS13",TRUE
"AIP",TRUE
"NUP98",TRUE
"NDUFS8",TRUE
"TCIRG1",TRUE
"CHKA",TRUE
"EXPH5",TRUE
"HPS5",TRUE
"GTF2H1",TRUE
"POU2AF1",TRUE
"VWF",TRUE
"PSMD9",TRUE
"P3H3",TRUE
"PPFIBP1",TRUE
"PRPF40B",TRUE
"CD69",TRUE
"PRDM4",TRUE
"CLEC2B",TRUE
"COQ5",TRUE
"SELPLG",TRUE
"CORO1C",TRUE
"ASIC1",TRUE
"CAPRIN2",TRUE
"TSPAN11",TRUE
"KCTD10",TRUE
"SLC11A2",TRUE
"MLEC",TRUE
"MVK",TRUE
"CSRNP2",TRUE
"CAMKK2",TRUE
"BIN2",TRUE
"ATP5F1B",TRUE
"PTGES3",TRUE
"BCL7A",TRUE
"RSRC2",TRUE
"CYP27B1",TRUE
"LIN7A",TRUE
"KRT18",TRUE
"ACSS3",TRUE
"TNS2",TRUE
"GLI1",FALSE
"PPM1H",TRUE
"METAP2",TRUE
"LTA4H",TRUE
"ELK3",TRUE
"SLC6A12",TRUE
"WNT5B",TRUE
"MAGOHB",TRUE
"TRPV4",TRUE
"ITFG2",TRUE
"FOXM1",TRUE
"PRR4",TRUE
"PARP11",TRUE
"ARPC3",TRUE
"GPN3",TRUE
"VPS29",TRUE
"RAD51AP1",TRUE
"CUX2",FALSE
"SH2B3",TRUE
"MANSC1",TRUE
"DUSP16",TRUE
"CREBL2",TRUE
"ACAD10",TRUE
"ALDH2",TRUE
"CDKN1B",TRUE
"NAA25",TRUE
"SCNN1A",FALSE
"LTBR",TRUE
"OGFOD2",TRUE
"CDK2AP1",TRUE
"OAS3",TRUE
"OAS2",TRUE
"ART4",FALSE
"MGP",TRUE
"RASAL1",FALSE
"ARHGDIB",TRUE
"GTF2H3",TRUE
"EIF2B1",TRUE
"DDX55",TRUE
"SLC38A1",TRUE
"C12orf49",TRUE
"VDR",TRUE
"RFC5",TRUE
"STX2",TRUE
"ADGRD1",TRUE
"COPZ1",TRUE
"TBC1D30",TRUE
"CAND1",TRUE
"IFNG",FALSE
"RAB5B",TRUE
"MDM1",TRUE
"NUP107",TRUE
"CNOT2",TRUE
"TIMELESS",TRUE
"CPSF6",TRUE
"KRR1",TRUE
"MRPL51",TRUE
"GAPDH",TRUE
"NOP2",TRUE
"CHD4",TRUE
"ACRBP",TRUE
"UHRF1BP1L",TRUE
"COPS7A",TRUE
"ING4",TRUE
"GNB3",TRUE
"CDCA3",TRUE
"CHPT1",TRUE
"USP5",TRUE
"TPI1",TRUE
"GNPTAB",TRUE
"SPSB2",TRUE
"ENO2",TRUE
"ATN1",TRUE
"C12orf57",TRUE
"PTPN6",TRUE
"LPCAT3",TRUE
"NT5DC3",TRUE
"SUDS3",TRUE
"GOLT1B",TRUE
"LDHB",TRUE
"PRKAB1",TRUE
"CMAS",TRUE
"HCFC2",TRUE
"ST8SIA1",TRUE
"C2CD5",TRUE
"RAB35",TRUE
"PHC1",TRUE
"COX6A1",TRUE
"RIC8B",TRUE
"SRSF9",TRUE
"FGFR1OP2",TRUE
"KLRB1",FALSE
"COL12A1",TRUE
"BTN3A3",TRUE
"TDP2",TRUE
"FRK",TRUE
"DSE",TRUE
"RWDD1",TRUE
"RSPH4A",FALSE
"TMEM14C",TRUE
"PAK1IP1",TRUE
"GCNT2",TRUE
"SMIM8",TRUE
"NEDD9",TRUE
"CEP85L",TRUE
"ADTRP",TRUE
"ASF1A",TRUE
"MCM9",TRUE
"FAM184A",TRUE
"RNGTT",TRUE
"MAN1A1",TRUE
"GABRR2",TRUE
"SERINC1",TRUE
"HDDC2",TRUE
"TPD52L1",TRUE
"HINT3",TRUE
"NCOA7",TRUE
"RIPOR2",TRUE
"SASH1",TRUE
"UST",TRUE
"FBXO5",TRUE
"MTRF1L",TRUE
"PPARD",TRUE
"FANCE",TRUE
"MAPK14",TRUE
"KCTD20",TRUE
"STK38",TRUE
"SRSF3",TRUE
"SOD2",TRUE
"MRPL18",TRUE
"MCM3",TRUE
"RNF8",TRUE
"PHACTR1",TRUE
"MDGA1",TRUE
"ICK",TRUE
"FBXO9",TRUE
"CD83",TRUE
"MDN1",TRUE
"SAYSD1",TRUE
"BMP5",FALSE
"BACH2",TRUE
"CAP2",TRUE
"ZNF451",TRUE
"BAG2",TRUE
"RAB23",TRUE
"FHL5",FALSE
"GPR63",TRUE
"FBXL4",TRUE
"CCNC",TRUE
"E2F3",TRUE
"PTP4A1",TRUE
"ASCC3",TRUE
"BVES",TRUE
"COL9A1",TRUE
"MED23",TRUE
"WASF1",TRUE
"GPLD1",TRUE
"ALDH5A1",TRUE
"CRYBG1",TRUE
"VNN1",TRUE
"VNN2",TRUE
"ACOT13",TRUE
"SMAP1",TRUE
"RPS12",TRUE
"C6orf62",TRUE
"GMNN",TRUE
"EYA4",TRUE
"SOBP",TRUE
"SNX3",TRUE
"HBS1L",TRUE
"TRIM38",TRUE
"PEX7",TRUE
"ZBTB24",TRUE
"FIG4",TRUE
"PERP",TRUE
"ARFGEF3",TRUE
"SLC16A10",TRUE
"HECA",TRUE
"ADGRG6",TRUE
"PHACTR2",TRUE
"EPM2A",TRUE
"SLC39A7",TRUE
"PHF1",TRUE
"CUTA",TRUE
"QKI",TRUE
"PDE10A",TRUE
"MDFI",TRUE
"TFEB",TRUE
"SMOC2",TRUE
"CCND3",TRUE
"BYSL",TRUE
"FAM120B",TRUE
"TBP",TRUE
"GUCA1B",FALSE
"PRPH2",FALSE
"BICRAL",TRUE
"PPP2R5D",TRUE
"MRPL2",TRUE
"PTK7",TRUE
"SRF",TRUE
"CUL9",TRUE
"DNPH1",TRUE
"DUSP22",TRUE
"EXOC2",TRUE
"COX7A2",TRUE
"TMEM30A",TRUE
"GMDS",TRUE
"SENP6",TRUE
"VEGFA",TRUE
"PRPF4B",TRUE
"TTK",TRUE
"SLC29A1",TRUE
"BTN2A1",TRUE
"LAMA4",TRUE
"TENT5A",TRUE
"CLIC5",TRUE
"FBRSL1",TRUE
"ENPP5",FALSE
"LY86",TRUE
"PRSS16",FALSE
"TBX18",TRUE
"ERBIN",TRUE
"PCDHB2",TRUE
"HARS2",TRUE
"NUDT12",TRUE
"CEP72",TRUE
"MAN2A1",TRUE
"SEMA5A",TRUE
"C7",TRUE
"TENT4A",TRUE
"GHR",TRUE
"HMGCS1",TRUE
"DAP",TRUE
"NME5",TRUE
"BRD8",TRUE
"KIF20A",TRUE
"NNT",TRUE
"MRPS30",TRUE
"HSPA9",TRUE
"MRPS27",TRUE
"PFDN1",TRUE
"HBEGF",TRUE
"LOX",TRUE
"GZMK",TRUE
"APBB3",TRUE
"TMCO6",TRUE
"SPARC",TRUE
"IK",TRUE
"HMGCR",TRUE
"CERT1",TRUE
"FAF2",TRUE
"PCDHB3",TRUE
"PCDHB5",TRUE
"PCDHB6",TRUE
"PCDHB7",FALSE
"PDE8B",TRUE
"CLK4",TRUE
"PCDHB15",TRUE
"HAVCR1",FALSE
"ITK",TRUE
"RNF130",TRUE
"THG1L",TRUE
"ARSB",TRUE
"CLINT1",TRUE
"THBS4",TRUE
"CNOT6",TRUE
"TTC1",TRUE
"MSH3",TRUE
"RASGRF2",TRUE
"GABRG2",FALSE
"CCNG1",TRUE
"POLR3G",TRUE
"DROSHA",TRUE
"CDH6",TRUE
"LMNB1",TRUE
"ARRDC3",TRUE
"GOLPH3",TRUE
"SUB1",TRUE
"NPR3",TRUE
"FAM172A",TRUE
"TARS1",TRUE
"LNPEP",TRUE
"PDE4D",TRUE
"RAD1",TRUE
"BRIX1",TRUE
"PRLR",TRUE
"SLC12A7",TRUE
"RAD50",TRUE
"ST8SIA4",TRUE
"GNPDA1",TRUE
"PCDH12",TRUE
"SKP1",TRUE
"NUP155",TRUE
"PPP2CA",TRUE
"FGF1",TRUE
"NR3C1",TRUE
"C5orf15",TRUE
"PPWD1",TRUE
"LIFR",TRUE
"TRIM23",TRUE
"TRAPPC13",TRUE
"SEC24A",TRUE
"TXNDC15",TRUE
"TTC33",TRUE
"RARS1",TRUE
"WWC1",TRUE
"MACROH2A1",TRUE
"TCERG1",TRUE
"DPYSL3",TRUE
"SMAD5",TRUE
"CSNK1A1",TRUE
"HMGXB3",TRUE
"ERGIC1",TRUE
"PDGFRB",TRUE
"ATP6V0E1",TRUE
"BNIP1",TRUE
"STC2",TRUE
"CPEB4",TRUE
"HRH2",TRUE
"DBN1",TRUE
"ZNF346",TRUE
"EHHADH",TRUE
"CNTN3",TRUE
"SMC4",TRUE
"SELENOK",TRUE
"ACTR8",TRUE
"TBCCD1",TRUE
"TIMMDC1",TRUE
"CRBN",TRUE
"BCL6",TRUE
"ARL6",TRUE
"NPHP3",TRUE
"CD86",TRUE
"AMOTL2",TRUE
"NIT2",TRUE
"FAM162A",TRUE
"OGG1",TRUE
"KPNA1",TRUE
"PCCB",TRUE
"UBE3A",TRUE
"ARMC8",TRUE
"CEP70",TRUE
"RBP1",TRUE
"SLC25A36",TRUE
"RNF7",TRUE
"TFDP2",TRUE
"XRN1",TRUE
"KAT2B",TRUE
"BCHE",TRUE
"PDCD10",TRUE
"WNT5A",TRUE
"PFKFB4",TRUE
"COL7A1",TRUE
"FGF12",FALSE
"PRKAR2A",TRUE
"HES1",TRUE
"USP4",TRUE
"ACAP2",TRUE
"ECT2",TRUE
"GNAI2",TRUE
"TFG",TRUE
"USP9Y",TRUE
"HYAL1",TRUE
"TUSC2",TRUE
"NPRL2",TRUE
"RPL24",TRUE
"CYB561D2",TRUE
"C3orf14",TRUE
"FXR1",TRUE
"CBLB",TRUE
"BBX",TRUE
"IFT57",TRUE
"GNB4",TRUE
"IQCG",TRUE
"GBE1",TRUE
"MORC1",FALSE
"UMPS",TRUE
"NCBP2",TRUE
"SNX4",TRUE
"C3orf52",TRUE
"FRMD4B",TRUE
"SLC41A3",TRUE
"ROPN1B",TRUE
"PLXNA1",TRUE
"ATP6V1A",TRUE
"ABTB1",TRUE
"PODXL2",TRUE
"CSPG5",TRUE
"KLHL18",TRUE
"SCAP",TRUE
"EFCC1",FALSE
"NEK11",TRUE
"MRPL3",TRUE
"PLSCR4",TRUE
"HEMK1",TRUE
"CISH",TRUE
"MAPKAPK3",TRUE
"ACVR2B",TRUE
"WDR48",TRUE
"COMMD2",TRUE
"GORASP1",TRUE
"PEX5L",FALSE
"RRP9",TRUE
"ABCC5",TRUE
"ABHD14B",TRUE
"EIF1B",TRUE
"ARHGEF26",TRUE
"KLHL24",TRUE
"PLCH1",TRUE
"VIPR1",FALSE
"DNAH1",TRUE
"SSR3",TRUE
"ZBTB47",TRUE
"NKTR",TRUE
"CLCN2",TRUE
"FOXP1",TRUE
"EIF4G1",TRUE
"SPCS1",TRUE
"NEK4",TRUE
"SLC4A3",TRUE
"INO80D",TRUE
"EEF1B2",TRUE
"ADAM23",TRUE
"DGUOK",TRUE
"MOB1A",TRUE
"KANSL3",TRUE
"LMAN2L",TRUE
"RTKN",TRUE
"TTL",TRUE
"IL1A",FALSE
"CCL20",FALSE
"PIKFYVE",TRUE
"KCNIP3",TRUE
"FAHD2A",TRUE
"NCL",TRUE
"ACTR1B",TRUE
"SLC35F5",TRUE
"ZAP70",TRUE
"ACTR3",TRUE
"STEAP3",TRUE
"EPB41L5",TRUE
"TFCP2L1",TRUE
"SF3B6",TRUE
"TP53I3",TRUE
"DNAJC27",TRUE
"STAM2",TRUE
"GPD2",TRUE
"CENPA",TRUE
"CYTIP",TRUE
"ACVR1",TRUE
"TANC1",TRUE
"MPV17",TRUE
"GTF3C2",TRUE
"EIF2B4",TRUE
"NRBP1",TRUE
"ITGB6",TRUE
"FNDC4",TRUE
"ITGA4",TRUE
"PSMD14",TRUE
"SNX17",TRUE
"ASB3",TRUE
"PPM1G",TRUE
"PDE1A",TRUE
"REEP6",TRUE
"PCSK4",TRUE
"APC2",TRUE
"IFIH1",TRUE
"RPS15",TRUE
"GCA",TRUE
"INO80B",FALSE
"MOGS",TRUE
"TTC31",TRUE
"NDUFS7",TRUE
"PCGF1",TRUE
"CLIP4",TRUE
"SPTBN1",TRUE
"AUP1",TRUE
"RTN4",TRUE
"HTRA2",TRUE
"LOXL3",TRUE
"DOK1",TRUE
"GALNT3",TRUE
"POLE4",TRUE
"CCDC88A",TRUE
"EVA1A",TRUE
"MRPL19",TRUE
"LANCL1",TRUE
"WDR75",TRUE
"EFEMP1",TRUE
"FANCL",TRUE
"FN1",TRUE
"STAT1",TRUE
"GLS",TRUE
"PAPOLG",TRUE
"DNAH6",TRUE
"PECR",TRUE
"UNC50",TRUE
"IGFBP2",TRUE
"ELMOD3",TRUE
"IGFBP5",TRUE
"USP34",TRUE
"EFHD1",TRUE
"KCNJ13",TRUE
"CCT4",TRUE
"GGCX",TRUE
"EHBP1",TRUE
"OTX1",TRUE
"TXNDC9",TRUE
"COQ10B",TRUE
"GNLY",TRUE
"SF3B1",TRUE
"ST3GAL5",TRUE
"CHST10",TRUE
"PDCL3",TRUE
"MOB4",TRUE
"HSPE1",TRUE
"KDM3A",TRUE
"PLCD4",TRUE
"CHMP3",TRUE
"ZNF142",TRUE
"IL1R2",FALSE
"IL1R1",TRUE
"IL1RL1",FALSE
"IL18R1",TRUE
"IL18RAP",TRUE
"FHL2",TRUE
"MLPH",TRUE
"CNPPD1",TRUE
"UXS1",TRUE
"ABCB6",TRUE
"STK16",TRUE
"HDLBP",TRUE
"PPP1R7",TRUE
"PASK",TRUE
"STK25",TRUE
"TPO",FALSE
"ID2",TRUE
"TAF1B",TRUE
"HPCAL1",TRUE
"ODC1",TRUE
"BIRC6",TRUE
"NOL10",TRUE
"PLEKHB2",TRUE
"GORASP2",TRUE
"STRN",TRUE
"CEBPZ",TRUE
"PRKD3",TRUE
"DCAF17",TRUE
"QPCT",TRUE
"RAB3GAP1",TRUE
"SLC25A12",TRUE
"RMDN2",TRUE
"DLX2",FALSE
"DARS1",TRUE
"SRSF7",TRUE
"SDC1",TRUE
"PLCL1",TRUE
"SLC1A4",TRUE
"SOS1",TRUE
"KYNU",TRUE
"WIPF1",TRUE
"ORC2",TRUE
"COX7A2L",TRUE
"PNO1",TRUE
"ORC4",TRUE
"PLEK",TRUE
"RND3",TRUE
"ATF2",TRUE
"THADA",TRUE
"AAK1",TRUE
"TRAK2",TRUE
"C2orf42",TRUE
"TIA1",TRUE
"PCYOX1",TRUE
"EPAS1",TRUE
"ARID3A",TRUE
"SUMO1",TRUE
"CD207",FALSE
"VAX2",TRUE
"ATP6V1B1",TRUE
"NFE2L2",TRUE
"MSH6",TRUE
"PLEKHA3",TRUE
"SPR",TRUE
"EPHA4",TRUE
"PARD3B",TRUE
"FARSB",TRUE
"ALMS1",TRUE
"BCL9",TRUE
"PRRX1",TRUE
"DHCR24",TRUE
"DNAJC16",TRUE
"MARK1",TRUE
"TNR",FALSE
"MORN1",TRUE
"GPX7",TRUE
"CACYBP",TRUE
"SCP2",TRUE
"PAPPA2",FALSE
"RALGPS2",TRUE
"ANGPTL1",FALSE
"CEP104",TRUE
"FAM20B",TRUE
"TCEANC2",TRUE
"TMEM59",TRUE
"LRRC42",TRUE
"WRAP73",TRUE
"MRPL37",TRUE
"ICMT",TRUE
"RPL22",TRUE
"QSOX1",TRUE
"STXBP3",TRUE
"PHF13",TRUE
"ERRFI1",TRUE
"PARK7",TRUE
"KIAA1324",TRUE
"OPRD1",TRUE
"AMPD2",TRUE
"SRSF4",TRUE
"MECR",TRUE
"KCNC4",TRUE
"EDEM3",TRUE
"WDR77",TRUE
"ATP5PB",TRUE
"RAP1A",TRUE
"HDAC1",TRUE
"CAPZA1",TRUE
"S100PBP",TRUE
"RNF19B",TRUE
"SCAMP3",TRUE
"TRIM62",TRUE
"ASH1L",TRUE
"SFPQ",TRUE
"RHOU",TRUE
"GON4L",TRUE
"ARHGEF2",TRUE
"LAMTOR2",TRUE
"MEF2D",TRUE
"DOCK7",TRUE
"SRM",TRUE
"DLEU2L",TRUE
"FBXO2",TRUE
"FBXO6",TRUE
"C1orf21",TRUE
"SWT1",TRUE
"MAD2L2",TRUE
"DNAJC6",TRUE
"LEPR",TRUE
"IVNS1ABP",TRUE
"KIAA2013",TRUE
"MFN2",TRUE
"PRG4",FALSE
"MIIP",TRUE
"SMG7",TRUE
"NCF2",TRUE
"SLC35D1",TRUE
"PLA2G4A",TRUE
"GADD45A",TRUE
"WLS",TRUE
"PRDM2",TRUE
"RGS2",TRUE
"RO60",TRUE
"UCHL5",TRUE
"BCAS2",TRUE
"SRSF11",TRUE
"CTH",TRUE
"AGMAT",FALSE
"OLFML3",TRUE
"PLEKHM2",TRUE
"CRYZ",TRUE
"PHTF1",TRUE
"ZBTB17",TRUE
"CD58",TRUE
"TFAP2E",TRUE
"CD2",TRUE
"TTF2",TRUE
"NR5A2",TRUE
"KIF21B",TRUE
"TMEM9",TRUE
"ADPRHL2",TRUE
"MAP7D1",TRUE
"WARS2",TRUE
"OSCP1",TRUE
"MRPS15",TRUE
"EXOC8",TRUE
"GNPAT",TRUE
"TSNAX",TRUE
"C1orf109",TRUE
"RRAGC",TRUE
"NID1",TRUE
"LGALS8",TRUE
"MTR",TRUE
"BMP8B",TRUE
"MYCL",TRUE
"SIPA1L2",TRUE
"RLF",TRUE
"KMO",TRUE
"ZNF684",TRUE
"KCNQ4",TRUE
"RIMS3",TRUE
"AKT3",TRUE
"ETV3",TRUE
"ACADM",TRUE
"ST6GALNAC5",TRUE
"SLAMF1",TRUE
"CD48",TRUE
"ADGRL2",TRUE
"PADI2",TRUE
"SDHB",TRUE
"MFAP2",TRUE
"RPF1",TRUE
"KDM5B",TRUE
"UAP1",TRUE
"CTBS",TRUE
"RGS4",TRUE
"KLHL12",TRUE
"IGSF21",FALSE
"SSX2IP",TRUE
"ZNHIT6",TRUE
"PLA2G2D",TRUE
"RBBP5",TRUE
"GBP3",TRUE
"GBP1",TRUE
"PINK1-AS",TRUE
"KIF17",TRUE
"GPR89A",TRUE
"CDK18",TRUE
"RAB29",TRUE
"ECE1",TRUE
"HMGCL",TRUE
"GALE",TRUE
"ID3",TRUE
"CR2",FALSE
"CD46",TRUE
"PRPF3",TRUE
"APH1A",TRUE
"P3H1",TRUE
"SLC2A1",TRUE
"EBNA1BP2",TRUE
"CDC20",TRUE
"IPO13",TRUE
"ATP6V0B",TRUE
"B4GALT2",TRUE
"ERI3",TRUE
"PTCH2",TRUE
"AKR1A1",TRUE
"PRDX1",TRUE
"PIK3R3",TRUE
"BLZF1",TRUE
"CCDC181",FALSE
"SLC19A2",TRUE
"FAAH",TRUE
"NSUN4",TRUE
"TMED5",TRUE
"DR1",TRUE
"CNN3",TRUE
"PRRC2C",TRUE
"F3",TRUE
"ABCD3",TRUE
"VAMP4",TRUE
"DPH5",TRUE
"FASLG",TRUE
"PTBP2",TRUE
"TNFSF4",TRUE
"PRDX6",TRUE
"DARS2",TRUE
"HSD11B1",FALSE
"IRF6",TRUE
"UTP25",TRUE
"PLPPR4",TRUE
"RCAN3",TRUE
"SYF2",TRUE
"RSRP1",TRUE
"SLC35A3",TRUE
"RCOR3",TRUE
"STMN1",TRUE
"MTFR1L",TRUE
"MAN1C1",TRUE
"NEK2",TRUE
"RPS6KA1",TRUE
"DHDDS",TRUE
"NENF",TRUE
"NSL1",TRUE
"PROX1",TRUE
"ARID1A",TRUE
"CENPF",TRUE
"RPA2",TRUE
"PPP1R8",TRUE
"STX12",TRUE
"MARC2",TRUE
"SLC5A9",FALSE
"OSBPL9",TRUE
"TXNDC12",TRUE
"ESYT2",TRUE
"CD3EAP",TRUE
"MESD",TRUE
"RCN2",TRUE
"MUC5B",TRUE
"CTSD",TRUE
"COLEC11",TRUE
"STAG1",TRUE
"STK11",TRUE
"KMT2A",TRUE
"IFT46",TRUE
"MMP8",TRUE
"ZNF541",TRUE
"KPTN",TRUE
"RPS25",TRUE
"KIF14",TRUE
"DDX59",TRUE
"CAMSAP2",TRUE
"ATF6",TRUE
"MREG",TRUE
"FASTKD2",TRUE
"NRP2",TRUE
"CREB1",TRUE
"KLF7",TRUE
"B4GALT6",TRUE
"C1orf54",TRUE
"CA14",TRUE
"LRMP",TRUE
"ATP10B",TRUE
"SPCS2",TRUE
"USP35",TRUE
"ELOVL4",TRUE
"FILIP1",TRUE
"CASP8AP2",TRUE
"HMGN3",TRUE
"UBE3D",TRUE
"CNR1",TRUE
"ANKRD13C",TRUE
"SGIP1",TRUE
"PHF3",TRUE
"PLAGL1",TRUE
"FBXO30",TRUE
"TNFAIP3",TRUE
"AKAP7",TRUE
"RAB32",TRUE
"MYB",TRUE
"ALDH8A1",TRUE
"SGK1",TRUE
"RNF146",TRUE
"CCN2",TRUE
"TCF21",FALSE
"PMFBP1",TRUE
"FBXL5",TRUE
"MED28",TRUE
"SLC16A7",TRUE
"RXYLT1",TRUE
"ZNF430",TRUE
"VAMP8",TRUE
"DCLRE1B",TRUE
"MYL12B",TRUE
"FOXO3",TRUE
"ARMC2",TRUE
"RPN2",TRUE
"TGIF2",TRUE
"OLFM3",FALSE
"PKD2",TRUE
"ABCG2",TRUE
"SPP1",TRUE
"CCNI",TRUE
"RARRES1",TRUE
"MFSD1",TRUE
"RAB3GAP2",TRUE
"EEF2KMT",TRUE
"PPL",TRUE
"UBN1",TRUE
"KLF12",TRUE
"UCHL3",TRUE
"PCDH17",TRUE
"HS1BP3",TRUE
"LDAH",TRUE
"WDR35",TRUE
"CCND2",TRUE
"OTUD4P1",FALSE
"ELL2",TRUE
"DNAH7",TRUE
"CYP20A1",TRUE
"NDUFB3",TRUE
"GTF3C3",TRUE
"SATB2",TRUE
"UBE2B",TRUE
"TRPM6",TRUE
"KLF9",TRUE
"TJP2",TRUE
"ITGB1BP1",TRUE
"CPSF3",TRUE
"PIGZ",TRUE
"SENP5",TRUE
"CCDC92",TRUE
"C1orf198",TRUE
"TRIM67",FALSE
"HEATR1",TRUE
"PTBP3",TRUE
"RAD23B",TRUE
"FKBP15",TRUE
"CTNNAL1",TRUE
"ABITRAM",TRUE
"WDR34",TRUE
"SET",TRUE
"PTPA",TRUE
"GLE1",TRUE
"RAB14",TRUE
"CNTRL",TRUE
"TRIM32",TRUE
"FBXW2",TRUE
"PHF19",TRUE
"NEK6",TRUE
"BSPRY",FALSE
"PPP6C",TRUE
"NDUFA8",TRUE
"HDHD3",TRUE
"RBM18",TRUE
"HSDL2",TRUE
"MAPKAP1",TRUE
"NR4A3",TRUE
"INVS",TRUE
"GALNT12",TRUE
"DENND1A",TRUE
"ALG2",TRUE
"CSF3R",TRUE
"KDSR",TRUE
"VPS4B",TRUE
"ONECUT2",TRUE
"C19orf25",TRUE
"ZBTB45",TRUE
"YLPM1",TRUE
"DCAF4",TRUE
"FCF1",TRUE
"PGF",TRUE
"IFI27L2",TRUE
"BBOF1",TRUE
"NEK9",TRUE
"ACYP1",TRUE
"IFT43",TRUE
"NPC2",TRUE
"DNAL1",TRUE
"IRF2BPL",TRUE
"ACOT2",TRUE
"LTBP2",TRUE
"AREL1",TRUE
"MLH3",TRUE
"TTLL5",TRUE
"FLVCR2",TRUE
"ABCD4",TRUE
"DLST",TRUE
"PPP4R4",FALSE
"TGFB3",TRUE
"ZC2HC1C",TRUE
"SLIRP",TRUE
"RBM25",TRUE
"ALDH6A1",TRUE
"GPR68",TRUE
"EIF2B2",TRUE
"NRDE2",TRUE
"COQ6",TRUE
"ZNF410",TRUE
"RHOQ",TRUE
"GPR75",TRUE
"SUPT7L",TRUE
"KLHL29",TRUE
"DNMT3A",TRUE
"TMEM214",TRUE
"ATAD2B",TRUE
"FKBP1B",FALSE
"ATL2",TRUE
"YPEL5",TRUE
"FAM98A",TRUE
"YIPF4",TRUE
"AFTPH",TRUE
"LGALSL",TRUE
"CNRIP1",TRUE
"BCL11A",TRUE
"CRIPT",TRUE
"SLC17A5",TRUE
"OGFRL1",TRUE
"SLF2",TRUE
"IDE",TRUE
"IFIT3",TRUE
"IFIT2",TRUE
"GPAM",TRUE
"CUTC",TRUE
"PPP1R3C",TRUE
"PYROXD2",TRUE
"CNNM1",TRUE
"MXI1",TRUE
"SMNDC1",TRUE
"C10orf88",TRUE
"HELLS",TRUE
"TCTN3",TRUE
"DENND10",TRUE
"AVPI1",TRUE
"WDR11",TRUE
"ARMH3",TRUE
"KCNIP2",TRUE
"GOT1",TRUE
"CPN1",TRUE
"GNA13",TRUE
"HOXB8",FALSE
"KANSL1",TRUE
"HOXB5",TRUE
"HOXB3",TRUE
"DUSP1",TRUE
"PANK3",TRUE
"MSX2",TRUE
"TEK",TRUE
"RCL1",TRUE
"CAAP1",TRUE
"MOB3B",TRUE
"MLANA",TRUE
"CD274",TRUE
"GRIA2",FALSE
"NUP43",TRUE
"MTHFD1L",TRUE
"LRP11",TRUE
"CCDC170",TRUE
"PCMT1",TRUE
"PLEKHG1",TRUE
"MYCT1",TRUE
"CXorf21",TRUE
"CYSTM1",TRUE
"WDR55",TRUE
"ARAP3",TRUE
"PCDHB8",FALSE
"PCDHB10",TRUE
"PCDHB14",TRUE
"PCDHB12",TRUE
"SLC25A2",FALSE
"MRPS14",TRUE
"CENPL",TRUE
"SEC16B",TRUE
"GORAB",TRUE
"ACAT2",TRUE
"TCP1",TRUE
"SNX19",TRUE
"KCNJ5",TRUE
"MSANTD2",TRUE
"PDZD11",TRUE
"SLC10A7",TRUE
"NUDCD1",TRUE
"ENY2",TRUE
"MASTL",TRUE
"KIAA1217",TRUE
"PLXDC2",TRUE
"EPC1",TRUE
"IQSEC3",FALSE
"CCDC77",TRUE
"TAF12",TRUE
"ENOX1",TRUE
"MTRF1",TRUE
"SPART-AS1",TRUE
"DNAJC15",TRUE
"PROSER1",TRUE
"UFM1",TRUE
"WBP4",TRUE
"ELF1",TRUE
"SMAD9",TRUE
"HSPH1",TRUE
"KBTBD7",TRUE
"ALG5",TRUE
"EXOSC8",TRUE
"ETF1",TRUE
"TGFBI",TRUE
"FAM53C",TRUE
"SIL1",TRUE
"PAIP2",TRUE
"KDM3B",TRUE
"EGR1",TRUE
"SERP1",TRUE
"PLS1",TRUE
"ZFP30",TRUE
"NR2C1",TRUE
"UTP20",TRUE
"TMPO",TRUE
"ARL1",TRUE
"GLT8D2",TRUE
"MTERF2",TRUE
"SOCS2",TRUE
"NFYB",TRUE
"WASHC3",TRUE
"APAF1",TRUE
"DUSP4",TRUE
"CLU",TRUE
"TNFRSF10B",TRUE
"SORBS3",TRUE
"PTK2B",TRUE
"PPP3CC",TRUE
"PDLIM2",TRUE
"EPHX2",TRUE
"RNF170",TRUE
"UBIAD1",TRUE
"TARDBP",TRUE
"TNFRSF8",TRUE
"ZNF706",TRUE
"LYPLA1",TRUE
"CRISPLD1",TRUE
"COPS5",TRUE
"RDH10",TRUE
"AKAP1",TRUE
"COIL",TRUE
"TRIM25",TRUE
"SCPEP1",TRUE
"SPOP",TRUE
"TBX2",TRUE
"SLC35B1",TRUE
"NACA3P",FALSE
"TEX14",TRUE
"FAM117A",TRUE
"NCAPH",TRUE
"LRAT",TRUE
"TMEM131L",TRUE
"MND1",TRUE
"TRIM6",TRUE
"ABCC11",TRUE
"TENT4B",TRUE
"ADCY7",TRUE
"CEP89",TRUE
"TSHZ3",TRUE
"ECHDC2",TRUE
"PLBD1",TRUE
"TAS2R10",FALSE
"PYROXD1",TRUE
"KCNJ8",TRUE
"PSPC1",TRUE
"ZNF549",TRUE
"A1BG",TRUE
"ZSCAN18",TRUE
"ZNF211",TRUE
"PDZRN3",TRUE
"RNF2",TRUE
"TRMT1L",TRUE
"SEC22A",TRUE
"CSTA",TRUE
"POPDC2",TRUE
"B4GALT4",TRUE
"NAA50",TRUE
"CD80",TRUE
"KIF18A",TRUE
"DESI2",TRUE
"MAPK8IP1",TRUE
"CRY2",TRUE
"PEX16",TRUE
"DEPDC7",TRUE
"CAT",TRUE
"PILRB",TRUE
"ZMYM2",TRUE
"GJB6",FALSE
"GJA3",TRUE
"TBC1D15",TRUE
"ADGRB2",TRUE
"ZCCHC17",TRUE
"FABP3",TRUE
"KHDRBS1",TRUE
"TMEM39B",TRUE
"CCRL2",TRUE
"CCR2",TRUE
"POLR3GL",TRUE
"TNFSF10",TRUE
"ZNF639",TRUE
"PIK3CA",TRUE
"PDS5A",TRUE
"TMEM156",TRUE
"LIAS",TRUE
"CPXM2",TRUE
"TMEM54",TRUE
"ZSCAN20",TRUE
"CSMD2",TRUE
"LRIF1",TRUE
"TMIGD3",FALSE
"CLCC1",TRUE
"GPSM2",TRUE
"GTDC1",TRUE
"CXCR4",TRUE
"ZRANB3",TRUE
"ACVR2A",TRUE
"POLK",TRUE
"SV2C",FALSE
"FLT3",FALSE
"RPL21",TRUE
"MTIF3",TRUE
"GTF3A",TRUE
"RASL11A",FALSE
"UBL3",TRUE
"FYTTD1",TRUE
"MTERF4",TRUE
"XPNPEP2",FALSE
"SASH3",TRUE
"OCRL",TRUE
"PAEP",FALSE
"MRPS2",TRUE
"FMOD",TRUE
"LAX1",TRUE
"KIAA1191",TRUE
"COPA",TRUE
"CD244",TRUE
"LY9",TRUE
"HS3ST2",TRUE
"RBBP6",TRUE
"ZC3H7A",TRUE
"SERAC1",TRUE
"ANXA11",TRUE
"LDB3",TRUE
"SHLD2",TRUE
"PRXL2A",TRUE
"ZNF205",TRUE
"NAA60",TRUE
"RPL5",TRUE
"ODF2L",TRUE
"PTGFR",TRUE
"SPATA1",FALSE
"TRMT13",TRUE
"LRRC39",TRUE
"RWDD3",TRUE
"ZNF644",TRUE
"CCDC18",TRUE
"RPAP2",TRUE
"SLC66A2",TRUE
"BBS9",TRUE
"PMS2",TRUE
"ZMIZ2",TRUE
"SEPTIN7",TRUE
"EEPD1",TRUE
"KLHL7",TRUE
"HERPUD2",TRUE
"CBX3",TRUE
"HNRNPA2B1",TRUE
"WIPF3",TRUE
"FAM126A",TRUE
"HOXA7",TRUE
"INHBA",TRUE
"FKBP9",TRUE
"NT5C3A",TRUE
"ARL4A",TRUE
"CCZ1",TRUE
"POLM",TRUE
"RAMP3",TRUE
"MRM2",TRUE
"TWIST1",TRUE
"SMU1",TRUE
"GLIPR2",TRUE
"SLC25A51",TRUE
"CLTA",TRUE
"RECK",TRUE
"TAF1L",TRUE
"ACO1",TRUE
"PHF24",TRUE
"DCAF10",TRUE
"CNTFR",FALSE
"KIAA1549",TRUE
"TRIM24",TRUE
"CYREN",TRUE
"CALD1",TRUE
"NUDT10",FALSE
"SFTPA1",FALSE
"PLAU",TRUE
"SRGN",TRUE
"CHST3",TRUE
"BICC1",TRUE
"CISD1",TRUE
"EGR2",TRUE
"ECD",TRUE
"P4HA1",TRUE
"SLC25A16",TRUE
"ZWINT",TRUE
"VPS26A",TRUE
"RBM19",TRUE
"CIT",TRUE
"IFT81",TRUE
"ACADS",TRUE
"HVCN1",TRUE
"DDX54",TRUE
"MED13L",TRUE
"CDKN2C",TRUE
"RNF11",TRUE
"RASSF8",TRUE
"BHLHE41",TRUE
"SSPN",TRUE
"ITPR2",TRUE
"CCDC91",TRUE
"WWP1",TRUE
"ACOT9",TRUE
"PRDX4",TRUE
"DDX39A",TRUE
"PKN1",TRUE
"TRIR",TRUE
"ADGRE5",TRUE
"WDR83",TRUE
"GIPC1",TRUE
"SPRYD7",TRUE
"EBPL",TRUE
"ATP7B",TRUE
"ZC3H13",TRUE
"NLN",TRUE
"CENPK",TRUE
"OPTN",TRUE
"ITIH5",TRUE
"ATF1",TRUE
"TSFM",TRUE
"ARHGAP9",TRUE
"NCKAP1L",TRUE
"MMP19",TRUE
"PFDN5",TRUE
"SPATS2",TRUE
"ORMDL2",TRUE
"NR4A1",TRUE
"PDE1B",TRUE
"HOXC13",TRUE
"CDK2",TRUE
"LRP1",TRUE
"HOXC11",TRUE
"ATG101",TRUE
"HOXC12",FALSE
"IKZF4",TRUE
"SMUG1",TRUE
"TUBA1B",TRUE
"EEF1AKMT3",TRUE
"KBTBD4",TRUE
"TYRL",FALSE
"SARDH",TRUE
"ATPAF1",TRUE
"STIL",TRUE
"HJURP",TRUE
"IL13RA2",FALSE
"COL10A1",TRUE
"AMD1",TRUE
"NDUFAF4",TRUE
"USP45",TRUE
"PLP1",TRUE
"MORF4L2",TRUE
"RAB9B",TRUE
"NRK",FALSE
"FAM199X",TRUE
"RAB9A",TRUE
"METTL8",TRUE
"TTC21B",TRUE
"NMI",TRUE
"TNFAIP6",FALSE
"ACVR1C",TRUE
"BAZ2B",TRUE
"SLC36A1",TRUE
"LPGAT1",TRUE
"BATF3",TRUE
"G0S2",TRUE
"KCNJ2",TRUE
"RAP2C",TRUE
"EXOSC9",TRUE
"PLA2G12A",TRUE
"B9D2",FALSE
"COQ8B",TRUE
"PFKFB2",TRUE
"ZNF137P",TRUE
"RAB38",TRUE
"AGO2",TRUE
"MXD4",TRUE
"CKS2",TRUE
"ACSL3",TRUE
"CHPF",TRUE
"DNPEP",TRUE
"OBSL1",TRUE
"SLC12A4",TRUE
"ENKD1",TRUE
"CTCFL",FALSE
"FAM210B",TRUE
"SNX21",TRUE
"SLPI",FALSE
"TTPAL",TRUE
"PREX1",TRUE
"KCNS1",FALSE
"SLC12A5",FALSE
"SDC4",TRUE
"NCOA3",TRUE
"PIGT",TRUE
"NCOA5",TRUE
"VAPB",TRUE
"PARD6B",TRUE
"ATP5F1E",TRUE
"CHD6",TRUE
"PLCG1",TRUE
"TOX2",TRUE
"SRSF6",TRUE
"ARFGEF2",TRUE
"ZNFX1",TRUE
"ZNF831",TRUE
"EDN3",FALSE
"CSE1L",TRUE
"RAB22A",TRUE
"PTGIS",TRUE
"STAU1",TRUE
"CDH26",TRUE
"SNAI1",TRUE
"MOCS3",TRUE
"STX16",TRUE
"PPP4R1L",TRUE
"PMEPA1",TRUE
"RNF114",TRUE
"DDX27",TRUE
"BCAS4",TRUE
"KCNK15",FALSE
"ZBP1",TRUE
"NEURL2",TRUE
"MAGEA10",FALSE
"MTRR",TRUE
"FASTKD3",TRUE
"PEPD",TRUE
"IQSEC2",TRUE
"XG",TRUE
"STAMBP",TRUE
"NAGK",TRUE
"MCEE",TRUE
"PAIP2B",TRUE
"SNRNP27",TRUE
"MPHOSPH10",TRUE
"ATP8A1",TRUE
"USP22",TRUE
"HIF3A",TRUE
"ZNF576",TRUE
"ZNF45",TRUE
"USP9X",TRUE
"F13A1",TRUE
"TRERF1",TRUE
"PACSIN1",FALSE
"BTN2A2",TRUE
"SIRT5",TRUE
"MRS2",TRUE
"WRNIP1",TRUE
"RRP36",TRUE
"BTN2A3P",TRUE
"SNRPC",TRUE
"SERPINB6",TRUE
"XPO5",TRUE
"ABCC10",TRUE
"H1-3",TRUE
"PEX6",TRUE
"NQO2",TRUE
"OARD1",TRUE
"UNC5CL",TRUE
"AARS2",TRUE
"H1-1",FALSE
"ZNF391",TRUE
"RPS10",TRUE
"MOCS1",TRUE
"H2BC11",TRUE
"MED20",TRUE
"TBCC",TRUE
"MAD2L1BP",TRUE
"KLHDC3",TRUE
"GNMT",FALSE
"DNAH8",FALSE
"TREM1",TRUE
"MEA1",TRUE
"KLHL31",TRUE
"COL21A1",TRUE
"CDKN1A",TRUE
"SOX4",TRUE
"GLO1",TRUE
"CPNE5",TRUE
"RREB1",TRUE
"SSR1",TRUE
"RIOK1",TRUE
"NRN1",TRUE
"SLC35B3",TRUE
"RPP40",TRUE
"ATXN1",TRUE
"NUP153",TRUE
"DEK",TRUE
"EEF1E1",TRUE
"RUNX2",TRUE
"LRRFIP1",TRUE
"RAB17",TRUE
"EREG",FALSE
"TRIM51",TRUE
"MYRF",TRUE
"AHNAK",TRUE
"EMC3",TRUE
"SSUH2",TRUE
"SH3TC1",TRUE
"CNOT1",TRUE
"LRRC29",TRUE
"BBS2",TRUE
"MT1G",FALSE
"MT2A",TRUE
"C16orf70",TRUE
"GOT2",TRUE
"DOK4",TRUE
"GPR18",FALSE
"CLYBL",TRUE
"TMTC4",TRUE
"RAP2A",TRUE
"ABCC4",TRUE
"EFNB2",TRUE
"TM9SF2",TRUE
"HROB",TRUE
"IRF1",TRUE
"UPF3B",TRUE
"RNF113A",TRUE
"SEPTIN6",TRUE
"TMEM255A",TRUE
"NDUFA1",TRUE
"DMAC2L",TRUE
"BMP4",TRUE
"PTGER2",TRUE
"FAM193A",TRUE
"GRK4",TRUE
"SOX9",TRUE
"HS3ST3B1",TRUE
"SLC25A35",TRUE
"MRPS7",TRUE
"GGA3",TRUE
"ARMC7",TRUE
"NUP85",TRUE
"SLC25A19",TRUE
"MIF4GD",TRUE
"NT5C",TRUE
"MSTO1",TRUE
"C1orf61",TRUE
"TTF1",TRUE
"GTF3C4",TRUE
"DDX31",TRUE
"PPP1R12C",TRUE
"MBOAT7",TRUE
"OPRL1",TRUE
"SLC2A4RG",TRUE
"PPDPF",TRUE
"IL1B",TRUE
"CHCHD5",TRUE
"PAX8",TRUE
"INSIG2",TRUE
"POLR1B",TRUE
"CCDC93",TRUE
"PSD4",TRUE
"SLC25A23",TRUE
"PSPN",TRUE
"GTF2F1",TRUE
"ALKBH7",TRUE
"CLPP",TRUE
"TNFSF9",TRUE
"GRIA3",FALSE
"THOC2",TRUE
"MED1",TRUE
"RPL23",TRUE
"ATG4C",TRUE
"C3",TRUE
"SH2D3A",TRUE
"TRIP10",TRUE
"GPR108",TRUE
"TNFSF14",TRUE
"FOSB",TRUE
"OPA3",TRUE
"SNRPD2",TRUE
"RTN2",TRUE
"EML2",TRUE
"VASP",TRUE
"SYMPK",TRUE
"GPCPD1",TRUE
"SDCBP2",TRUE
"PANK2",TRUE
"GNRH2",FALSE
"CD93",TRUE
"GZF1",TRUE
"NAPB",TRUE
"CENPB",TRUE
"PSMF1",TRUE
"NKX2-2",TRUE
"DTD1",TRUE
"RBCK1",TRUE
"TMX4",TRUE
"STK35",TRUE
"SNRPB",TRUE
"NRSN2",TRUE
"AP5S1",TRUE
"RRBP1",TRUE
"BMP2",TRUE
"ZNF133",TRUE
"FLRT3",TRUE
"PCSK2",FALSE
"MKKS",TRUE
"BFSP1",TRUE
"DSTN",TRUE
"LAMP5",FALSE
"SNRPB2",TRUE
"MGME1",TRUE
"TBC1D20",TRUE
"ITPA",TRUE
"MCM8",TRUE
"TMEM74B",FALSE
"FAM110A",TRUE
"MRPS26",TRUE
"S1PR4",TRUE
"NCLN",TRUE
"CITED1",TRUE
"HNRNPR",TRUE
"ZNF436",TRUE
"MAX",TRUE
"ARMCX5",TRUE
"NECAB3",TRUE
"ID1",TRUE
"RALY",TRUE
"DYNLRB1",TRUE
"EIF2S2",TRUE
"ERGIC3",TRUE
"ROMO1",TRUE
"CEP250",TRUE
"PLAGL2",TRUE
"MMP24OS",TRUE
"KDM5C",TRUE
"AMOT",TRUE
"TMEM115",TRUE
"PSMB2",TRUE
"AGO3",TRUE
"UROD",TRUE
"ST3GAL3",TRUE
"TMEM53",TRUE
"HECTD3",TRUE
"KLC1",TRUE
"XRCC3",TRUE
"TUBGCP3",TRUE
"MCF2L",TRUE
"PCID2",TRUE
"LRFN3",TRUE
"IGFLR1",TRUE
"CAPNS1",TRUE
"PDCD2L",TRUE
"RBM42",TRUE
"UBA2",TRUE
"FFAR2",FALSE
"HCST",TRUE
"COX6B1",TRUE
"THRA",TRUE
"CCR7",TRUE
"NR1D1",TRUE
"FRMD8",TRUE
"PRDX5",TRUE
"BCL2L12",TRUE
"IRF3",TRUE
"PRMT1",TRUE
"RRAS",TRUE
"SCAF1",TRUE
"PRR12",TRUE
"ASL",TRUE
"SBDS",TRUE
"HTN1",FALSE
"STAT5A",TRUE
"WNK4",TRUE
"BECN1",TRUE
"TRAP1",TRUE
"GLIS2",TRUE
"NSRP1",TRUE
"DNAJC8",TRUE
"AHDC1",TRUE
"IFI6",TRUE
"ZNF384",TRUE
"EMG1",TRUE
"SSX1",FALSE
"UXT",TRUE
"CFP",TRUE
"ELK1",TRUE
"TIMM17B",TRUE
"PCNX4",TRUE
"ATG14",TRUE
"KTN1",TRUE
"SIX1",TRUE
"RHOJ",TRUE
"DLGAP5",TRUE
"L3HYPDH",TRUE
"HSPA2",TRUE
"ZBTB1",TRUE
"TRMT5",TRUE
"SGPP1",TRUE
"PLEKHG3",TRUE
"PRDM7",TRUE
"RHOT1",TRUE
"EVI2A",TRUE
"WDR60",TRUE
"AIF1L",TRUE
"FAM78A",TRUE
"NUP214",TRUE
"CTAG2",FALSE
"SLC10A3",TRUE
"MAP2K2",TRUE
"HNRNPH2",TRUE
"ARMCX1",TRUE
"TIMM8A",TRUE
"ZC4H2",TRUE
"CANX",TRUE
"INTS11",TRUE
"RGS13",FALSE
"IPPK",TRUE
"ZNF484",TRUE
"OMD",TRUE
"FGD3",TRUE
"HIVEP3",TRUE
"PPCS",TRUE
"BCL11B",TRUE
"COX7C",TRUE
"TRAF2",TRUE
"ABHD8",TRUE
"MASP1",FALSE
"ATP13A4",FALSE
"HELB",TRUE
"RAP1B",TRUE
"RAB3IP",TRUE
"PTPRB",TRUE
"DYRK2",TRUE
"YEATS4",TRUE
"TAS2R3",TRUE
"TAS2R4",TRUE
"TAS2R5",TRUE
"LRRC61",TRUE
"IDUA",TRUE
"FGFRL1",TRUE
"TMEM175",TRUE
"AUNIP",TRUE
"PIN1",TRUE
"FBXL12",TRUE
"EMC1",TRUE
"PLA2G5",FALSE
"UBR4",TRUE
"HP1BP3",TRUE
"ADGRE2",TRUE
"SIN3B",TRUE
"SLC35E1",TRUE
"EPS15L1",TRUE
"KLF2",TRUE
"OR7C1",TRUE
"UQCR11",TRUE
"GFER",TRUE
"SYNGR3",FALSE
"PKMYT1",TRUE
"WFIKKN1",FALSE
"WDR24",TRUE
"FBXL16",FALSE
"CHTF18",TRUE
"TUBBP1",TRUE
"MACF1",TRUE
"SMARCA4",TRUE
"KDM4B",TRUE
"TICAM1",TRUE
"METTL25",TRUE
"EMC6",TRUE
"METTL16",TRUE
"TUBA4A",TRUE
"AAMP",TRUE
"PNKD",TRUE
"TNFRSF19",TRUE
"RNF6",TRUE
"ECHS1",TRUE
"ZNF835",FALSE
"AKAP9",TRUE
"GNG11",TRUE
"SEM1",TRUE
"GNGT1",FALSE
"HIP1",TRUE
"PTPN12",TRUE
"POR",TRUE
"FGL2",TRUE
"STYXL1",TRUE
"STEAP4",TRUE
"GNAI1",TRUE
"PMS2P3",TRUE
"PEX1",TRUE
"MTERF1",TRUE
"SGCE",TRUE
"RBM48",TRUE
"CASD1",TRUE
"ZNF780B",TRUE
"LRFN1",TRUE
"ZFP36",TRUE
"SRD5A3",TRUE
"RASL11B",FALSE
"PAICS",TRUE
"KDR",TRUE
"PPAT",TRUE
"TUBGCP6",TRUE
"ADM2",TRUE
"DGCR6L",TRUE
"DGCR8",TRUE
"ASPHD2",TRUE
"SDF2L1",TRUE
"GAL3ST1",FALSE
"YWHAH",TRUE
"POM121L9P",FALSE
"GNAZ",TRUE
"MGAT3",TRUE
"ADORA2A",TRUE
"ATF4",TRUE
"A4GALT",TRUE
"CDC42EP1",TRUE
"APOL3",TRUE
"MCHR1",FALSE
"TPST2",TRUE
"BAIAP2L2",TRUE
"MPST",TRUE
"TST",TRUE
"APOL2",TRUE
"RAC2",TRUE
"LIF",TRUE
"APOBEC3A",FALSE
"APOBEC3F",TRUE
"RIBC2",FALSE
"KRT17",FALSE
"TBC1D27P",FALSE
"EMC4",TRUE
"SPECC1",TRUE
"CPA4",FALSE
"DOCK4",TRUE
"POT1",TRUE
"ATP6V1F",TRUE
"LSM8",TRUE
"CDHR3",TRUE
"PRKRIP1",TRUE
"VGF",TRUE
"PODXL",TRUE
"FOXP2",TRUE
"STRIP2",TRUE
"IFT22",TRUE
"MKLN1",TRUE
"DNAJB9",TRUE
"FLNC",TRUE
"LRRC4",TRUE
"CALU",TRUE
"CCDC136",TRUE
"SMO",TRUE
"IRF5",TRUE
"LRRC17",TRUE
"KLHDC10",TRUE
"NDUFA5",TRUE
"MRPS12",TRUE
"MYO1B",TRUE
"HOXD1",TRUE
"HOXD3",TRUE
"MTX2",TRUE
"PDE11A",FALSE
"CHN1",TRUE
"GAD1",TRUE
"EIF2S2P4",FALSE
"OSGEPL1",TRUE
"ORMDL1",TRUE
"HAT1",TRUE
"HOXD9",TRUE
"HOXD10",FALSE
"HOXD13",TRUE
"HERC2",TRUE
"SNRPN",TRUE
"PSMG2",TRUE
"TWSG1",TRUE
"ARHGAP22",TRUE
"WDFY4",TRUE
"EIF2AK4",TRUE
"MYO5C",TRUE
"CGNL1",TRUE
"TMOD2",TRUE
"TTBK2",TRUE
"CCDC32",TRUE
"INO80",TRUE
"ICE2",TRUE
"DLL4",TRUE
"ALDH1A2",TRUE
"MINDY2",TRUE
"IVD",TRUE
"KNSTRN",TRUE
"DUT",TRUE
"CHAC1",TRUE
"CLN6",TRUE
"ARPP19",TRUE
"VPS13C",TRUE
"CALML4",TRUE
"ISLR",TRUE
"THAP10",TRUE
"LOXL1",TRUE
"ANAPC13",TRUE
"MBD4",TRUE
"COPB1",TRUE
"PSMA1",TRUE
"SUMF2",TRUE
"PALLD",TRUE
"SPCS3",TRUE
"SERGEF",TRUE
"TPH1",TRUE
"E2F8",TRUE
"DCTD",TRUE
"PIMREG",TRUE
"RPAIN",TRUE
"USP6",TRUE
"PLD2",TRUE
"TXNDC17",TRUE
"ATP1B2",TRUE
"FXR2",TRUE
"KIF1C",TRUE
"MPDU1",TRUE
"PHF20L1",TRUE
"LRRC6",TRUE
"CCNT1",TRUE
"PUS7L",TRUE
"KRI1",TRUE
"ILF3",TRUE
"SLC44A2",TRUE
"CDKN2D",TRUE
"MTUS1",TRUE
"SIGLEC9",TRUE
"NGDN",TRUE
"RIPK3",TRUE
"ADCY4",TRUE
"RAB2B",TRUE
"BCL2L2",TRUE
"AJUBA",TRUE
"DTD2",TRUE
"PARP2",TRUE
"HEATR5A",TRUE
"FOXA1",FALSE
"SNX6",TRUE
"EAPP",TRUE
"EGLN3",TRUE
"MIS18BP1",TRUE
"NRL",TRUE
"RNASE1",TRUE
"NEDD8",TRUE
"DAD1",TRUE
"TEP1",TRUE
"EPB41L4A",TRUE
"CDO1",FALSE
"REEP5",TRUE
"ITFG1",TRUE
"QRICH2",TRUE
"SEC14L1",TRUE
"RHBDF2",TRUE
"ARHGEF6",TRUE
"MAP7D3",TRUE
"FGF13",TRUE
"ASH2L",TRUE
"TTI2",TRUE
"CHRNA10",TRUE
"CDKN1C",TRUE
"SGO1",TRUE
"RPS4Y1",TRUE
"CDH15",TRUE
"KLF16",TRUE
"PGAP6",TRUE
"DOHH",TRUE
"MAU2",TRUE
"SHC2",TRUE
"ABHD17A",TRUE
"SYT5",FALSE
"CBFA2T3",TRUE
"GAMT",TRUE
"PUDP",TRUE
"ERMARD",TRUE
"PHF10",TRUE
"GALNT8",FALSE
"CRACR2A",TRUE
"STARD8",TRUE
"FAM155B",FALSE
"SAT1",TRUE
"GNL3L",TRUE
"SH3BP4",TRUE
"MOSPD2",TRUE
"DOCK6",TRUE
"ECSIT",TRUE
"LDLR",TRUE
"ELOF1",TRUE
"PRKCSH",TRUE
"CNN1",TRUE
"CDC16",TRUE
"THEM6",TRUE
"NECTIN2",TRUE
"APOE",TRUE
"TOMM40",TRUE
"APOC1",TRUE
"GADD45G",FALSE
"LRCH2",TRUE
"DPP6",FALSE
"XPO7",TRUE
"FAM98C",TRUE
"SAFB2",TRUE
"RPL36",TRUE
"ATP8B3",TRUE
"KIF1A",FALSE
"GTPBP3",TRUE
"PLVAP",TRUE
"BST2",TRUE
"SLC27A1",TRUE
"NSUN5",TRUE
"USHBP1",FALSE
"COLGALT1",TRUE
"DDA1",TRUE
"MRPL34",TRUE
"PGLS",TRUE
"LSM7",TRUE
"TULP4",TRUE
"SNX9",TRUE
"RTN4IP1",TRUE
"QRSL1",TRUE
"MTRES1",TRUE
"RSPH3",TRUE
"MLLT1",TRUE
"AFDN",TRUE
"ACTN4",TRUE
"STK33",FALSE
"NDUFA10",TRUE
"ARPC1B",TRUE
"ZSWIM6",TRUE
"FCHO1",TRUE
"UNC13A",TRUE
"MAP1S",TRUE
"KLHDC7B",TRUE
"PXDN",TRUE
"SSBP4",TRUE
"GDF15",TRUE
"PGPEP1",TRUE
"IQCN",TRUE
"JUND",TRUE
"TRPM4",TRUE
"SULT4A1",TRUE
"ZNF557",TRUE
"OLFM1",TRUE
"CAMSAP1",TRUE
"UBAC1",TRUE
"ZBTB46",TRUE
"HELZ2",TRUE
"SAMD10",TRUE
"LSP1",TRUE
"TNNT3",FALSE
"H19",TRUE
"COL5A1",TRUE
"ATXN10",TRUE
"TUBGCP2",TRUE
"CYP2E1",TRUE
"PNPLA7",TRUE
"PAK4",TRUE
"MNX1",FALSE
"ZNF337",TRUE
"CEP85",TRUE
"TAF4",TRUE
"LAMA5",TRUE
"OSBPL2",TRUE
"ADRM1",TRUE
"ASS1",TRUE
"EXOSC2",TRUE
"POMT1",TRUE
"UCK1",TRUE
"PRRC2B",TRUE
"CHMP2A",TRUE
"UBE2M",TRUE
"TRIM28",TRUE
"METTL26",TRUE
"YIPF2",TRUE
"ATG4D",TRUE
"EIF2S3",TRUE
"TMEM160",TRUE
"ZC3H4",TRUE
"NPAS1",FALSE
"GMFG",TRUE
"MAP3K10",TRUE
"ARHGEF16",TRUE
"LRRC47",TRUE
"SESN2",TRUE
"ATP5IF1",TRUE
"MED18",TRUE
"THEMIS2",TRUE
"CLIP1",TRUE
"CCDC62",TRUE
"HIP1R",TRUE
"ZNF317",TRUE
"PPAN",TRUE
"EIF3G",TRUE
"SHFL",TRUE
"DNMT1",TRUE
"ZNF426",TRUE
"SLC6A8",TRUE
"PNCK",TRUE
"DKC1",TRUE
"PLXNA3",TRUE
"DUSP9",FALSE
"MPP1",TRUE
"ZNF331",TRUE
"ZNF236",TRUE
"LRP3",TRUE
"C12orf65",TRUE
"NOL11",TRUE
"UBE4B",TRUE
"CASZ1",TRUE
"HSD17B3",FALSE
"HABP4",TRUE
"SLC35D2",TRUE
"PRRG1",TRUE
"UBA1",TRUE
"POLN",TRUE
"TXLNGY",TRUE
"PPIL4",TRUE
"AKAP12",TRUE
"SYNE1",TRUE
"LATS1",TRUE
"EPS8L1",TRUE
"LILRB2",TRUE
"AAR2",TRUE
"TTLL9",FALSE
"RBM39",TRUE
"ZNF341",TRUE
"GGT7",TRUE
"ACSS2",TRUE
"EDA2R",TRUE
"ARHGEF9",TRUE
"C1QL1",FALSE
"ATP6V1E1",TRUE
"ZNF227",TRUE
"ZNF428",TRUE
"ZNF141",TRUE
"COX4I1",TRUE
"EMC8",TRUE
"GSE1",TRUE
"GINS2",TRUE
"CHMP1A",TRUE
"SH3BGRL",TRUE
"COX7B",TRUE
"F12",FALSE
"PRR7",TRUE
"NFATC1",TRUE
"IDO1",TRUE
"CAP1",TRUE
"PPT1",TRUE
"RAB11FIP4",TRUE
"RLIM",TRUE
"ABCB7",TRUE
"TRAF3",TRUE
"HAUS8",TRUE
"MRPS25",TRUE
"SH3BP5",TRUE
"HACL1",TRUE
"TBC1D5",TRUE
"CAPN7",TRUE
"RFTN1",TRUE
"C3orf20",FALSE
"RBSN",TRUE
"GALNT15",TRUE
"SLC6A6",TRUE
"KCNC3",TRUE
"NAPSA",FALSE
"NAPSB",TRUE
"NR1H2",TRUE
"LRRC4B",TRUE
"PDLIM4",TRUE
"KIF3A",TRUE
"MGAT1",TRUE
"GFPT2",TRUE
"TUBG1",TRUE
"PSME3",TRUE
"RPL27",TRUE
"PSMC3IP",TRUE
"AOC3",TRUE
"ACLY",TRUE
"VPS25",TRUE
"RAMP2",TRUE
"AOC2",TRUE
"NDUFA2",TRUE
"ANKHD1",TRUE
"DIAPH1",TRUE
"NDFIP1",TRUE
"UBE2D2",TRUE
"EXOC4",TRUE
"ACAP3",TRUE
"C1orf159",TRUE
"ANO1",TRUE
"PPFIA1",TRUE
"TMEM204",TRUE
"KREMEN2",FALSE
"THOC6",TRUE
"TRAF7",TRUE
"NINJ1",TRUE
"NPHP4",TRUE
"MAP1B",TRUE
"IL13RA1",TRUE
"WDR44",TRUE
"CKMT2",FALSE
"ZCCHC9",TRUE
"TOP2A",TRUE
"STARD3",TRUE
"RARA",TRUE
"PPP1R1B",FALSE
"KHDRBS3",TRUE
"CHD1L",TRUE
"PEX11B",TRUE
"FMO5",TRUE
"PIAS3",TRUE
"PRKAB2",TRUE
"CLUHP3",TRUE
"PDHA1",TRUE
"RAI2",FALSE
"MCCC2",TRUE
"ZSCAN5A",TRUE
"ZNF132",TRUE
"SELENOS",TRUE
"CHSY1",TRUE
"SNRPA1",TRUE
"LLGL1",TRUE
"LIN28A",FALSE
"THAP1",TRUE
"RHPN2",TRUE
"C19orf12",TRUE
"FAAP24",TRUE
"ACTR10",TRUE
"GCH1",TRUE
"LGALS3",TRUE
"PODNL1",TRUE
"DNAJB1",TRUE
"ZSWIM4",TRUE
"FBXW9",TRUE
"RFX1",TRUE
"ZNF20",TRUE
"C19orf57",TRUE
"DCAF15",TRUE
"CC2D1A",TRUE
"MATN3",TRUE
"TRIM21",TRUE
"SPATA6",TRUE
"LRRC41",TRUE
"CCT6B",TRUE
"DHX30",TRUE
"RAF1",TRUE
"PPARG",TRUE
"NUP210",TRUE
"FCRLA",TRUE
"HSD17B7",TRUE
"ENOSF1",TRUE
"LINC00470",FALSE
"EMILIN2",TRUE
"ARFIP2",TRUE
"TRIM5",TRUE
"TRIM22",TRUE
"RRP8",TRUE
"TIMM10B",TRUE
"EFR3A",TRUE
"PTCD3",TRUE
"IMMT",TRUE
"MRPL35",TRUE
"ILKAP",TRUE
"PER2",TRUE
"RAMP1",FALSE
"SCLY",TRUE
"PTPRE",TRUE
"RAN",TRUE
"PRKAA1",TRUE
"CARD6",TRUE
"CLUH",TRUE
"INPP5K",TRUE
"MYBBP1A",TRUE
"RPA1",TRUE
"SERPINF1",TRUE
"UBE2G1",TRUE
"EEFSEC",TRUE
"TBC1D14",TRUE
"TMEM128",TRUE
"COQ3",TRUE
"PNISR",TRUE
"POPDC3",TRUE
"SEC61G",TRUE
"LANCL2",TRUE
"FIGNL1",TRUE
"GRSF1",TRUE
"JCHAIN",TRUE
"ANKRD17",TRUE
"UTP3",TRUE
"ITGB4",TRUE
"WBP2",TRUE
"H3-3B",TRUE
"UNK",TRUE
"TRIM47",TRUE
"ZRANB2",TRUE
"EIF5A",TRUE
"KDM6B",TRUE
"CLEC10A",TRUE
"GPS2",TRUE
"XAF1",TRUE
"DLG4",TRUE
"RIDA",TRUE
"VPS13B",TRUE
"RGS22",FALSE
"MATN2",TRUE
"REEP2",TRUE
"PCBD2",TRUE
"SDF2",TRUE
"FLOT2",TRUE
"ERAL1",TRUE
"PRMT7",TRUE
"NIP7",TRUE
"TERF2",TRUE
"VPS4A",TRUE
"MTSS2",TRUE
"HSPA12B",TRUE
"ANKEF1",TRUE
"PCED1A",TRUE
"SNAP25",TRUE
"BTBD3",TRUE
"PCNA",TRUE
"NXT1",TRUE
"POLR3F",TRUE
"RIN2",TRUE
"PTPRA",TRUE
"DAP3",TRUE
"KHDC4",TRUE
"NES",TRUE
"BCAN",TRUE
"ARHGEF11",TRUE
"FCRL2",TRUE
"DCAF8",TRUE
"SYT11",TRUE
"IGHMBP2",TRUE
"ALDH3B2",TRUE
"TESMIN",TRUE
"MMACHC",TRUE
"DPH2",TRUE
"TOE1",TRUE
"NASP",TRUE
"MUTYH",TRUE
"CTNNBL1",TRUE
"LPIN3",TRUE
"ZSWIM3",TRUE
"RBM38",TRUE
"VSTM2L",TRUE
"OSER1",TRUE
"SERINC3",TRUE
"PPP1R3D",TRUE
"DMGDH",TRUE
"BHMT2",FALSE
"AP3B1",TRUE
"ZBED3",TRUE
"PATJ",TRUE
"KANK4",FALSE
"FBXO44",TRUE
"CPLANE2",TRUE
"CASP9",TRUE
"DCTN4",TRUE
"ATP8A2",TRUE
"ZMYM5",TRUE
"USPL1",TRUE
"XPO4",TRUE
"POMP",TRUE
"CDK8",TRUE
"ALOX5AP",TRUE
"HMGB1P5",TRUE
"WASF3",TRUE
"CHRM3",TRUE
"MYH10",TRUE
"PEMT",TRUE
"SCO1",TRUE
"MPRIP",TRUE
"CHI3L1",TRUE
"PIK3C2B",TRUE
"DSTYK",TRUE
"CHIT1",TRUE
"SLC41A1",TRUE
"TMCC2",TRUE
"DCLK1",TRUE
"COG6",TRUE
"SPART",TRUE
"EPSTI1",TRUE
"TRPC4",FALSE
"POSTN",TRUE
"RFXAP",TRUE
"TPT1",TRUE
"GPALPP1",TRUE
"RFC3",TRUE
"STARD13",TRUE
"IRS4",FALSE
"MORC4",TRUE
"BEX2",TRUE
"RNF128",FALSE
"TBC1D8B",TRUE
"TCEAL4",TRUE
"BEX1",FALSE
"FAM104A",TRUE
"SLC39A11",TRUE
"EPHB2",TRUE
"SRRM1",TRUE
"BTBD2",TRUE
"PRAM1",TRUE
"KMT5C",TRUE
"ZNF414",TRUE
"PDE6B",FALSE
"HSPBP1",TRUE
"CSNK1G2",TRUE
"SLF1",TRUE
"CNDP2",TRUE
"MACROD1",TRUE
"WDR74",TRUE
"RTN3",TRUE
"PLAAT4",TRUE
"MYH11",TRUE
"FOPNL",TRUE
"MED10",TRUE
"PDZD2",TRUE
"MORC2",TRUE
"LARGE1",TRUE
"GSTT2B",TRUE
"MYO18B",FALSE
"SLC2A11",TRUE
"C1QTNF6",TRUE
"FAM83F",FALSE
"SEC14L4",FALSE
"ZDHHC8P1",FALSE
"GIMAP6",TRUE
"GIMAP4",TRUE
"ADCK2",TRUE
"MKRN1",TRUE
"AGAP3",TRUE
"KRBA1",TRUE
"ZNF767P",TRUE
"ACTR3B",TRUE
"BTG1",TRUE
"LRRIQ1",FALSE
"C12orf29",TRUE
"ATP13A3",TRUE
"SFTPD",FALSE
"TMEM254",TRUE
"TMTC1",TRUE
"KRAS",TRUE
"IPO8",TRUE
"LARS1",TRUE
"SPINK5",FALSE
"IMPA1",TRUE
"LRRCC1",TRUE
"E2F5",TRUE
"CCDC59",TRUE
"SWAP70",TRUE
"ARNTL",TRUE
"LYVE1",TRUE
"AMPD3",TRUE
"SBF2",TRUE
"MICAL2",TRUE
"RRAS2",TRUE
"HSD17B4",TRUE
"ZFC3H1",TRUE
"TEX15",TRUE
"SARAF",TRUE
"RNF122",TRUE
"DPF2",TRUE
"MEN1",TRUE
"ERG28",TRUE
"DGLUCY",TRUE
"UNC79",TRUE
"NUMB",TRUE
"CATSPERB",FALSE
"COX16",TRUE
"TTC9",TRUE
"MED6",TRUE
"EIF2S1",TRUE
"ADAM20",TRUE
"LOXL2",TRUE
"ELP3",TRUE
"ADAMDEC1",TRUE
"CTIF",TRUE
"MRO",TRUE
"MBD2",TRUE
"IER3IP1",TRUE
"MRPS36",TRUE
"CCNB1",TRUE
"CDK7",TRUE
"CD180",TRUE
"IRAK2",TRUE
"CAMK1",TRUE
"THUMPD3",TRUE
"VHL",TRUE
"BHLHE40",TRUE
"ARL8B",TRUE
"EDEM1",TRUE
"CNTN6",TRUE
"CHL1",TRUE
"MEIS2",TRUE
"DPH6",TRUE
"KATNBL1",TRUE
"EMC7",TRUE
"TRPM1",TRUE
"GSTM1",FALSE
"PRPF38B",TRUE
"TSPAN2",TRUE
"GSTM3",TRUE
"SYT6",FALSE
"VAV3",TRUE
"PSRC1",TRUE
"PTPN22",TRUE
"SORT1",TRUE
"WNT2B",TRUE
"PTGFRN",TRUE
"LAMTOR5",TRUE
"NOTCH2",TRUE
"TRIM45",TRUE
"CEPT1",TRUE
"CD101",TRUE
"AP4B1",TRUE
"NAPG",TRUE
"SPIRE1",TRUE
"PPHLN1",TRUE
"FKBP11",TRUE
"ARF3",TRUE
"TMEM106C",TRUE
"SLC38A2",TRUE
"PLEKHA8P1",TRUE
"YWHAQ",TRUE
"KIDINS220",TRUE
"GRHL1",TRUE
"ROCK2",TRUE
"RSAD2",TRUE
"MYCN",TRUE
"LPIN1",TRUE
"CMPK2",TRUE
"IAH1",TRUE
"LDHA",TRUE
"ANO3",FALSE
"IL6ST",TRUE
"FST",TRUE
"NAV1",TRUE
"CDC73",TRUE
"TIMM17A",TRUE
"CRB1",FALSE
"RPS15A",TRUE
"NARS1",TRUE
"RELCH",TRUE
"FBH1",TRUE
"RBM17",TRUE
"IL2RA",TRUE
"ANKRD16",TRUE
"ECHDC3",TRUE
"IL15RA",TRUE
"CCNH",TRUE
"TMEM241",TRUE
"KCTD1",TRUE
"CABLES1",TRUE
"DOCK2",TRUE
"EMP1",TRUE
"SOX5",TRUE
"RERG",FALSE
"KLRD1",TRUE
"KLRC1",FALSE
"LRP4",TRUE
"DDB2",TRUE
"ACP2",TRUE
"RTL8C",TRUE
"RBMX2",TRUE
"STK26",TRUE
"PIWIL4",TRUE
"PUM1",TRUE
"SPOCD1",TRUE
"YARS1",TRUE
"PHC2",TRUE
"CDCA8",TRUE
"GNL2",TRUE
"AGO4",TRUE
"HOOK1",TRUE
"CYP2J2",TRUE
"BTF3L4",TRUE
"TUT4",TRUE
"PRPF38A",TRUE
"DSC2",TRUE
"RNF138",TRUE
"ELP2",TRUE
"DSG1",FALSE
"DTNA",TRUE
"FHOD3",TRUE
"TPGS2",TRUE
"DAGLA",TRUE
"SLC43A3",TRUE
"TIMM10",TRUE
"DHX34",TRUE
"APLNR",TRUE
"FADS2",TRUE
"TMEM258",TRUE
"TCN1",FALSE
"C5AR2",TRUE
"TMEM165",TRUE
"CLOCK",TRUE
"PDGFRA",TRUE
"GGACT",TRUE
"COL4A2",TRUE
"DZIP1",TRUE
"UBAC2",TRUE
"ARGLU1",TRUE
"BIVM",TRUE
"ERCC5",TRUE
"TPP2",TRUE
"POGLUT2",TRUE
"CARS2",TRUE
"ARHGAP32",TRUE
"STT3A",TRUE
"ETS1",TRUE
"SLC37A2",TRUE
"TMED7",TRUE
"APC",TRUE
"NREP",TRUE
"WDR36",TRUE
"OSTF1",TRUE
"RFK",TRUE
"UBQLN1",TRUE
"NAA35",TRUE
"C9orf40",TRUE
"ANXA1",TRUE
"CTSL",TRUE
"CEMIP2",TRUE
"AGTPBP1",TRUE
"GOLM1",TRUE
"FAM189A2",TRUE
"PSAT1",TRUE
"ISCA1",TRUE
"ADAM19",TRUE
"HAVCR2",TRUE
"CCNJL",TRUE
"TAOK3",TRUE
"USP30",TRUE
"SDS",TRUE
"MSI1",TRUE
"FBXO21",TRUE
"TBX3",TRUE
"OASL",TRUE
"HRK",TRUE
"RNFT2",TRUE
"P2RX4",TRUE
"BICDL1",TRUE
"DTX1",TRUE
"TRAFD1",TRUE
"DMTF1",TRUE
"TMEM243",TRUE
"CCDC146",TRUE
"TMEM60",TRUE
"CD36",TRUE
"PNPLA8",TRUE
"HILPDA",TRUE
"RINT1",TRUE
"SRPK2",TRUE
"KCP",TRUE
"TES",TRUE
"MDFIC",TRUE
"MTO1",TRUE
"ADGRB3",TRUE
"ANKRD6",TRUE
"KHDC1",FALSE
"CEP162",TRUE
"SYNCRIP",TRUE
"SNX14",TRUE
"NT5E",TRUE
"MRAP2",FALSE
"AKIRIN2",TRUE
"ORC3",TRUE
"LCA5",TRUE
"MAP3K7",TRUE
"PRR5L",TRUE
"LMO2",TRUE
"PHF21A",TRUE
"NAT10",TRUE
"EHF",FALSE
"PRRG4",TRUE
"CAPRIN1",TRUE
"ATP5MC2",TRUE
"DNAJC14",TRUE
"CD63",TRUE
"PRPH",FALSE
"AVIL",TRUE
"GDF11",TRUE
"ITGA7",TRUE
"TESPA1",TRUE
"FAM186B",TRUE
"RDH5",TRUE
"AGAP2",TRUE
"BLOC1S1",TRUE
"CDK4",TRUE
"TROAP",TRUE
"TSPAN31",TRUE
"B4GALNT1",TRUE
"TFCP2",TRUE
"COQ10A",TRUE
"PAN2",TRUE
"ESPL1",TRUE
"KRT7",FALSE
"ZC3H10",TRUE
"HNRNPA1",TRUE
"SLC26A10",TRUE
"ACVR1B",TRUE
"OS9",TRUE
"KCNH3",FALSE
"LTV1",TRUE
"MAP7",TRUE
"CD164",TRUE
"AFG1L",TRUE
"NHSL1",TRUE
"AHI1",TRUE
"HEY2",TRUE
"PKIB",TRUE
"SMPD2",TRUE
"MICAL1",TRUE
"REPS1",TRUE
"STX11",TRUE
"TEC",TRUE
"PRADC1",TRUE
"SEMA4F",TRUE
"CCT7",TRUE
"RAB11FIP5",TRUE
"SMYD5",TRUE
"DYSF",TRUE
"CCDC142",TRUE
"KCNMB4",TRUE
"USP15",TRUE
"GNS",TRUE
"CPM",TRUE
"MDM2",TRUE
"KLHL36",TRUE
"MPHOSPH6",TRUE
"KIAA0513",TRUE
"DYNC1LI2",TRUE
"FBXL8",TRUE
"FHOD1",TRUE
"CCDC102A",TRUE
"SLC9A5",TRUE
"AGT",FALSE
"ZNF670-ZNF695",FALSE
"PCNX2",TRUE
"KCNK1",FALSE
"URB2",TRUE
"EGLN1",TRUE
"COG2",TRUE
"ABCB10",TRUE
"NTPCR",TRUE
"TAF5L",TRUE
"GLUL",TRUE
"STX6",TRUE
"RNASEL",TRUE
"DHX9",TRUE
"KIAA1614",TRUE
"CEP350",TRUE
"NPL",TRUE
"NIBAN1",TRUE
"PIGC",TRUE
"LAMC1",TRUE
"RC3H1",TRUE
"GPR55",FALSE
"SP110",TRUE
"MRPL44",TRUE
"PAX3",TRUE
"DOCK10",TRUE
"TTLL4",TRUE
"USP37",TRUE
"HTR2B",FALSE
"ITM2C",TRUE
"SLC19A3",TRUE
"SERPINE2",TRUE
"DNAJB2",TRUE
"WNT10A",FALSE
"TMBIM1",TRUE
"CYP27A1",TRUE
"EIF4E2",TRUE
"ARMC9",TRUE
"CAB39",TRUE
"COX5B",TRUE
"REV1",TRUE
"TSGA10",TRUE
"MFSD9",TRUE
"TMEM127",TRUE
"TGFBRAP1",TRUE
"GCC2",TRUE
"MRPS9",TRUE
"C2orf49",TRUE
"ANKRD36",TRUE
"EPC2",TRUE
"ARHGEF4",TRUE
"ISCU",TRUE
"ALDH1L2",TRUE
"STAB2",FALSE
"SCYL2",TRUE
"CKAP4",TRUE
"PLXNC1",TRUE
"APPL2",TRUE
"PWP1",TRUE
"DRAM1",TRUE
"WASHC4",TRUE
"SLC41A2",TRUE
"VILL",TRUE
"FLNB",TRUE
"NEK3",TRUE
"VPS36",TRUE
"RNASEH2B",TRUE
"CKAP2",TRUE
"TBC1D4",TRUE
"THSD1",TRUE
"BORA",TRUE
"LRCH1",TRUE
"SUCLA2",TRUE
"RCBTB1",TRUE
"MED4",TRUE
"PHF11",TRUE
"RPL13AP25",TRUE
"COG3",TRUE
"LMO7",TRUE
"SCEL",FALSE
"ITM2B",TRUE
"SPRY2",TRUE
"NUDT15",TRUE
"EDNRB",TRUE
"RCBTB2",TRUE
"LCP1",TRUE
"SETDB2",TRUE
"SCRN1",TRUE
"C7orf25",TRUE
"TNS3",TRUE
"CHST12",TRUE
"IGF2BP3",TRUE
"GPNMB",TRUE
"RAPGEF5",TRUE
"RAC1",TRUE
"KDELR2",TRUE
"NUP42",TRUE
"IL6",TRUE
"ZDHHC4",TRUE
"AOAH",TRUE
"BZW2",TRUE
"DGKB",FALSE
"TBRG4",TRUE
"DDX56",TRUE
"HUS1",TRUE
"NACAD",TRUE
"DBNL",TRUE
"CCM2",TRUE
"MYO1G",TRUE
"TTYH3",TRUE
"CIDEB",TRUE
"TTC5",TRUE
"NKX2-1",FALSE
"ZFHX2",TRUE
"MTHFS",TRUE
"ADAMTS7",TRUE
"ABHD17C",TRUE
"IREB2",TRUE
"ALPK3",TRUE
"TM6SF1",TRUE
"CIB2",TRUE
"CALCOCO2",TRUE
"RSAD1",TRUE
"NMT1",TRUE
"MYCBPAP",TRUE
"SRSF1",TRUE
"VEZF1",TRUE
"TACO1",TRUE
"TEX2",TRUE
"DCAF7",TRUE
"LIMD2",TRUE
"BRIP1",TRUE
"KAT7",TRUE
"RTP4",TRUE
"ACTL6A",TRUE
"NDUFB5",TRUE
"MRPL47",TRUE
"TRA2B",TRUE
"SCN2A",FALSE
"MARCHF7",TRUE
"ERMN",TRUE
"GALNT5",TRUE
"SCN7A",TRUE
"TANK",TRUE
"BLK",TRUE
"GATA4",TRUE
"SKIL",TRUE
"EPRS1",TRUE
"HLX",TRUE
"VPS45",TRUE
"KCTD3",TRUE
"RPS6KC1",TRUE
"CBWD2",TRUE
"IL1RN",TRUE
"SMPD4",TRUE
"WDR33",TRUE
"CCDC115",TRUE
"SAP130",TRUE
"BIN1",TRUE
"IMP4",TRUE
"HS6ST1",TRUE
"UGGT1",TRUE
"GYPC",TRUE
"STAM",TRUE
"GAD2",FALSE
"ABI1",TRUE
"YME1L1",TRUE
"DNAJC1",TRUE
"NIPSNAP3A",TRUE
"LRRC8A",TRUE
"CDK9",TRUE
"TXN",TRUE
"ODF2",TRUE
"ECPAS",TRUE
"TOR1B",TRUE
"C9orf78",TRUE
"SMC2",TRUE
"KLF4",TRUE
"TOR1A",TRUE
"RALGPS1",TRUE
"NIBAN2",TRUE
"ST6GALNAC4",TRUE
"TMOD1",TRUE
"DAB2IP",TRUE
"STXBP1",TRUE
"SLC2A8",TRUE
"ANGPTL2",TRUE
"CDK5RAP2",TRUE
"ZFP37",TRUE
"SLC31A2",TRUE
"SLC31A1",TRUE
"TLR4",TRUE
"ZNF189",TRUE
"STX17",TRUE
"PRPF4",TRUE
"FPGS",TRUE
"USP20",TRUE
"BAAT",FALSE
"ATP6V1G1",TRUE
"TEX10",TRUE
"GARNL3",TRUE
"MRPL50",TRUE
"DPM2",TRUE
"TSTD2",TRUE
"PSMB7",TRUE
"TRMO",TRUE
"RABEPK",TRUE
"GOLGA1",TRUE
"XPA",TRUE
"NCBP1",TRUE
"ANP32B",TRUE
"PDCL",TRUE
"RPL35",TRUE
"CTSV",FALSE
"LMX1B",TRUE
"ARPC5L",TRUE
"ENPP2",TRUE
"DSCC1",TRUE
"DERL1",TRUE
"MYC",TRUE
"CCN3",TRUE
"IL33",TRUE
"DMAC1",TRUE
"RANBP6",TRUE
"POLR1E",TRUE
"PLAA",TRUE
"IL11RA",TRUE
"UBAP2",TRUE
"APTX",TRUE
"RNF38",TRUE
"TLN1",TRUE
"CCL21",FALSE
"SIT1",TRUE
"DNAJB5",TRUE
"SPAG8",FALSE
"DCTN3",TRUE
"CD72",TRUE
"TMEM8B",TRUE
"GRHPR",TRUE
"ALDH1B1",TRUE
"HINT2",TRUE
"ARHGEF39",TRUE
"DENND4C",TRUE
"RPS6",TRUE
"CNPY3",TRUE
"FOXP4",TRUE
"PPIL1",TRUE
"KLC4",TRUE
"KIF13A",TRUE
"ZSCAN9",TRUE
"PIM1",TRUE
"GMPR",TRUE
"CMTR1",TRUE
"TFAP2A",TRUE
"YIPF3",TRUE
"TMEM14B",TRUE
"TMEM63B",TRUE
"FRS3",TRUE
"TJAP1",TRUE
"IRF4",TRUE
"SLC22A23",TRUE
"TUBB2A",TRUE
"LRRC1",TRUE
"FOXF2",TRUE
"BPHL",TRUE
"RIPK1",TRUE
"TUBB2B",TRUE
"UQCC2",TRUE
"HMGA1",TRUE
"TCF19",TRUE
"FLOT1",TRUE
"IER3",TRUE
"MDC1",TRUE
"PGBD1",TRUE
"ATAT1",TRUE
"TPMT",TRUE
"RNF144B",TRUE
"NRM",TRUE
"MTCH1",TRUE
"VARS2",TRUE
"TAF8",TRUE
"FAM8A1",TRUE
"FGFBP2",TRUE
"CPEB2",TRUE
"FHDC1",TRUE
"TLR2",TRUE
"MYO7A",TRUE
"FCHSD2",TRUE
"ARRB1",TRUE
"SLCO2B1",TRUE
"THAP12",TRUE
"ANKRD42",TRUE
"IL18BP",TRUE
"NUMA1",TRUE
"CCDC90B",TRUE
"SYTL2",TRUE
"RAB30",TRUE
"CREBZF",TRUE
"LRRC32",TRUE
"PRCP",TRUE
"NARS2",TRUE
"RNF121",TRUE
"MRPL15",TRUE
"PI15",TRUE
"TTPA",TRUE
"GGH",TRUE
"SLCO5A1",TRUE
"SULF1",TRUE
"TGS1",TRUE
"SDCBP",TRUE
"NEK1",TRUE
"DDX60",TRUE
"SORL1",TRUE
"BUD13",TRUE
"TRPC6",TRUE
"MMP7",FALSE
"DCUN1D5",TRUE
"YAP1",TRUE
"SLC37A4",TRUE
"RDX",TRUE
"PPP2R1B",TRUE
"FDX1",TRUE
"C11orf1",TRUE
"FXYD6",TRUE
"ARHGAP20",TRUE
"FXYD2",FALSE
"MMP13",FALSE
"TMPRSS13",TRUE
"CASP1",TRUE
"ALKBH8",TRUE
"MAP2K5",TRUE
"UNC13C",FALSE
"SQOR",TRUE
"CTDSPL2",TRUE
"SLTM",TRUE
"THBS1",TRUE
"MAPKBP1",TRUE
"NUSAP1",TRUE
"NDUFAF1",TRUE
"KIF23",TRUE
"ITGA11",TRUE
"KNL1",TRUE
"HAUS2",TRUE
"RTF1",TRUE
"PARP6",TRUE
"RPLP1",TRUE
"PAQR5",TRUE
"LRRC49",TRUE
"TUBGCP4",TRUE
"RMDN3",TRUE
"UACA",TRUE
"SMAD6",TRUE
"PLCB2",TRUE
"TMEM62",TRUE
"PAK6",FALSE
"ADAM10",TRUE
"DUOX1",TRUE
"STRA6",TRUE
"CYP19A1",FALSE
"ZNF280D",TRUE
"SEMA6D",TRUE
"RSL24D1",TRUE
"SPTBN5",TRUE
"GCHFR",TRUE
"BCAR3",TRUE
"TTLL7",TRUE
"FNBP1L",TRUE
"KYAT3",TRUE
"GTF2B",TRUE
"RABGGTB",TRUE
"IFI44L",TRUE
"GIPC2",FALSE
"ARHGAP29",TRUE
"IFI44",TRUE
"SLC44A5",TRUE
"RPL7P9",TRUE
"DNASE2B",FALSE
"DBT",TRUE
"RTCA",TRUE
"IFT172",TRUE
"SELENOI",TRUE
"CGREF1",TRUE
"HADHB",TRUE
"KHK",TRUE
"ADCY3",TRUE
"PPM1B",TRUE
"PNPT1",TRUE
"DYNC2LI1",TRUE
"THUMPD2",TRUE
"CYP1B1",TRUE
"RAB1A",TRUE
"ACTR2",TRUE
"PREB",TRUE
"SLC5A6",TRUE
"ABCG5",FALSE
"PREPL",TRUE
"EMILIN1",TRUE
"FBXO11",TRUE
"ATRAID",TRUE
"CENPO",TRUE
"LRPPRC",TRUE
"DTNB",TRUE
"ACTR1A",TRUE
"MFSD13A",TRUE
"MYOF",TRUE
"LOXL4",TRUE
"STAMBPL1",TRUE
"CH25H",FALSE
"ATAD1",TRUE
"KIF11",TRUE
"CUZD1",TRUE
"TACC2",TRUE
"DUSP5",TRUE
"CALHM2",TRUE
"ARL3",TRUE
"CEP55",TRUE
"KIF20B",TRUE
"ENTPD1",TRUE
"EXOC6",TRUE
"PLCE1",TRUE
"DBR1",TRUE
"DNAJC13",TRUE
"ANXA7",TRUE
"FAM149B1",TRUE
"ASCC1",TRUE
"ZNF365",TRUE
"ADAMTS14",TRUE
"RPS24",TRUE
"TET1",TRUE
"DNA2",TRUE
"MYPN",FALSE
"AOX1",TRUE
"ATIC",TRUE
"SMARCAL1",TRUE
"BARD1",TRUE
"STAT4",TRUE
"CARF",TRUE
"ASNSD1",TRUE
"METTL5",TRUE
"SSB",TRUE
"NAB1",TRUE
"CDK15",TRUE
"PPIG",TRUE
"FASTKD1",TRUE
"HECW2",TRUE
"IDH1",TRUE
"OLA1",TRUE
"CIR1",TRUE
"ITPRID2",TRUE
"CHRNA1",FALSE
"FAM117B",TRUE
"WDR12",TRUE
"ABI2",TRUE
"ITGAV",TRUE
"SLC40A1",TRUE
"SLC35A5",TRUE
"SLC49A4",TRUE
"SENP7",TRUE
"COX17",TRUE
"PARP9",TRUE
"MNS1",TRUE
"USP8",TRUE
"SECISBP2L",TRUE
"TMOD3",TRUE
"SPPL2A",TRUE
"GLCE",TRUE
"SHF",TRUE
"APH1B",TRUE
"INTS14",TRUE
"CILP",TRUE
"PARP16",TRUE
"PPCDC",TRUE
"SEMA7A",TRUE
"UBL7",TRUE
"ARHGAP24",TRUE
"FAM13A",TRUE
"HERC3",TRUE
"HERC6",TRUE
"HERC5",TRUE
"PCDH10",FALSE
"ZGRF1",TRUE
"AP1AR",TRUE
"COPS4",TRUE
"HNRNPD",TRUE
"PRKG2",TRUE
"RASGEF1B",TRUE
"SEC31A",TRUE
"GPAT3",TRUE
"FGF2",TRUE
"BBS7",TRUE
"KIAA1109",TRUE
"BMPR1B",TRUE
"RAP1GDS1",TRUE
"LARP1B",TRUE
"MMRN1",TRUE
"PDE5A",TRUE
"PRDM5",TRUE
"NAAA",TRUE
"NUP54",TRUE
"CXCL9",TRUE
"BMP2K",TRUE
"G3BP2",TRUE
"SEPTIN11",TRUE
"FRAS1",TRUE
"SCARB2",TRUE
"CCNG2",TRUE
"CNOT6L",TRUE
"USO1",TRUE
"CDKL2",FALSE
"SHROOM3",TRUE
"ANXA3",TRUE
"PPA2",TRUE
"CENPE",TRUE
"GSTCD",TRUE
"INTS12",TRUE
"ENPEP",TRUE
"CASP6",TRUE
"LEF1",TRUE
"HADH",TRUE
"EGF",TRUE
"PAPSS1",TRUE
"SEC24B",TRUE
"PPP3CA",TRUE
"SLC39A8",TRUE
"MTTP",FALSE
"FBN2",TRUE
"MAPK8IP3",TRUE
"RGS3",TRUE
"GUCD1",TRUE
"RNF185",TRUE
"SHISAL1",TRUE
"PARVG",TRUE
"B4GALNT3",TRUE
"ERP27",TRUE
"ETV6",TRUE
"GABARAPL1",TRUE
"KIF21A",TRUE
"CPNE8",TRUE
"YARS2",TRUE
"FGD4",TRUE
"ALG10",TRUE
"SINHCAF",TRUE
"AEBP2",TRUE
"SLCO1C1",FALSE
"ETFBKMT",TRUE
"ETNK1",TRUE
"ZCRB1",TRUE
"TMEM117",TRUE
"PRICKLE1",TRUE
"C1RL",TRUE
"NDUFA9",TRUE
"CLSTN3",TRUE
"KLRG1",TRUE
"VAMP1",TRUE
"TAPBPL",TRUE
"CD27",TRUE
"RBP5",FALSE
"PEX5",TRUE
"AMIGO2",TRUE
"SCAF11",TRUE
"COL2A1",FALSE
"PPFIA2",TRUE
"LLPH",TRUE
"RPL14P1",TRUE
"LRIG3",TRUE
"MARCHF9",TRUE
"GLIPR1",TRUE
"PHLDA1",TRUE
"TMEM19",TRUE
"LGR5",FALSE
"PTPRQ",FALSE
"DUSP6",TRUE
"POC1B",TRUE
"TMTC3",TRUE
"LUM",TRUE
"SNRPF",TRUE
"AMDHD1",FALSE
"NEDD1",TRUE
"SYCP3",TRUE
"GAS2L3",TRUE
"SLC15A4",TRUE
"TDG",TRUE
"RITA1",TRUE
"SDSL",TRUE
"MMAB",TRUE
"GLTP",TRUE
"GIT2",TRUE
"TCHP",TRUE
"FAM222A",TRUE
"NUP58",TRUE
"MTMR6",TRUE
"SLC46A3",TRUE
"SLC7A1",TRUE
"LNX2",TRUE
"SUOX",TRUE
"TARBP2",TRUE
"RDH16",TRUE
"ACVRL1",TRUE
"GPR84",FALSE
"NABP2",TRUE
"N4BP2L1",TRUE
"SMARCC2",TRUE
"BRCA2",TRUE
"KANSL2",TRUE
"CERS5",TRUE
"MAP3K12",TRUE
"ITGB7",TRUE
"GALNT6",TRUE
"CSAD",TRUE
"LMBR1L",TRUE
"C12orf10",TRUE
"ESYT1",TRUE
"TMBIM6",TRUE
"ANKRD52",TRUE
"ZNF740",TRUE
"WDFY2",TRUE
"HNRNPA1L2",TRUE
"LPAR6",TRUE
"ESD",TRUE
"RB1",TRUE
"SBNO1",TRUE
"SETD1B",TRUE
"VPS33A",TRUE
"VPS37B",TRUE
"RHOF",TRUE
"DENR",TRUE
"DIAPH3",TRUE
"SLAIN1",TRUE
"RBM26",TRUE
"MBNL2",TRUE
"ABHD13",TRUE
"RAB20",TRUE
"GRTP1",TRUE
"CUL4A",TRUE
"TTC6",FALSE
"CDH24",TRUE
"CBLN3",TRUE
"NOVA1",TRUE
"MDGA2",TRUE
"TMX1",TRUE
"FRMD6",TRUE
"PELI2",TRUE
"RTN1",TRUE
"ARMH4",TRUE
"SYT16",FALSE
"SLC38A6",TRUE
"NAA30",TRUE
"DCAF5",TRUE
"RAB15",TRUE
"WDR89",TRUE
"ESR2",TRUE
"STON2",TRUE
"EFCAB11",TRUE
"GPR65",TRUE
"PTGR2",TRUE
"JDP2",TRUE
"SLC24A4",TRUE
"FBLN5",TRUE
"CLBA1",TRUE
"WARS1",TRUE
"WDR20",TRUE
"NIPA2",TRUE
"SLC12A6",TRUE
"DUOXA1",FALSE
"MFAP1",TRUE
"TCF12",TRUE
"SORD",TRUE
"SERF2",TRUE
"ZSCAN29",TRUE
"DUOX2",FALSE
"LYSMD2",TRUE
"FGF7",TRUE
"BNIP2",TRUE
"GTF2A2",TRUE
"SRP14",TRUE
"BAHD1",TRUE
"DISP2",TRUE
"CDAN1",TRUE
"TLE3",TRUE
"ANP32A",TRUE
"COMMD4",TRUE
"UBE2Q2",TRUE
"PSTPIP1",TRUE
"ETFA",TRUE
"BCL2A1",TRUE
"HMG20A",TRUE
"SCAPER",TRUE
"TSPAN3",TRUE
"WDR61",TRUE
"NCOA2",TRUE
"NEIL1",TRUE
"MAN2C1",TRUE
"DNAJA4",TRUE
"TLNRD1",TRUE
"TPM1",TRUE
"IGF1R",TRUE
"ARRDC4",TRUE
"PIF1",TRUE
"USP3",TRUE
"BBS4",TRUE
"PML",TRUE
"CYP1A1",FALSE
"ADAMTS17",TRUE
"LINS1",TRUE
"PCSK6",TRUE
"CCDC33",FALSE
"SCAMP2",TRUE
"HAPLN3",TRUE
"POLG",TRUE
"RLBP1",TRUE
"FANCI",TRUE
"ABHD2",TRUE
"TICRR",TRUE
"NTRK3",TRUE
"DET1",TRUE
"MFGE8",TRUE
"ZNF710",TRUE
"UNC45A",TRUE
"ST8SIA2",FALSE
"MCTP2",TRUE
"FURIN",TRUE
"IQGAP1",TRUE
"CRTC3",TRUE
"EFL1",TRUE
"SEC11A",TRUE
"GLYR1",TRUE
"PMM2",TRUE
"ITGAX",TRUE
"TGFB1I1",TRUE
"C16orf58",TRUE
"ARMC5",TRUE
"PARN",TRUE
"FTO",TRUE
"UQCRC2",TRUE
"CDR2",TRUE
"IGSF6",TRUE
"ARHGAP17",TRUE
"MYLK3",TRUE
"NKD1",TRUE
"DHX38",TRUE
"TXNL4B",TRUE
"ZFHX3",TRUE
"CPNE2",TRUE
"NLRC5",TRUE
"KATNB1",TRUE
"KIFC3",TRUE
"NUDT7",TRUE
"GCSH",TRUE
"CMTM3",TRUE
"CDH11",TRUE
"NOL3",TRUE
"MAP1LC3B",TRUE
"MBTPS1",TRUE
"CDH13",TRUE
"ZCCHC14",TRUE
"MEAK7",TRUE
"OSGIN1",TRUE
"IRF8",TRUE
"RHOT2",TRUE
"ZSCAN32",TRUE
"RPS2",TRUE
"NDUFB10",TRUE
"PDPK1",TRUE
"TIGD7",TRUE
"DEF8",TRUE
"TCF25",TRUE
"GALNS",TRUE
"GAS8",TRUE
"MED9",TRUE
"NCOR1",TRUE
"COPS3",TRUE
"GID4",TRUE
"ZNF287",TRUE
"MYOCD",FALSE
"KSR1",TRUE
"UTP4",TRUE
"RANBP10",TRUE
"GFOD2",TRUE
"NOB1",TRUE
"PRPSAP2",TRUE
"PCTP",TRUE
"TOM1L1",TRUE
"C17orf80",TRUE
"TOB1",TRUE
"VPS53",TRUE
"SPATA22",FALSE
"SGSM2",TRUE
"NPEPPS",TRUE
"SKAP1",TRUE
"SCRN2",TRUE
"SSH2",TRUE
"RHBDL3",FALSE
"ARSG",TRUE
"ABCA8",TRUE
"G6PC3",TRUE
"CLTC",TRUE
"BCAS3",TRUE
"PTRH2",TRUE
"SS18",TRUE
"TAF4B",TRUE
"AFG3L2",TRUE
"PRELID3A",TRUE
"IMPA2",TRUE
"GNAL",TRUE
"SLC39A6",TRUE
"RPRD1A",TRUE
"C18orf21",TRUE
"GALNT1",TRUE
"ASXL3",FALSE
"GAREM1",TRUE
"ESCO1",TRUE
"OSBPL1A",TRUE
"GATA6",TRUE
"GREB1L",TRUE
"RMC1",TRUE
"PELP1",TRUE
"NPC1",TRUE
"SLC14A1",FALSE
"ARRB2",TRUE
"ZMYND15",TRUE
"WRAP53",TRUE
"MINK1",TRUE
"SAT2",TRUE
"ASGR1",FALSE
"PIK3R5",TRUE
"TP53",TRUE
"CCDC40",TRUE
"ARHGDIA",TRUE
"TMC6",TRUE
"SLC16A3",TRUE
"CARD14",TRUE
"TTYH2",TRUE
"RAB40B",TRUE
"EIF4A3",TRUE
"CSNK1D",TRUE
"ANAPC11",TRUE
"TBCD",TRUE
"FN3KRP",TRUE
"NARF",TRUE
"RPTOR",TRUE
"FOXK2",TRUE
"TRIM65",TRUE
"CBX8",TRUE
"SECTM1",TRUE
"RNF157",TRUE
"CEP131",TRUE
"WDR45B",TRUE
"CBX4",TRUE
"RNF165",TRUE
"DYM",TRUE
"MAPK4",TRUE
"ELAC1",TRUE
"MBD1",TRUE
"SMAD4",TRUE
"TNFRSF11A",TRUE
"ZCCHC2",TRUE
"FBXO15",FALSE
"PMAIP1",TRUE
"P3H4",TRUE
"NT5C3B",TRUE
"RETREG3",TRUE
"ERBB2",TRUE
"MIEN1",TRUE
"IGFBP4",TRUE
"FKBP10",TRUE
"TXNL4A",TRUE
"CACNA1A",TRUE
"MISP3",TRUE
"SAMD1",TRUE
"BRD4",TRUE
"SLC39A3",TRUE
"NFIC",TRUE
"TPGS1",TRUE
"PLPP2",TRUE
"PRDM15",TRUE
"PFKL",TRUE
"FEM1A",TRUE
"VAV1",TRUE
"MVB12A",TRUE
"SH3GL1",TRUE
"DUS3L",TRUE
"DPP9",TRUE
"CCDC97",TRUE
"ZFP14",TRUE
"SIRT3",TRUE
"IFITM3",TRUE
"PGGHG",TRUE
"HUNK",TRUE
"COL6A1",TRUE
"IFNAR1",TRUE
"SOD1",TRUE
"COL6A2",TRUE
"SIK1",TRUE
"TRPM2",TRUE
"SCYL1",TRUE
"TMEM50B",TRUE
"APP",TRUE
"DOP1B",TRUE
"URB1",TRUE
"AKT1",TRUE
"EMP3",TRUE
"SAE1",TRUE
"NTN5",FALSE
"LMTK3",FALSE
"GEMIN7",TRUE
"WTIP",TRUE
"ADAMTS10",TRUE
"RNPEPL1",TRUE
"CAPN10",TRUE
"MYO1F",TRUE
"ERVK3-1",TRUE
"NLRP12",FALSE
"CACNG8",FALSE
"ZNF787",TRUE
"TIMM29",TRUE
"FBN3",FALSE
"CARM1",TRUE
"EVI5L",TRUE
"SLC47A1",TRUE
"PSMB6",TRUE
"SIGLEC10",TRUE
"ZNF473",TRUE
"RPS11",TRUE
"RPL13A",TRUE
"CTU1",TRUE
"NOSIP",TRUE
"RCN3",TRUE
"ZNF614",TRUE
"SLC2A5",TRUE
"RERE",TRUE
"MMEL1",FALSE
"PRDM16",TRUE
"FHAD1",TRUE
"EPHA2",TRUE
"ARHGEF19",TRUE
"EFHD2",TRUE
"PEX14",TRUE
"PGD",TRUE
"SH3BGRL3",TRUE
"CNKSR1",TRUE
"RPL11",TRUE
"ZNF593",TRUE
"C1orf216",TRUE
"KIAA0319L",TRUE
"EVA1B",TRUE
"PLK4",TRUE
"MAP3K6",TRUE
"GPN2",TRUE
"SYTL1",TRUE
"WDTC1",TRUE
"NBPF3",TRUE
"HSPG2",TRUE
"ITGB3BP",TRUE
"SERBP1",TRUE
"BCL10",TRUE
"CCN1",TRUE
"PRKACB",TRUE
"PIGK",TRUE
"TINAGL1",TRUE
"AZIN2",TRUE
"RPS8",TRUE
"KIF2C",TRUE
"PTPRF",TRUE
"MOB3C",TRUE
"CYP4B1",FALSE
"LMO4",TRUE
"SYPL2",TRUE
"MTF2",TRUE
"SLC44A3",TRUE
"IGSF3",TRUE
"ZNF697",TRUE
"CTTNBP2NL",TRUE
"STRIP1",TRUE
"PSMA5",TRUE
"C1orf162",TRUE
"CD53",TRUE
"CELSR2",TRUE
"ITGA10",TRUE
"GPR161",TRUE
"ALDH9A1",TRUE
"ATP1B1",TRUE
"TIPRL",TRUE
"NME7",TRUE
"POGK",TRUE
"MPC2",TRUE
"CREG1",TRUE
"DCAF6",TRUE
"RXRG",TRUE
"TBX19",TRUE
"UCK2",TRUE
"TMCO1",TRUE
"POU2F1",TRUE
"ILDR2",TRUE
"DPT",TRUE
"MGST3",TRUE
"COP1",TRUE
"NECTIN4",FALSE
"UFC1",TRUE
"PPOX",TRUE
"FCGR2A",TRUE
"NUF2",TRUE
"RGS5",TRUE
"SDHC",TRUE
"PFDN2",TRUE
"USP21",TRUE
"PRCC",TRUE
"FCRL5",TRUE
"RRNAD1",TRUE
"MRPL24",TRUE
"PIGM",TRUE
"ISG20L2",TRUE
"CRABP2",TRUE
"HDGF",TRUE
"ABL2",TRUE
"XPR1",TRUE
"RGS16",TRUE
"TOR1AIP1",TRUE
"FAM163A",FALSE
"HMCN1",TRUE
"RGL1",TRUE
"LYPLAL1",TRUE
"PRUNE1",TRUE
"RORC",FALSE
"TUFT1",TRUE
"SF3B4",TRUE
"ECM1",TRUE
"ZNF687",TRUE
"TARS2",TRUE
"CGN",TRUE
"SNX27",TRUE
"SETDB1",TRUE
"ADAMTSL4",TRUE
"MCL1",TRUE
"CTSK",TRUE
"RFX5",TRUE
"PI4KB",TRUE
"PIP5K1A",TRUE
"ANP32E",TRUE
"MINDY1",TRUE
"SELENBP1",TRUE
"CERS2",TRUE
"ENSA",TRUE
"LSP1P4",TRUE
"SEMA6C",TRUE
"MRPL9",TRUE
"ARNT",TRUE
"POGZ",TRUE
"C1orf56",TRUE
"HORMAD1",TRUE
"GOLPH3L",TRUE
"GABPB2",TRUE
"SYT14",TRUE
"KCNH1",TRUE
"DTL",TRUE
"DYRK3",TRUE
"EIF2D",TRUE
"INTS7",TRUE
"VASH2",TRUE
"TAF1A",TRUE
"SMYD2",TRUE
"SUSD4",FALSE
"DUSP10",TRUE
"TP53BP2",TRUE
"ATP8B2",TRUE
"ADAM15",TRUE
"JTB",TRUE
"RAB13",TRUE
"S100A8",TRUE
"TPM3",TRUE
"NUP210L",TRUE
"SNAPIN",TRUE
"SLC27A3",TRUE
"UBAP2L",TRUE
"SLC39A1",TRUE
"HAX1",TRUE
"CREB3L4",TRUE
"EFNA3",FALSE
"KCNN3",TRUE
"C1orf43",TRUE
"GATAD2B",TRUE
"ILF2",TRUE
"RIT1",TRUE
"INTS3",TRUE
"PKLR",FALSE
"HCN3",TRUE
"FLG",FALSE
"C1orf131",TRUE
"GALNT2",TRUE
"TTC13",TRUE
"SCCPDH",TRUE
"LYST",TRUE
"MAP3K21",TRUE
"CEP170",TRUE
"ACP1",TRUE
"SNAP47",TRUE
"SRP9",TRUE
"NVL",TRUE
"SDE2",TRUE
"DEGS1",TRUE
"FBXO28",TRUE
"ARF1",TRUE
"CNIH4",TRUE
"ITPKB",TRUE
"GUK1",TRUE
"CDC42BPA",TRUE
"CNIH3",TRUE
"C1orf35",TRUE
"MBOAT2",TRUE
"PARP1",TRUE
"PSEN2",TRUE
"PYCR2",TRUE
"LBR",TRUE
"WNT9A",FALSE
"EPHX1",TRUE
"SOX13",TRUE
"ETNK2",TRUE
"PPFIA4",TRUE
"PLEKHA6",TRUE
"PTPN7",TRUE
"ARL8A",TRUE
"OSR1",FALSE
"GDF7",TRUE
"PDIA6",TRUE
"RHOB",TRUE
"ATP6V1C2",FALSE
"HNRNPLL",TRUE
"GALM",TRUE
"CAMKMT",TRUE
"EML4",TRUE
"CALM2",TRUE
"RPS27A",TRUE
"WDPCP",TRUE
"VPS54",TRUE
"ASXL2",TRUE
"ETAA1",TRUE
"SNRPG",TRUE
"MEIS1",TRUE
"CIAO1",TRUE
"ZNF514",TRUE
"SNRNP200",TRUE
"MRPS5",TRUE
"ANKRD53",FALSE
"TPRKB",TRUE
"EXOC6B",TRUE
"SFXN5",TRUE
"TEX261",TRUE
"DUSP11",TRUE
"ST6GAL2",TRUE
"NPHP1",TRUE
"MALL",FALSE
"THNSL2",TRUE
"RALB",TRUE
"TMEM177",TRUE
"RABL2A",TRUE
"SLC20A1",TRUE
"FBLN7",TRUE
"ZC3H8",TRUE
"LIPT1",TRUE
"FAHD2B",TRUE
"LYG1",FALSE
"AFF3",TRUE
"UBXN4",TRUE
"SPOPL",TRUE
"THSD7B",FALSE
"POLR2D",TRUE
"AMMECR1L",TRUE
"PKP4",TRUE
"SCN1A",FALSE
"SCRN3",TRUE
"LNPK",TRUE
"ZNF385B",FALSE
"CDCA7",TRUE
"DLX1",TRUE
"UBR3",TRUE
"PHOSPHO2",TRUE
"GULP1",TRUE
"FAM171B",TRUE
"HSPD1",TRUE
"CCDC150",TRUE
"METTL21A",TRUE
"UNC80",TRUE
"PTH2R",FALSE
"NBEAL1",TRUE
"KANSL1L",TRUE
"SPAG16",TRUE
"SUMF1",TRUE
"RHBDD1",TRUE
"ACKR3",TRUE
"TRPM8",TRUE
"HES6",TRUE
"ANKMY1",TRUE
"COPS7B",TRUE
"DIS3L2",TRUE
"FANCD2",TRUE
"TAMM41",TRUE
"VGLL4",TRUE
"RAB5A",TRUE
"RETREG2",TRUE
"CTDSP1",TRUE
"CNOT9",TRUE
"STK11IP",TRUE
"GMPPA",TRUE
"GRIP2",TRUE
"EAF1",TRUE
"CNTN4",TRUE
"DYNC1LI1",TRUE
"RBMS3",TRUE
"OSBPL10",TRUE
"POMGNT2",TRUE
"ACKR2",FALSE
"GASK1A",TRUE
"CSRNP1",TRUE
"SLC25A38",TRUE
"ITGA9",TRUE
"GOLGA4",TRUE
"CTDSPL",TRUE
"STAC",FALSE
"IQSEC1",TRUE
"CAND2",TRUE
"RPL32",TRUE
"PTPRG",TRUE
"IL17RD",TRUE
"SHQ1",TRUE
"SLC25A26",TRUE
"UBA3",TRUE
"ARL6IP5",TRUE
"TMF1",TRUE
"LRIG1",TRUE
"LIMD1",TRUE
"ZNF660",TRUE
"NFKBIZ",TRUE
"COL8A1",TRUE
"NXPE3",TRUE
"MYH15",FALSE
"PHLDB2",TRUE
"ABHD10",TRUE
"PLA1A",TRUE
"RABL3",TRUE
"ADPRH",TRUE
"IGSF11",TRUE
"ATG3",TRUE
"BOC",TRUE
"SRPRB",TRUE
"TMEM108",TRUE
"MED12L",TRUE
"EIF2A",TRUE
"ALDH1L1",TRUE
"OSBPL11",TRUE
"TRPC1",TRUE
"NCEH1",TRUE
"LPP",TRUE
"TMEM44",TRUE
"RUBCN",TRUE
"AMT",FALSE
"TCTA",TRUE
"UCN2",FALSE
"DCAF1",TRUE
"MANF",TRUE
"CCDC39",TRUE
"STXBP5L",FALSE
"EAF2",TRUE
"TM4SF19",FALSE
"MUC4",FALSE
"SLIT2",TRUE
"EIF2B5",TRUE
"ECE2",TRUE
"DGKQ",TRUE
"FIP1L1",TRUE
"SLC26A1",TRUE
"LYAR",TRUE
"CENPC",TRUE
"EPHA5",TRUE
"CORIN",FALSE
"ATP10D",TRUE
"OCIAD2",TRUE
"SCD5",TRUE
"PLAC8",TRUE
"ENOPH1",TRUE
"TRMT10A",TRUE
"KLHL8",TRUE
"SNCA",TRUE
"PYURF",TRUE
"TBCK",TRUE
"CAMK2D",TRUE
"CISD2",TRUE
"DDIT4L",TRUE
"ANK2",TRUE
"TIFA",TRUE
"SPATA5",TRUE
"CCNA2",TRUE
"METTL14",TRUE
"USP53",TRUE
"SETD7",TRUE
"NAF1",TRUE
"MARCHF1",TRUE
"SFRP2",TRUE
"RPS3A",TRUE
"RNF175",TRUE
"PDGFC",TRUE
"CBR4",TRUE
"CYP4V2",TRUE
"NDUFS6",TRUE
"MARCHF6",TRUE
"NKD2",TRUE
"ADAMTS16",TRUE
"SRD5A1",TRUE
"MYO10",TRUE
"OTULINL",TRUE
"RPL37",TRUE
"SKP2",TRUE
"OSMR",TRUE
"PLK2",TRUE
"SHISAL2B",FALSE
"GZMA",TRUE
"PIK3R1",TRUE
"HAPLN1",FALSE
"LHFPL2",TRUE
"SSBP2",TRUE
"ANKRD31",TRUE
"IQGAP2",TRUE
"RASA1",TRUE
"GIN1",TRUE
"PPIP5K2",TRUE
"PAM",TRUE
"BDP1",TRUE
"GTF2H2",TRUE
"SLC30A5",TRUE
"BTF3",TRUE
"FBXL17",TRUE
"SPATA9",TRUE
"TNFAIP8",TRUE
"FEM1C",TRUE
"COMMD10",TRUE
"ATG12",TRUE
"MEGF10",TRUE
"YIPF5",TRUE
"ARHGAP26",TRUE
"CXCL14",TRUE
"DDX46",TRUE
"RNF145",TRUE
"GABRB2",FALSE
"FBXO38",TRUE
"PCYOX1L",TRUE
"TNIP1",TRUE
"G3BP1",TRUE
"ZNF300",TRUE
"N4BP3",TRUE
"NHP2",TRUE
"RMND5B",TRUE
"BOD1",TRUE
"TENM2",FALSE
"KCNMB1",TRUE
"FAM50B",TRUE
"MYLK4",TRUE
"TBC1D7",TRUE
"FARS2",TRUE
"GFOD1",TRUE
"CDKAL1",TRUE
"PCDHB18P",TRUE
"PSD2",FALSE
"LRRTM2",TRUE
"ZMAT2",TRUE
"GFRA3",FALSE
"KLHL3",TRUE
"DCDC2",TRUE
"TRIM7",TRUE
"TRIM41",TRUE
"HIGD2A",TRUE
"FAM193B",TRUE
"PLA2G7",TRUE
"TNFRSF21",TRUE
"RNF44",TRUE
"MMUT",TRUE
"RASGEF1C",TRUE
"DOK3",TRUE
"ABT1",TRUE
"PPP1R18",TRUE
"DAAM2",TRUE
"PRIM2",TRUE
"MLIP",TRUE
"FGD2",TRUE
"SCUBE3",TRUE
"ANO7",TRUE
"RPL7L1",TRUE
"NFKBIE",TRUE
"CYP39A1",TRUE
"TPBG",TRUE
"IRAK1BP1",TRUE
"PHIP",TRUE
"MMS22L",TRUE
"FAXC",TRUE
"PNRC1",TRUE
"PM20D2",TRUE
"RARS2",TRUE
"SCML4",TRUE
"TBC1D32",TRUE
"RNF217",TRUE
"RSPO3",FALSE
"ARHGAP18",TRUE
"ABRACL",TRUE
"SLC18B1",TRUE
"MTFR2",TRUE
"SLC2A12",FALSE
"SHPRH",TRUE
"AIG1",TRUE
"DYNLT1",TRUE
"TIAM2",TRUE
"TMEM181",TRUE
"PNLDC1",FALSE
"WTAP",TRUE
"ZMYM4",TRUE
"ARMT1",TRUE
"SLC22A3",TRUE
"VWDE",FALSE
"GNA12",TRUE
"C7orf50",TRUE
"SDK1",TRUE
"WASH2P",TRUE
"CCZ1B",TRUE
"C7orf26",TRUE
"RBAK",TRUE
"CREB5",TRUE
"EGFR",TRUE
"CDCA5",TRUE
"IGFBP3",TRUE
"PURB",TRUE
"MDH2",TRUE
"POMZP3",TRUE
"NIPSNAP2",TRUE
"CCT6A",TRUE
"PSPH",TRUE
"ZNF92",TRUE
"ATXN7L1",TRUE
"TMEM168",TRUE
"MAP11",TRUE
"SLC12A9",TRUE
"GIGYF1",TRUE
"TRIM4",TRUE
"MEPCE",TRUE
"TMEM209",TRUE
"AGBL3",TRUE
"ZC3HAV1L",TRUE
"TMEM140",TRUE
"TLK2",TRUE
"EPHA1",FALSE
"NOM1",TRUE
"NCAPG2",TRUE
"NLGN4X",TRUE
"SHROOM2",TRUE
"LUC7L2",TRUE
"DENND2A",TRUE
"SH3KBP1",TRUE
"TMEM47",TRUE
"LANCL3",FALSE
"SYTL5",TRUE
"CASK",TRUE
"KDM6A",TRUE
"MSN",TRUE
"CCNB3",FALSE
"HDAC8",TRUE
"SLC16A2",TRUE
"DIPK2B",TRUE
"ZNF182",TRUE
"CHST7",TRUE
"KRBOX4",TRUE
"NDUFB11",TRUE
"ZNF41",TRUE
"ZMYM3",TRUE
"TAF1",TRUE
"GPR174",TRUE
"NONO",TRUE
"CCDC120",TRUE
"LPAR4",FALSE
"EBP",TRUE
"OGT",TRUE
"SNX12",TRUE
"ITGB1BP2",TRUE
"IL2RG",TRUE
"GCNA",TRUE
"ZNF711",TRUE
"DIAPH2",TRUE
"PRPS1",TRUE
"RADX",TRUE
"FRMPD3",TRUE
"DOCK11",TRUE
"GPC3",TRUE
"RBMX",TRUE
"MCPH1",TRUE
"MFHAS1",TRUE
"FBXO25",TRUE
"MAGEA4",FALSE
"NSDHL",TRUE
"ZNF185",TRUE
"CETN2",TRUE
"RPL10",TRUE
"CSGALNACT1",TRUE
"ATP6V1B2",TRUE
"CCDC25",TRUE
"HMBOX1",TRUE
"CHRNA6",FALSE
"GNRH1",TRUE
"BIN3",TRUE
"DOK2",TRUE
"SLC25A37",TRUE
"CHMP7",TRUE
"DOCK5",TRUE
"PLPBP",TRUE
"ERLIN2",TRUE
"SNTG1",FALSE
"PXDNL",TRUE
"ST18",TRUE
"RGS20",TRUE
"TACC1",TRUE
"GOLGA7",TRUE
"PLPP5",TRUE
"GINS4",TRUE
"NSD3",TRUE
"DNAJC5B",FALSE
"ADHFE1",TRUE
"MRPS28",TRUE
"PMP2",FALSE
"LACTB2",TRUE
"TERF1",TRUE
"RPL7",TRUE
"SLC26A7",FALSE
"ATP6V0D2",FALSE
"SYBU",FALSE
"MTDH",TRUE
"LRP12",TRUE
"EBAG9",TRUE
"POLR2K",TRUE
"MAL2",FALSE
"EIF3H",TRUE
"UTP23",TRUE
"NDUFB9",TRUE
"TATDN1",TRUE
"GSDMC",FALSE
"FAM135B",FALSE
"ZNF7",TRUE
"ARHGAP39",TRUE
"SLC39A4",TRUE
"NAPRT",TRUE
"VLDLR",TRUE
"AK3",TRUE
"UHRF2",TRUE
"NFIB",TRUE
"PLIN2",TRUE
"HAUS6",TRUE
"CDKN2B",TRUE
"CDKN2A",TRUE
"C9orf72",TRUE
"ZCCHC7",TRUE
"FBXO10",TRUE
"SIGMAR1",TRUE
"CBWD5",TRUE
"CEP78",TRUE
"NTRK2",TRUE
"IDNK",TRUE
"SHC3",TRUE
"AUH",TRUE
"MFSD14B",TRUE
"AOPEP",TRUE
"ZNF462",TRUE
"INIP",TRUE
"UGCG",TRUE
"SNX30",TRUE
"STOM",TRUE
"GSN",TRUE
"MRRF",TRUE
"NR6A1",TRUE
"ALAD",TRUE
"ASTN2",TRUE
"WDR31",TRUE
"POLE3",TRUE
"SURF4",TRUE
"GBGT1",TRUE
"SURF1",TRUE
"SURF2",TRUE
"SURF6",TRUE
"MED22",TRUE
"REXO4",TRUE
"RPL7A",TRUE
"GTF3C5",TRUE
"ASB6",TRUE
"PTGES2",TRUE
"NTMT1",TRUE
"CIZ1",TRUE
"SLC25A25",TRUE
"SH3GLB2",TRUE
"MIGA2",TRUE
"PTGES",TRUE
"LRSAM1",TRUE
"HMCN2",TRUE
"GPR107",TRUE
"PAXX",TRUE
"INPP5E",TRUE
"SEC16A",TRUE
"DPH7",TRUE
"NOTCH1",TRUE
"CACNA1B",FALSE
"NACC2",TRUE
"PROSER2",TRUE
"USP6NL",TRUE
"COMMD3",TRUE
"MSRB2",TRUE
"PDSS1",TRUE
"FAM171A1",TRUE
"MINDY3",TRUE
"TMEM236",TRUE
"RSU1",TRUE
"ST8SIA6",TRUE
"PARD3",TRUE
"ZEB1",TRUE
"FAM13C",TRUE
"NRBF2",TRUE
"CDHR1",FALSE
"POLR3A",TRUE
"HERC4",TRUE
"LRMDA",TRUE
"CAMK2G",TRUE
"ADIRF",FALSE
"GLUD1",TRUE
"HTR7",TRUE
"RPP30",TRUE
"FRA10AC1",TRUE
"ADD3",TRUE
"VAX1",TRUE
"DNAJB12",TRUE
"EIF4EBP2",TRUE
"NPFFR1",FALSE
"PLEKHS1",FALSE
"TCF7L2",TRUE
"MKI67",TRUE
"FUOM",TRUE
"LRRC27",TRUE
"MTG1",TRUE
"PAOX",TRUE
"GSTO1",TRUE
"TAF5",TRUE
"PPRC1",TRUE
"ITPRIP",TRUE
"CNNM2",TRUE
"PDCD11",TRUE
"ADAM12",TRUE
"RGS10",TRUE
"BTBD10",TRUE
"ADM",TRUE
"GAS2",TRUE
"SLC5A12",FALSE
"LIN7C",TRUE
"LRRC4C",FALSE
"IMMP1L",TRUE
"PGAP2",TRUE
"TUT1",TRUE
"ZNF214",TRUE
"ZNF215",TRUE
"HSD17B12",TRUE
"APIP",TRUE
"PAMR1",TRUE
"DGKZ",TRUE
"EIF3M",TRUE
"TNKS1BP1",TRUE
"SERPING1",TRUE
"SSRP1",TRUE
"SLC43A1",TRUE
"PTPRJ",TRUE
"C11orf49",TRUE
"ARFGAP2",TRUE
"CELF1",TRUE
"HIKESHI",TRUE
"CCDC81",FALSE
"SESN3",TRUE
"ENDOD1",TRUE
"CCDC82",TRUE
"KLHL35",TRUE
"TENM4",TRUE
"SERPINH1",TRUE
"CAPN5",TRUE
"INTS4",TRUE
"PAK1",TRUE
"RPS3",TRUE
"ZC3H12C",TRUE
"TTC12",TRUE
"NCAM1",TRUE
"NPAT",TRUE
"ATM",TRUE
"AASDHPPT",TRUE
"GLB1L2",TRUE
"SLX4IP",TRUE
"LAMTOR1",TRUE
"P4HA3",TRUE
"ST14",TRUE
"HYOU1",TRUE
"ADAM33",TRUE
"KAT14",TRUE
"TKFC",TRUE
"MTA2",TRUE
"TMEM138",TRUE
"FADS1",TRUE
"ROM1",FALSE
"EML3",TRUE
"INCENP",TRUE
"PLCH2",TRUE
"FRG1BP",TRUE
"CPSF7",TRUE
"MS4A2",FALSE
"B3GAT3",TRUE
"EI24",TRUE
"CCDC15",TRUE
"CHEK1",TRUE
"FEZ1",TRUE
"ESAM",TRUE
"KIRREL3",FALSE
"MPZL2",TRUE
"SIDT2",TRUE
"TMEM25",TRUE
"TAGLN",TRUE
"JPH2",TRUE
"DUSP15",TRUE
"COMMD7",TRUE
"KIAA1755",TRUE
"SPATA25",TRUE
"DSN1",TRUE
"SOGA1",TRUE
"CNBD2",TRUE
"LSM14B",TRUE
"YTHDF1",TRUE
"CABLES2",TRUE
"LTO1",TRUE
"TRPT1",TRUE
"NUDT22",TRUE
"FERMT3",TRUE
"PLCB3",TRUE
"MRPL49",TRUE
"CDC42EP2",TRUE
"FAU",TRUE
"TM7SF2",TRUE
"VPS51",TRUE
"TBX6",TRUE
"PPP4C",TRUE
"ALDOA",TRUE
"DOC2A",FALSE
"HIRIP3",TRUE
"TAOK2",TRUE
"TMEM219",TRUE
"HMGA2",TRUE
"CNKSR2",TRUE
"KLRF1",FALSE
"CLEC1A",TRUE
"MPP7",TRUE
"ITGB1",TRUE
"TRIM48",FALSE
"PCDH15",TRUE
"CTF1",FALSE
"CWC15",TRUE
"FCGR1A",TRUE
"ARID5B",TRUE
"CDH8",FALSE
"DCUN1D2",TRUE
"TMCO3",TRUE
"TMEM218",TRUE
"TIRAP",TRUE
"EEF1AKMT1",TRUE
"LATS2",TRUE
"SAP18",TRUE
"ADGRL3",TRUE
"KIAA1328",TRUE
"FAM124A",TRUE
"MIA2",TRUE
"HNMT",TRUE
"LYPD1",TRUE
"LYPD6B",FALSE
"PDCD4",TRUE
"ADRA2A",TRUE
"WDR17",TRUE
"VEGFC",TRUE
"CCDC102B",TRUE
"CD226",TRUE
"CNDP1",FALSE
"DLG2",TRUE
"RGS18",TRUE
"PRSS23",TRUE
"MTMR12",TRUE
"PPP1R1C",FALSE
"CCT5",TRUE
"ATPSCKMT",TRUE
"DOCK1",TRUE
"DIXDC1",TRUE
"DLAT",TRUE
"PIH1D2",FALSE
"NKAPD1",TRUE
"TIMM8B",TRUE
"IL18",TRUE
"PTS",TRUE
"PIP4K2A",TRUE
"FREM2",TRUE
"FOXO1",TRUE
"CRIM1",TRUE
"SEC24D",TRUE
"ABCB9",TRUE
"RILPL2",TRUE
"DHX37",TRUE
"UBC",TRUE
"ITPR1",TRUE
"PRSS53",TRUE
"SLC7A11",TRUE
"NOCT",TRUE
"GPR158",TRUE
"CACNA2D4",TRUE
"DCP1B",TRUE
"CACNA1C",TRUE
"THRB",TRUE
"NGLY1",TRUE
"OXSM",TRUE
"UEVLD",TRUE
"TMEM86A",TRUE
"C12orf45",TRUE
"TMEM263",TRUE
"BTBD11",TRUE
"UBE3B",TRUE
"ANK3",TRUE
"IPMK",TRUE
"RAD9B",FALSE
"PLBD2",TRUE
"DLG5",TRUE
"MAT1A",TRUE
"SLC2A13",TRUE
"GXYLT1",TRUE
"TWF1",TRUE
"DIP2C",TRUE
"EIF4E",TRUE
"MAGI1",TRUE
"TEX30",TRUE
"CSNK1G3",TRUE
"SRFBP1",TRUE
"AKAP6",TRUE
"NPAS3",TRUE
"FAM177A1",TRUE
"MBIP",TRUE
"MIPOL1",TRUE
"EXT2",TRUE
"TMEM18",TRUE
"KCTD14",FALSE
"NDUFC2",TRUE
"ME3",TRUE
"ADAMTS12",TRUE
"NUBPL",TRUE
"NEK7",TRUE
"FER",TRUE
"VIPAS39",TRUE
"ANKRD50",TRUE
"UPF2",TRUE
"CDC123",TRUE
"SCLT1",TRUE
"CCDC3",TRUE
"C4orf33",TRUE
"FRMD4A",TRUE
"PTPRO",TRUE
"EPS8",TRUE
"ACAD8",TRUE
"THYN1",TRUE
"VPS26B",TRUE
"NCAPD3",TRUE
"VTI1A",TRUE
"QDPR",TRUE
"FAM160B1",TRUE
"ANO4",TRUE
"TEX9",TRUE
"QTRT2",TRUE
"MMAA",TRUE
"ZNF827",TRUE
"EDNRA",TRUE
"NR3C2",TRUE
"AKR1C2",FALSE
"DPYSL4",TRUE
"VENTX",TRUE
"ADAM8",TRUE
"KIN",TRUE
"PIGF",TRUE
"ANKAR",TRUE
"INPP1",TRUE
"MFSD6",TRUE
"RNF144A",TRUE
"ASAP2",TRUE
"ADAM17",TRUE
"FLI1",TRUE
"WWC2",TRUE
"CENPU",TRUE
"ACSL1",TRUE
"SLC25A4",TRUE
"AMN1",TRUE
"BICD1",TRUE
"SAV1",TRUE
"CCDC122",TRUE
"SERP2",TRUE
"NBAS",TRUE
"ZNF385D",TRUE
"TDO2",TRUE
"GUF1",TRUE
"GABRA2",FALSE
"SACS",TRUE
"PABPC3",TRUE
"CENPJ",TRUE
"FBXO4",TRUE
"TMEM267",TRUE
"CCL28",TRUE
"PARP8",TRUE
"GFRA1",TRUE
"CACUL1",TRUE
"DST",TRUE
"BEND6",TRUE
"TIAL1",TRUE
"BAG3",TRUE
"GLT1D1",FALSE
"TMEM132D",FALSE
"SCHIP1",TRUE
"KCNE4",TRUE
"AP1S3",TRUE
"RABGAP1L",TRUE
"TLCD4",TRUE
"MZT2B",TRUE
"FAM168B",TRUE
"PTPN14",TRUE
"MGAT5",TRUE
"TMEM163",TRUE
"GPATCH11",TRUE
"HSPB8",TRUE
"GEMIN6",TRUE
"TMEM178A",TRUE
"POU4F1",TRUE
"OBI1",TRUE
"CYSLTR2",TRUE
"ARL11",TRUE
"SETBP1",TRUE
"ARL14EP",TRUE
"EPG5",TRUE
"PSTPIP2",TRUE
"ATP5F1A",TRUE
"HAUS1",TRUE
"C18orf25",TRUE
"SPC25",TRUE
"PDK1",TRUE
"PDE3B",TRUE
"TCF7L1",TRUE
"TGOLN2",TRUE
"KCNK13",FALSE
"UHMK1",TRUE
"ATG10",TRUE
"POC5",TRUE
"SPOCK1",TRUE
"FAM151B",TRUE
"TADA1",TRUE
"GUCY1A2",TRUE
"CWF19L2",TRUE
"JMY",TRUE
"HOMER1",TRUE
"XRCC4",TRUE
"ZNF547",TRUE
"ZNF773",TRUE
"ZNF776",TRUE
"SUV39H2",TRUE
"DCLRE1C",TRUE
"RPP38",TRUE
"NMT2",TRUE
"ZNF837",FALSE
"USP12",TRUE
"CCDC50",TRUE
"CAMK4",TRUE
"TRIM36",TRUE
"ZFP36L2",TRUE
"PAN3",TRUE
"PLEKHH2",TRUE
"PFKM",TRUE
"TMEM123",TRUE
"GRIA4",FALSE
"IGSF10",TRUE
"SPEF2",TRUE
"SPARCL1",TRUE
"MBNL1",TRUE
"NADK2",TRUE
"GPD1L",TRUE
"GJA1",TRUE
"CCNO",TRUE
"CLEC4F",FALSE
"SLC30A6",TRUE
"PELO",TRUE
"RASGRP3",TRUE
"SAR1B",TRUE
"GPR180",TRUE
"TCTEX1D1",FALSE
"WDR78",TRUE
"ANKRD22",TRUE
"FARP1",TRUE
"IFIT5",TRUE
"PANK1",TRUE
"PRDM8",TRUE
"BMP3",FALSE
"HNRNPDL",TRUE
"HHEX",TRUE
"UTRN",TRUE
"GRM1",FALSE
"PTPRK",TRUE
"GGPS1",TRUE
"CNTNAP4",FALSE
"ZNF117",TRUE
"RAB3C",TRUE
"MARVELD2",TRUE
"RAD17",TRUE
"MED21",TRUE
"PLOD2",TRUE
"STK32B",TRUE
"JAKMIP1",TRUE
"ZIC1",TRUE
"ADGRA3",TRUE
"SREK1IP1",TRUE
"LGI2",TRUE
"CWC27",TRUE
"MR1",TRUE
"SRP19",TRUE
"CENPH",TRUE
"CDYL",TRUE
"CARHSP1",TRUE
"BANK1",TRUE
"TXNDC11",TRUE
"DAB2",TRUE
"ACOXL",FALSE
"BCL2L11",TRUE
"ANAPC1",TRUE
"CAST",TRUE
"SCOC",TRUE
"CETN3",TRUE
"SMARCA5",TRUE
"SYCP2L",TRUE
"BMP6",TRUE
"RGPD3",TRUE
"RASSF3",TRUE
"HNRNPU",TRUE
"RANBP2",TRUE
"AHCTF1",TRUE
"MERTK",TRUE
"TMEM87B",TRUE
"NR4A2",TRUE
"CCDC148",FALSE
"PLA2R1",TRUE
"RBMS1",TRUE
"SCN3A",FALSE
"CD96",TRUE
"SLC25A27",TRUE
"FAM49B",TRUE
"ASAP1",TRUE
"TRAPPC8",TRUE
"LINC00467",TRUE
"INO80C",TRUE
"LPCAT1",TRUE
"PLEKHG4B",TRUE
"NMRAL1",TRUE
"UBALD1",TRUE
"C16orf89",FALSE
"TMEM251",TRUE
"ING1",TRUE
"ADPRHL1",TRUE
"CMTM7",TRUE
"FBXL2",TRUE
"UBP1",TRUE
"RMND5A",TRUE
"CD8A",TRUE
"RPIA",TRUE
"PTPRD",TRUE
"LURAP1L",TRUE
"CNKSR3",TRUE
"GTF2E1",TRUE
"CFDP1",TRUE
"ZDHHC7",TRUE
"C7orf31",TRUE
"JAZF1",TRUE
"CMIP",TRUE
"PID1",TRUE
"TRIP12",TRUE
"FBXO36",TRUE
"CEBPG",TRUE
"KCTD15",TRUE
"ZNF599",TRUE
"MCOLN2",TRUE
"LGI4",TRUE
"DDAH1",TRUE
"SREK1",TRUE
"CHD1",TRUE
"ANKFN1",FALSE
"DGKE",TRUE
"HS2ST1",TRUE
"MSI2",TRUE
"CACNA2D1",TRUE
"ZUP1",TRUE
"HS3ST3A1",FALSE
"GDPD1",TRUE
"NUS1",TRUE
"SEMA3D",TRUE
"PPP2R5E",TRUE
"GRAP",TRUE
"SLC5A10",TRUE
"AK5",TRUE
"CABYR",TRUE
"IMPACT",TRUE
"ANKRD29",TRUE
"SDHAF4",TRUE
"CHST9",TRUE
"THY1",TRUE
"C16orf74",TRUE
"TBCEL",TRUE
"ANKH",TRUE
"OTULIN",TRUE
"UBASH3B",TRUE
"ROBO4",TRUE
"ROBO3",TRUE
"TBRG1",TRUE
"NRGN",FALSE
"RETREG1",TRUE
"TOMM70",TRUE
"ABI3BP",TRUE
"ANGPT1",TRUE
"PITPNC1",TRUE
"CC2D1B",TRUE
"PRKCA",TRUE
"LRRK1",TRUE
"CEP112",TRUE
"ABCA9",TRUE
"ABCA6",TRUE
"ABCA10",TRUE
"ABCA5",TRUE
"ENPP3",FALSE
"C4orf19",TRUE
"UCHL1",TRUE
"MIA3",TRUE
"DISP1",TRUE
"TNIK",TRUE
"FAM167A",TRUE
"NEIL2",TRUE
"PGM5",TRUE
"OBSCN",TRUE
"LONRF1",TRUE
"TRIM11",TRUE
"ENAH",TRUE
"CCSAP",TRUE
"SH3RF1",TRUE
"GBP5",TRUE
"BUB3",TRUE
"C10orf90",TRUE
"DIPK1A",TRUE
"ATP5MC3",TRUE
"CNTNAP3B",TRUE
"SRSF12",TRUE
"PDLIM3",TRUE
"SORBS2",TRUE
"ELOC",TRUE
"LY96",TRUE
"CEP170P1",TRUE
"CXADR",TRUE
"BTG3",TRUE
"C21orf91",TRUE
"NCAM2",TRUE
"L3MBTL4",TRUE
"PDE1C",TRUE
"RABGEF1",TRUE
"MRPL39",TRUE
"JAM2",TRUE
"ATP5PF",TRUE
"GABPA",TRUE
"ADAMTS1",TRUE
"ADAMTS5",TRUE
"TSEN2",TRUE
"SLFN13",TRUE
"XPC",TRUE
"CCDC174",TRUE
"FGD5",TRUE
"FLCN",TRUE
"DPH3",TRUE
"OXNAD1",TRUE
"PLCL2",TRUE
"CXXC1",TRUE
"SKA1",TRUE
"PPP4R1",TRUE
"APCDD1",TRUE
"PIEZO2",TRUE
"CCDC144B",TRUE
"MPPE1",TRUE
"CCDC144CP",TRUE
"USP43",TRUE
"RAB6B",TRUE
"EME1",TRUE
"EPHB1",TRUE
"ACSS1",TRUE
"ANKRD40",TRUE
"ZNF18",TRUE
"VOPP1",TRUE
"APOOL",TRUE
"DKK2",TRUE
"CYP2U1",TRUE
"FBXL18",TRUE
"PROM2",TRUE
"AK9",TRUE
"KLF10",TRUE
"PTPRN2",TRUE
"AZIN1",TRUE
"ATP6V1C1",TRUE
"PIP4P2",TRUE
"OTUD6B",TRUE
"CDK19",TRUE
"GTF3C6",TRUE
"TTC39B",TRUE
"AGPAT5",TRUE
"MMS19",TRUE
"PI4K2A",TRUE
"MARVELD1",TRUE
"ZFYVE27",TRUE
"GOLGA7B",TRUE
"TRMT44",TRUE
"SLC25A28",TRUE
"HSPA13",TRUE
"SAMSN1",TRUE
"USP25",TRUE
"GRAMD2B",TRUE
"ZCCHC10",TRUE
"C16orf87",TRUE
"MOV10",TRUE
"RHOC",TRUE
"DBI",TRUE
"SLC16A1",TRUE
"HEATR3",TRUE
"NIFK",TRUE
"OXA1L",TRUE
"SLC7A7",TRUE
"MAGEC1",TRUE
"LARP1",TRUE
"CNOT8",TRUE
"LRGUK",TRUE
"SETD9",TRUE
"MIER3",TRUE
"NUP205",TRUE
"ZKSCAN2",TRUE
"C9orf85",TRUE
"PIK3AP1",TRUE
"RBM45",TRUE
"TTN",TRUE
"VSIG4",TRUE
"PDIA4",TRUE
"KDM8",TRUE
"OTOA",FALSE
"KCTD18",TRUE
"FAM126B",TRUE
"FLACC1",TRUE
"C2CD6",TRUE
"TMEM237",TRUE
"FZD7",TRUE
"SPAG17",FALSE
"DEPTOR",TRUE
"FMN2",TRUE
"RNF20",TRUE
"PPARGC1B",TRUE
"ELMO1",TRUE
"SLC26A2",TRUE
"LSM11",TRUE
"MED7",TRUE
"RRAGA",TRUE
"SLC24A2",FALSE
"PXYLP1",TRUE
"ADCY8",FALSE
"RASA2",TRUE
"RMND1",TRUE
"SLA",TRUE
"TMBIM4",TRUE
"VBP1",TRUE
"RAB39B",TRUE
"CLIC2",TRUE
"AFF2",TRUE
"MICU3",TRUE
"GRIP1",TRUE
"VPS37A",TRUE
"KIF5A",FALSE
"PSD3",TRUE
"CARNMT1",TRUE
"MCU",TRUE
"ELMSAN1",TRUE
"CFAP70",TRUE
"GNA14",FALSE
"FAM161B",TRUE
"GNAQ",TRUE
"MMP16",TRUE
"ADK",TRUE
"KCNMA1",TRUE
"BATF",TRUE
"DCK",TRUE
"ADAMTS3",TRUE
"DPY19L4",TRUE
"NDUFAF6",TRUE
"DRAM2",TRUE
"C8orf37",TRUE
"CFAP161",TRUE
"ADAMTSL3",TRUE
"ART3",TRUE
"WHAMM",TRUE
"CXCL13",TRUE
"N6AMT1",TRUE
"RWDD2B",TRUE
"USP16",TRUE
"CCT8",TRUE
"MAP3K7CL",TRUE
"NAA11",FALSE
"BACH1",TRUE
"TSPAN7",TRUE
"TIAM1",TRUE
"SCAF4",TRUE
"RPGR",TRUE
"CDK20",TRUE
"PCGF6",TRUE
"ANKRD9",TRUE
"SFR1",TRUE
"SFXN2",TRUE
"ATP5MPL",TRUE
"TDRD9",TRUE
"PCDH1",TRUE
"SH3RF2",FALSE
"UQCRB",TRUE
"MTERF3",TRUE
"PTDSS1",TRUE
"PPP2R2B",TRUE
"RPL30",TRUE
"FAM122C",TRUE
"SUPV3L1",TRUE
"FAM122B",TRUE
"EEF1A1",TRUE
"FBXO43",TRUE
"HKDC1",TRUE
"HK1",TRUE
"TYSND1",TRUE
"PHF6",TRUE
"CD109",TRUE
"UBE2L6",TRUE
"ZDHHC5",TRUE
"MED19",TRUE
"ZFAND3",TRUE
"NPTN",TRUE
"KAT6B",TRUE
"SAMD8",TRUE
"RAB11FIP1",TRUE
"UNC5D",FALSE
"UTP14A",TRUE
"AIFM1",TRUE
"MAPK13",TRUE
"BAG4",TRUE
"MS4A1",TRUE
"TBC1D31",TRUE
"WDYHV1",TRUE
"ATAD2",TRUE
"FBXO32",TRUE
"NSMCE2",TRUE
"ZNF689",TRUE
"PRR14",TRUE
"FBRS",TRUE
"FRRS1",TRUE
"PHKG2",TRUE
"MFSD14A",TRUE
"SASS6",TRUE
"ITGAD",TRUE
"MALSU1",TRUE
"VPS8",TRUE
"GALK2",TRUE
"B3GNT7",TRUE
"MPV17L",TRUE
"BUB1B",TRUE
"PDE6D",TRUE
"EIF4A2",TRUE
"BRPF1",TRUE
"RPUSD3",TRUE
"TATDN2",TRUE
"SEC13",TRUE
"EXOG",TRUE
"NTAN1",TRUE
"NMNAT2",FALSE
"ZFYVE9",TRUE
"ATP2B2",FALSE
"SLC6A1",TRUE
"SMG1",TRUE
"FCHO2",TRUE
"RBPMS",TRUE
"TMEM171",FALSE
"NRG1",TRUE
"ODR4",TRUE
"CPT2",TRUE
"NECAP2",TRUE
"LRP8",TRUE
"PAXIP1",TRUE
"STEAP2",TRUE
"SSBP3",TRUE
"CLDN12",TRUE
"MMP14",TRUE
"FZD1",TRUE
"GATAD1",TRUE
"SUSD3",TRUE
"ZFHX2-AS1",TRUE
"CLEC18A",FALSE
"DHRS4",TRUE
"DDX19B",TRUE
"ST3GAL2",TRUE
"FCSK",TRUE
"IL34",TRUE
"DHRS1",TRUE
"CACNA1D",TRUE
"ARSL",TRUE
"KIT",TRUE
"HYDIN",TRUE
"AASDH",TRUE
"ZNF19",TRUE
"CACNA2D3",FALSE
"RNF111",TRUE
"CCNB2",TRUE
"FAM81A",TRUE
"MYO1E",TRUE
"APPL1",TRUE
"PWWP3B",FALSE
"AFAP1L1",TRUE
"TSC22D3",TRUE
"VPS26C",TRUE
"DYRK1A",TRUE
"KCNJ15",TRUE
"ERG",TRUE
"ETS2",TRUE
"TSPAN18",TRUE
"LCA5L",TRUE
"SLC35B2",TRUE
"TMEM164",TRUE
"MX1",TRUE
"CREB3L1",TRUE
"C2CD2",TRUE
"TAB3",TRUE
"SLC38A10",TRUE
"C9orf43",TRUE
"ZNF618",TRUE
"DGKI",TRUE
"TMEM268",TRUE
"SNX22",TRUE
"UBN2",TRUE
"BRAF",TRUE
"SLC34A2",FALSE
"ACAN",TRUE
"PSMG3",TRUE
"WDR19",TRUE
"SLC37A3",TRUE
"AP3S2",TRUE
"FMNL2",TRUE
"GAREM2",TRUE
"SPPL3",TRUE
"RAB28",TRUE
"PRXL2B",TRUE
"TNFRSF14",TRUE
"PANK4",TRUE
"C12orf43",TRUE
"PEX10",TRUE
"RER1",TRUE
"RADIL",TRUE
"SKI",TRUE
"WIPI2",TRUE
"LDLRAP1",TRUE
"AGAP1",TRUE
"KRTCAP3",FALSE
"PAFAH2",TRUE
"EXTL1",TRUE
"BABAM2",TRUE
"TRIM63",TRUE
"WDR66",TRUE
"MRPL17",TRUE
"DUSP2",TRUE
"UBXN11",TRUE
"NLRP14",FALSE
"PTPDC1",TRUE
"GALNT14",FALSE
"NCK1",TRUE
"RHPN1",TRUE
"TPRG1L",TRUE
"PRXL2C",TRUE
"XDH",FALSE
"XKR8",TRUE
"CNNM4",TRUE
"EYA3",TRUE
"DZIP1L",TRUE
"TMSB15A",FALSE
"FANCC",TRUE
"MRAS",TRUE
"WASF2",TRUE
"ABHD3",TRUE
"ESYT3",FALSE
"FAIM",TRUE
"TENT5B",TRUE
"CLSTN2",TRUE
"COLEC12",TRUE
"RNF207",TRUE
"CUL4B",TRUE
"GPR153",TRUE
"SLC13A3",TRUE
"GPRASP2",TRUE
"AUTS2",TRUE
"SHROOM4",TRUE
"H2BC5",TRUE
"CDC25C",TRUE
"H4C8",TRUE
"MITD1",TRUE
"EIF5B",TRUE
"TMSB15B",FALSE
"CNOT11",TRUE
"KCNB1",FALSE
"TSPAN33",TRUE
"NRG2",TRUE
"AHCYL2",TRUE
"B4GALT5",TRUE
"CD1D",TRUE
"SPATA2",TRUE
"FAM86C1",TRUE
"NCF1",TRUE
"TSR2",TRUE
"PPP1R9A",TRUE
"ZC3H18",TRUE
"ZFAND2B",TRUE
"GDPD5",TRUE
"DYNC1I1",TRUE
"TMED4",TRUE
"PPP1R15B",TRUE
"COPG2",TRUE
"EMSY",TRUE
"PAGE5",FALSE
"GPAT4",TRUE
"PKD1L1",TRUE
"ZSCAN12",TRUE
"TAGLN2",TRUE
"ELK4",TRUE
"SLAMF8",TRUE
"SLC45A3",TRUE
"DUSP23",TRUE
"RNF166",TRUE
"NBL1",TRUE
"F11R",TRUE
"USF1",TRUE
"SPATA2L",TRUE
"NIT1",TRUE
"DEDD",TRUE
"ZNF276",TRUE
"NPM2",TRUE
"EDA",TRUE
"FGF17",FALSE
"PINK1",TRUE
"B4GALT3",TRUE
"DMTN",TRUE
"ADAMTS4",TRUE
"FAM160B2",TRUE
"NDUFS2",TRUE
"FCER1G",TRUE
"TOMM40L",TRUE
"MPZ",TRUE
"CCAR2",TRUE
"CACHD1",TRUE
"CDC42SE2",TRUE
"RAPGEF6",TRUE
"EPB41",TRUE
"MIS18A",TRUE
"ALG8",TRUE
"FBXW5",TRUE
"CFAP298",TRUE
"SYNJ1",TRUE
"PAXBP1",TRUE
"IFNAR2",TRUE
"MRPL10",TRUE
"IFNGR2",TRUE
"GART",TRUE
"SON",TRUE
"DONSON",TRUE
"SV2A",TRUE
"LAD1",TRUE
"STC1",TRUE
"CSRP1",TRUE
"HOXB13",TRUE
"C1QC",TRUE
"ATP5MC1",TRUE
"RCAN1",TRUE
"UBE2Z",TRUE
"CIART",TRUE
"SNF8",TRUE
"CLIC6",TRUE
"CCDC24",TRUE
"RUNX1",TRUE
"IGF2BP1",TRUE
"CBR1",TRUE
"CBR3",TRUE
"MORC3",TRUE
"CHAF1B",TRUE
"CLDN14",FALSE
"SIM2",TRUE
"HLCS",TRUE
"SCUBE1",FALSE
"ARHGAP27",TRUE
"ADPGK",TRUE
"PTMS",TRUE
"ADIPOR1",TRUE
"CYB5R1",TRUE
"PSMD4",TRUE
"ATP13A2",TRUE
"M1AP",FALSE
"PSMB4",TRUE
"IRX6",TRUE
"BTG2",TRUE
"HK2",TRUE
"C1R",TRUE
"ALDH4A1",TRUE
"STARD9",TRUE
"THEM4",TRUE
"UBR1",TRUE
"AMFR",TRUE
"MED8",TRUE
"ISL2",FALSE
"RSPRY1",TRUE
"CCDC17",TRUE
"GPBP1L1",TRUE
"NAE1",TRUE
"TMEM69",TRUE
"ADGRG5",TRUE
"ACE",TRUE
"EFCAB14",TRUE
"SPON2",TRUE
"CHCHD6",TRUE
"CTBP1",TRUE
"LRRC36",TRUE
"TPPP3",TRUE
"ZDHHC1",TRUE
"ATP6V0D1",TRUE
"ZFYVE28",TRUE
"CARMIL2",TRUE
"C16orf86",TRUE
"FAM131B",FALSE
"RGS12",TRUE
"PSKH1",TRUE
"ZYX",TRUE
"ABR",TRUE
"LYPD5",TRUE
"CCDC117",TRUE
"ZNF230",TRUE
"CCDC107",TRUE
"ZNF222",TRUE
"NPR2",TRUE
"ZNF221",TRUE
"ZNF233",TRUE
"ZNF235",TRUE
"GNE",TRUE
"TNFRSF13C",TRUE
"ARHGAP35",TRUE
"PTGIR",TRUE
"CALM3",TRUE
"DFFA",TRUE
"CCDC28B",TRUE
"IQCC",TRUE
"TMEM234",TRUE
"BSDC1",TRUE
"ZBTB8A",TRUE
"ATAD3B",TRUE
"SSU72",TRUE
"UBE2J2",TRUE
"ZNF362",TRUE
"FNDC5",FALSE
"CPAMD8",TRUE
"NR2F6",TRUE
"ANKLE1",TRUE
"CCDC58",TRUE
"VMA21",TRUE
"KALRN",TRUE
"CILP2",TRUE
"FAM86C2P",TRUE
"ABCG1",TRUE
"TMPRSS3",FALSE
"UBASH3A",TRUE
"SLC37A1",TRUE
"PDE9A",TRUE
"WDR4",TRUE
"NDUFV3",TRUE
"PKNOX1",TRUE
"CBS",FALSE
"U2AF1",TRUE
"HSF2BP",FALSE
"RRP1B",TRUE
"PDXK",TRUE
"G6PD",TRUE
"CSTB",TRUE
"RRP1",TRUE
"AGPAT3",TRUE
"TRAPPC10",TRUE
"GAB3",TRUE
"GATD3A",TRUE
"ICOSLG",FALSE
"CFAP410",TRUE
"ZNF66",TRUE
"LRRC3",TRUE
"ITGB2",TRUE
"FAM207A",TRUE
"RALGDS",TRUE
"FTCD",FALSE
"SPATC1L",TRUE
"LSS",TRUE
"VAV2",TRUE
"MCM3AP",TRUE
"C21orf58",TRUE
"PCNT",TRUE
"DIP2A",TRUE
"S100B",TRUE
"PRMT2",TRUE
"ZNF208",TRUE
"ADAMTS13",TRUE
"CACFD1",TRUE
"SLC2A6",TRUE
"ZNF761",TRUE
"C9orf116",FALSE
"ZNF714",TRUE
"GPSM1",TRUE
"C19orf47",TRUE
"TOR2A",TRUE
"ST6GALNAC6",TRUE
"SHKBP1",TRUE
"RDH13",TRUE
"ZER1",TRUE
"ZDHHC12",TRUE
"PKN3",TRUE
"BRSK1",TRUE
"PLPP7",TRUE
"TAOK1",TRUE
"MED27",TRUE
"DEDD2",TRUE
"SIK3",TRUE
"MPZL3",TRUE
"JAML",TRUE
"NEK8",TRUE
"TLCD1",TRUE
"PCSK7",TRUE
"SAFB",TRUE
"CD3G",TRUE
"S100A1",TRUE
"CHTOP",TRUE
"CXCR5",FALSE
"ZBTB7B",TRUE
"FLAD1",TRUE
"SHC1",TRUE
"VPS11",TRUE
"NLRX1",TRUE
"ADAR",TRUE
"IL6R",TRUE
"UBE2Q1",TRUE
"CHRNB2",TRUE
"CRTC2",TRUE
"ANO10",TRUE
"FDPS",TRUE
"RUSC1",TRUE
"GBAP1",TRUE
"FAM189B",TRUE
"PAQR6",TRUE
"PMF1",TRUE
"SLC25A44",TRUE
"LMNA",TRUE
"CCR5",TRUE
"NBEAL2",TRUE
"CCDC12",TRUE
"PTH1R",FALSE
"UBQLN4",TRUE
"PPP1R35",TRUE
"GPATCH4",TRUE
"FCRL3",TRUE
"AZGP1",TRUE
"FGFR4",TRUE
"NACC1",TRUE
"HK3",TRUE
"LY6K",FALSE
"IER2",TRUE
"ZNF394",TRUE
"CPSF4",TRUE
"LY6E",TRUE
"VPS28",TRUE
"TONSL",TRUE
"PWWP3A",TRUE
"RECQL4",TRUE
"LRRC14",TRUE
"ZNF333",TRUE
"PPP1R16A",TRUE
"ORAI2",TRUE
"ALKBH4",TRUE
"SH2B2",TRUE
"MRNIP",TRUE
"SQSTM1",TRUE
"MGAT4B",TRUE
"RPL8",TRUE
"MAML1",TRUE
"LRWD1",TRUE
"FBXL13",TRUE
"NAPEPLD",TRUE
"PSMC2",TRUE
"CELF5",FALSE
"MFSD12",TRUE
"TUBA3FP",FALSE
"YDJC",TRUE
"DVL3",TRUE
"AP2M1",TRUE
"ABCF3",TRUE
"PCYT1A",TRUE
"FBXO27",TRUE
"DMKN",TRUE
"U2AF1L4",TRUE
"BDH1",TRUE
"NPHS1",FALSE
"THAP8",TRUE
"COX7A1",FALSE
"ZNF382",TRUE
"LRRC56",TRUE
"PLXDC1",TRUE
"PGAP3",TRUE
"IKZF3",TRUE
"GRIN2C",FALSE
"FDXR",TRUE
"SAP30BP",TRUE
"ACOX1",TRUE
"PRPSAP1",TRUE
"CYGB",TRUE
"SRSF2",TRUE
"ZNF577",TRUE
"TMEM143",TRUE
"ALDH16A1",TRUE
"ITGA5",TRUE
"SIGLEC11",FALSE
"ZNF385A",TRUE
"SIGLEC16",FALSE
"MPP3",TRUE
"LSM12",TRUE
"EMC10",TRUE
"JOSD2",TRUE
"SHANK1",TRUE
"FAM171A2",TRUE
"DBF4B",TRUE
"PLCD3",TRUE
"FMNL3",TRUE
"RACGAP1",TRUE
"LARP4",TRUE
"GRASP",TRUE
"RAVER1",TRUE
"SPC24",TRUE
"IP6K3",TRUE
"LEMD2",TRUE
"TREML1",FALSE
"ADCY10P1",TRUE
"ZNF653",TRUE
"MED11",TRUE
"CXCL16",TRUE
"SCIMP",TRUE
"BCL6B",TRUE
"TNFSF13",TRUE
"SENP3",TRUE
"EIF4A1",TRUE
"RPL26",TRUE
"POLR3K",TRUE
"SNRNP25",TRUE
"WDR90",TRUE
"JMJD8",TRUE
"CCDC78",TRUE
"SPSB3",TRUE
"TEDC2",TRUE
"CCNF",TRUE
"TBC1D24",TRUE
"AMDHD2",TRUE
"NTN3",FALSE
"PAQR4",TRUE
"FLYWCH2",TRUE
"ZNF75A",TRUE
"ADCY9",TRUE
"SHANK2",FALSE
"CLPB",TRUE
"NEU3",TRUE
"CYB561A3",TRUE
"PPP1R32",TRUE
"ASRGL1",TRUE
"UBXN1",TRUE
"LBHD1",TRUE
"TTC9C",TRUE
"TAF6L",TRUE
"NXF1",TRUE
"STX5",TRUE
"SLC25A45",TRUE
"RPL29",TRUE
"ITIH3",FALSE
"SYVN1",TRUE
"ZFPL1",TRUE
"RPS6KA4",TRUE
"LRP5",TRUE
"TPCN2",TRUE
"TAL1",TRUE
"CMPK1",TRUE
"BEND5",TRUE
"COA7",TRUE
"ZYG11B",TRUE
"CZIB",TRUE
"MAGOH",TRUE
"ACOT11",TRUE
"PARS2",TRUE
"USP24",TRUE
"PLPP3",TRUE
"NOL9",TRUE
"PRKAA2",TRUE
"KLHL21",TRUE
"ZSWIM5",TRUE
"GMEB1",TRUE
"SELENON",TRUE
"AK4",TRUE
"JAK1",TRUE
"RAVER2",TRUE
"LZIC",TRUE
"RBP7",TRUE
"FBLIM1",TRUE
"SLC25A34",TRUE
"AKR7A3",TRUE
"DRAXIN",TRUE
"PDPN",TRUE
"DHRS3",TRUE
"LAPTM5",TRUE
"SDC3",TRUE
"PEF1",TRUE
"SYNC",TRUE
"RBBP4",TRUE
"KIAA1522",TRUE
"TSSK3",TRUE
"TMCO4",TRUE
"UBXN10",TRUE
"CAMK2N1",TRUE
"ALPL",TRUE
"WNT4",TRUE
"SCNN1D",TRUE
"MXRA8",TRUE
"FAAP20",TRUE
"MEGF6",TRUE
"NFIA",TRUE
"OMA1",TRUE
"MYSM1",TRUE
"TM2D1",TRUE
"USP1",TRUE
"FUBP1",TRUE
"NEXN",TRUE
"DNAJB4",TRUE
"ADGRL4",TRUE
"LRRIQ3",FALSE
"TYW3",TRUE
"SNX7",TRUE
"B3GALT2",FALSE
"NTNG1",TRUE
"FAM102B",TRUE
"HENMT1",TRUE
"C1orf52",TRUE
"WDR63",TRUE
"GBP2",TRUE
"ATXN7L2",TRUE
"GBP4",TRUE
"ZNF326",TRUE
"HFM1",TRUE
"GFI1",TRUE
"KCNT2",TRUE
"AGL",TRUE
"VCAM1",TRUE
"EXTL2",TRUE
"SLC30A7",TRUE
"ZNF281",TRUE
"ARPC5",TRUE
"CADM3",TRUE
"NLRP3",TRUE
"ZNF496",TRUE
"TRIM58",FALSE
"IGSF8",TRUE
"DDR2",TRUE
"PEA15",TRUE
"PEX19",TRUE
"NCSTN",TRUE
"VANGL2",TRUE
"SLAMF6",TRUE
"OLFML2B",TRUE
"FCRLB",TRUE
"FCGR3B",FALSE
"SLC9C2",FALSE
"C1orf74",TRUE
"FLVCR1",TRUE
"ATF3",TRUE
"RBM15",TRUE
"DENND2D",TRUE
"AXDND1",FALSE
"IER5",TRUE
"SNED1",TRUE
"BPNT1",TRUE
"SPATA17",TRUE
"C1orf115",TRUE
"BROX",TRUE
"NBPF20",TRUE
"ACP6",TRUE
"WDR64",FALSE
"KIF26B",TRUE
"TFB2M",TRUE
"CNST",TRUE
"PPP1R21",TRUE
"KLHDC8A",FALSE
"PKDCC",TRUE
"OXER1",FALSE
"HAAO",TRUE
"B3GALNT2",TRUE
"MAPKAPK2",TRUE
"FCMR",TRUE
"PIGR",FALSE
"CAPN2",TRUE
"MRPL55",TRUE
"OBSCN-AS1",TRUE
"WDR26",TRUE
"REL",TRUE
"PUS10",TRUE
"PEX13",TRUE
"KIAA1841",TRUE
"TRIM17",TRUE
"RFTN2",TRUE
"DISC1",TRUE
"MEMO1",TRUE
"DPY30",TRUE
"TYW5",TRUE
"MAIP1",TRUE
"SLC66A3",TRUE
"ARL5A",TRUE
"LRATD1",TRUE
"CLHC1",TRUE
"PRORSD1P",TRUE
"FRZB",TRUE
"DUSP19",TRUE
"CFAP36",TRUE
"NUP35",TRUE
"CCDC138",TRUE
"FBXO41",TRUE
"ALMS1P1",FALSE
"ACTG2",TRUE
"WDCP",TRUE
"SMC6",TRUE
"CCDC74A",TRUE
"H3-3A",TRUE
"ANKRD30BL",FALSE
"COQ8A",TRUE
"SLC16A14",TRUE
"EN1",FALSE
"SGCB",TRUE
"SPATA18",TRUE
"NOSTRIN",TRUE
"CFAP221",FALSE
"SGPP2",TRUE
"INHBB",TRUE
"XIRP2",FALSE
"BBS5",TRUE
"SMARCAD1",TRUE
"HPGDS",FALSE
"PDLIM5",TRUE
"STPG2",FALSE
"NEURL3",FALSE
"RPRD2",TRUE
"ANKRD23",TRUE
"CTSS",TRUE
"MSX1",TRUE
"PACRGL",TRUE
"BNIPL",FALSE
"C1QTNF7",FALSE
"TNFAIP8L2",TRUE
"LYSMD1",TRUE
"SCNM1",TRUE
"VPS72",TRUE
"ERCC3",TRUE
"RNF149",TRUE
"IWS1",TRUE
"BOLA3",TRUE
"CDC42EP3",TRUE
"S100A11",TRUE
"DHX57",TRUE
"ARHGAP25",TRUE
"S100A9",TRUE
"TGFA",TRUE
"TDRD10",TRUE
"CCNYL1",TRUE
"FZD5",TRUE
"DCAF16",TRUE
"GNPDA2",TRUE
"PAQR3",TRUE
"NIPAL1",TRUE
"ANTXR2",TRUE
"HELQ",TRUE
"MRPS18C",TRUE
"CGGBP1",TRUE
"ABRAXAS1",TRUE
"GPR155",TRUE
"PMVK",TRUE
"PBXIP1",TRUE
"CLDN1",TRUE
"PYGO2",TRUE
"HIPK1",TRUE
"DCST2",FALSE
"COL6A3",TRUE
"INAVA",FALSE
"LINC01116",TRUE
"YY1AP1",TRUE
"KBTBD8",TRUE
"EOGT",TRUE
"NAXE",TRUE
"POGLUT1",TRUE
"SLC22A15",TRUE
"IGFN1",FALSE
"ATP1A1",TRUE
"SLC15A2",TRUE
"EIF4E3",TRUE
"LRRC58",TRUE
"FSTL1",TRUE
"LMOD1",TRUE
"ELF3",FALSE
"TMEM183A",TRUE
"TMEM169",TRUE
"IGFBP7",TRUE
"TRIM46",TRUE
"KRTCAP2",TRUE
"ARPC2",TRUE
"CCT3",TRUE
"TMEM79",TRUE
"SSR2",TRUE
"RNF25",TRUE
"STK36",TRUE
"ADORA1",TRUE
"NEK10",TRUE
"CCDC141",TRUE
"CIP2A",TRUE
"EOMES",TRUE
"CWC22",TRUE
"AZI2",TRUE
"TGFBR2",TRUE
"ANKZF1",TRUE
"HDAC11",TRUE
"TRAT1",TRUE
"FBLN2",TRUE
"GLB1L",TRUE
"STT3B",TRUE
"CHCHD4",TRUE
"NFASC",TRUE
"FCRL1",TRUE
"SGO2",TRUE
"SERPINI1",TRUE
"CLASP2",TRUE
"SUCLG1",TRUE
"NUAK2",TRUE
"SPTA1",FALSE
"PRKCI",TRUE
"MNDA",TRUE
"PYHIN1",TRUE
"IFI16",TRUE
"AIM2",TRUE
"EFHB",TRUE
"EIF5A2",TRUE
"RPL22L1",TRUE
"PPM1L",TRUE
"ICA1L",TRUE
"SNHG16",TRUE
"CTLA4",TRUE
"ICOS",TRUE
"RYBP",TRUE
"PPP4R2",TRUE
"CD200R1",TRUE
"GTPBP8",TRUE
"NEPRO",TRUE
"SPICE1",TRUE
"CCDC191",TRUE
"CADPS",TRUE
"NKX6-1",FALSE
"CDS1",TRUE
"WDFY3",TRUE
"COX18",TRUE
"PTPN13",TRUE
"SYNPR",FALSE
"C4orf36",TRUE
"THOC7",TRUE
"ATXN7",TRUE
"PSMD6",TRUE
"PRICKLE2",TRUE
"ADAMTS9",TRUE
"PPM1K",TRUE
"GMPS",TRUE
"TIPARP",TRUE
"CCNL1",TRUE
"PTX3",FALSE
"SLMAP",TRUE
"RPL9",TRUE
"SMIM14",TRUE
"RPP14",TRUE
"ABHD6",TRUE
"C3orf67",TRUE
"RBM47",TRUE
"APBB2",TRUE
"IL17RE",TRUE
"IL17RC",TRUE
"CRELD1",TRUE
"PRRT3",TRUE
"PCOLCE2",TRUE
"U2SURP",TRUE
"MTMR14",TRUE
"TTC14",TRUE
"CXCL3",FALSE
"CXCL5",FALSE
"MTHFD2L",TRUE
"CXCL1",TRUE
"RCHY1",TRUE
"CPA3",FALSE
"GYG1",TRUE
"HPS3",TRUE
"TM4SF18",TRUE
"TOPBP1",TRUE
"RYK",TRUE
"SNRK",TRUE
"UCN",FALSE
"ZNF513",TRUE
"SLC4A1AP",TRUE
"PLB1",TRUE
"SPDYA",TRUE
"KIAA1143",TRUE
"KIF15",TRUE
"WDR43",TRUE
"ZDHHC3",TRUE
"CDCP1",TRUE
"LZTFL1",TRUE
"FYCO1",TRUE
"CCR1",TRUE
"LRRC2",TRUE
"ELP6",TRUE
"DTX3L",TRUE
"ZNF148",TRUE
"NMNAT3",FALSE
"SMIM12",TRUE
"ZMYM6",TRUE
"TPRA1",TRUE
"YEATS2",TRUE
"GRIK3",TRUE
"ZC3H12A",TRUE
"MEAF6",TRUE
"SNIP1",TRUE
"DNALI1",TRUE
"POLR2H",TRUE
"KLF15",TRUE
"LIPH",FALSE
"TMEM41A",TRUE
"RPN1",TRUE
"SENP2",TRUE
"HEYL",TRUE
"IFT122",TRUE
"RFC4",TRUE
"RPL39L",TRUE
"BAP1",TRUE
"TKT",TRUE
"PRKCD",TRUE
"RFT1",TRUE
"SFMBT1",TRUE
"GNL3",TRUE
"PBRM1",TRUE
"UVSSA",TRUE
"TASOR",TRUE
"ARHGEF3",TRUE
"SLBP",TRUE
"LRPAP1",TRUE
"UBXN7",TRUE
"RNF168",TRUE
"PIGX",TRUE
"MELTF",TRUE
"ABLIM2",TRUE
"EXO5",TRUE
"C1orf50",TRUE
"ERMAP",TRUE
"ZNF691",TRUE
"AIMP1",TRUE
"SGMS2",TRUE
"METAP1",TRUE
"DNAJB14",TRUE
"H2AZ1",TRUE
"EMCN",TRUE
"SLC9B1",TRUE
"SLC9B2",TRUE
"BDH2",TRUE
"PGRMC2",TRUE
"CDC25A",TRUE
"ZNF589",TRUE
"PLXNB1",TRUE
"CCDC51",TRUE
"SHISA5",TRUE
"SPRY1",TRUE
"BSN",TRUE
"APEH",TRUE
"INTU",TRUE
"RNF123",TRUE
"HSPA4L",TRUE
"MFSD8",TRUE
"ABHD18",TRUE
"MON1A",TRUE
"MST1R",TRUE
"RAD54L2",TRUE
"TEX264",TRUE
"GRM2",FALSE
"DUSP7",TRUE
"POC1A",TRUE
"PPM1M",TRUE
"ETNPPL",FALSE
"WDR82",TRUE
"PITX2",TRUE
"C4orf3",TRUE
"PRSS12",TRUE
"NDST3",FALSE
"HMGB2",TRUE
"SAP30",TRUE
"SCRG1",TRUE
"HAND2",FALSE
"MAD2L1",TRUE
"ANXA5",TRUE
"MAP9",TRUE
"GUCY1A1",TRUE
"FBXO8",TRUE
"CEP44",TRUE
"HPGD",TRUE
"TMEM144",TRUE
"GASK1B",TRUE
"NPY1R",FALSE
"NAA15",TRUE
"IL15",TRUE
"FAM160A1",TRUE
"ARFIP1",TRUE
"ICE1",TRUE
"ANAPC10",TRUE
"ABCE1",TRUE
"OTUD4",TRUE
"LSM6",TRUE
"TMEM184C",TRUE
"PRMT9",TRUE
"ITGA2",TRUE
"MOCS2",TRUE
"SLC45A2",TRUE
"EDIL3",TRUE
"TMEM161B",TRUE
"ELOVL7",TRUE
"NDUFAF2",TRUE
"LMBRD2",TRUE
"RANBP3L",FALSE
"NIPBL",TRUE
"RNF180",TRUE
"ADGRV1",TRUE
"SLC25A46",TRUE
"STARD4",TRUE
"PGGT1B",TRUE
"F2RL2",TRUE
"CCDC112",TRUE
"ANKRD33B",TRUE
"CMBL",TRUE
"C5orf63",TRUE
"PRRC1",TRUE
"F2RL1",FALSE
"AGGF1",TRUE
"WDR41",TRUE
"NDUFS4",TRUE
"ESM1",TRUE
"GRPEL2",TRUE
"ARSK",TRUE
"RHOBTB3",TRUE
"GPX8",TRUE
"TIGD6",TRUE
"SERINC5",TRUE
"CASP3",TRUE
"PRIMPOL",TRUE
"ERAP1",TRUE
"ERAP2",TRUE
"CMYA5",TRUE
"EGFLAM",TRUE
"CFAP97",TRUE
"RICTOR",TRUE
"TENT2",TRUE
"EBF1",TRUE
"ANKRA2",TRUE
"UBLCP1",TRUE
"UTP15",TRUE
"TLR3",TRUE
"KLKB1",TRUE
"NSA2",TRUE
"GFM2",TRUE
"TERT",TRUE
"CCDC127",TRUE
"ACSL6",FALSE
"SEPTIN8",TRUE
"SHROOM1",TRUE
"GDF9",FALSE
"UQCRQ",TRUE
"LEAP2",TRUE
"SLC35A1",TRUE
"GRIK2",TRUE
"CGAS",TRUE
"FABP7",TRUE
"TXLNB",TRUE
"CITED2",TRUE
"CREBRF",TRUE
"DCBLD1",TRUE
"SFXN1",TRUE
"SAMD3",TRUE
"TMEM200A",TRUE
"PDSS2",TRUE
"STXBP5",TRUE
"PI16",FALSE
"DAGLB",TRUE
"KIAA0895",TRUE
"STK17A",TRUE
"TRA2A",TRUE
"GALNT10",TRUE
"SAP30L",TRUE
"RPS14",TRUE
"HCN1",TRUE
"MYOZ3",FALSE
"COG5",TRUE
"BMT2",TRUE
"GPR85",TRUE
"SLU7",TRUE
"RP9",TRUE
"PTTG1",TRUE
"CAMLG",TRUE
"BMPER",TRUE
"RELL2",TRUE
"KCNK5",TRUE
"KIF6",TRUE
"ZNF12",TRUE
"SLC29A4",TRUE
"STEAP1",TRUE
"CDCA7L",TRUE
"MIOS",TRUE
"KIAA1324L",TRUE
"USP49",TRUE
"INTS4P1",TRUE
"SYTL3",TRUE
"IQUB",FALSE
"HEY1",TRUE
"ZNF704",TRUE
"FABP5",TRUE
"TAGAP",TRUE
"COL1A2",TRUE
"FNDC1",TRUE
"BRI3",TRUE
"LMTK2",TRUE
"CTSB",TRUE
"SOX17",FALSE
"DLC1",TRUE
"ADCY1",TRUE
"C8orf48",TRUE
"HNF4G",FALSE
"PEX2",TRUE
"RAD21",TRUE
"MED30",TRUE
"TNFRSF11B",TRUE
"SBSPON",FALSE
"PHKG1",TRUE
"EN2",TRUE
"CSMD3",FALSE
"SPIDR",TRUE
"ORC5",TRUE
"DNAAF5",TRUE
"OSGIN2",TRUE
"SUN1",TRUE
"OXR1",TRUE
"FAM86FP",FALSE
"GPR146",TRUE
"GPER1",TRUE
"TMEM184A",FALSE
"NOS3",TRUE
"MICALL2",TRUE
"CA3",FALSE
"INTS1",TRUE
"CDK5",TRUE
"SLC4A2",TRUE
"FASTK",TRUE
"TMUB1",TRUE
"FMC1",FALSE
"PHAX",TRUE
"ALDH7A1",TRUE
"FOXK1",TRUE
"COX6C",TRUE
"OSR2",FALSE
"YWHAZ",TRUE
"BAALC",TRUE
"FZD6",TRUE
"CTHRC1",TRUE
"SLC25A32",TRUE
"DCAF13",TRUE
"DCSTAMP",FALSE
"TP53INP1",TRUE
"INTS8",TRUE
"VIRMA",TRUE
"FREM1",TRUE
"GEM",TRUE
"PDP1",TRUE
"TMEM67",TRUE
"WASHC5",TRUE
"RPP25L",TRUE
"FAM219A",TRUE
"SNAPC3",TRUE
"MYORG",TRUE
"NUDT2",TRUE
"TMEM65",TRUE
"PSIP1",TRUE
"CCDC171",TRUE
"UBAP1",TRUE
"SYK",TRUE
"NIPSNAP3B",TRUE
"ABCA1",TRUE
"NFIL3",TRUE
"LETM2",TRUE
"METTL2B",TRUE
"FXN",TRUE
"TMEM71",TRUE
"MAMDC2",TRUE
"ALDH1A1",TRUE
"KDM1B",TRUE
"HGSNAT",TRUE
"RASEF",TRUE
"GKAP1",TRUE
"KIF27",TRUE
"C9orf64",TRUE
"HNRNPK",TRUE
"SVEP1",TRUE
"TRPV6",FALSE
"ANKS6",TRUE
"FBP1",TRUE
"PGAP4",TRUE
"ZHX1",TRUE
"CFAP47",FALSE
"CYBB",TRUE
"DYNLT3",TRUE
"METTL27",TRUE
"MID1IP1",TRUE
"NCF1C",TRUE
"KIAA1958",TRUE
"ASB11",TRUE
"PCDH19",FALSE
"PIGA",TRUE
"VEGFD",TRUE
"STRBP",TRUE
"GAPVD1",TRUE
"CARD19",TRUE
"WNK2",TRUE
"ATP7A",TRUE
"ZNF367",TRUE
"NLGN4Y",TRUE
"HDX",TRUE
"NDUFB6",TRUE
"AQP7",FALSE
"NOL6",TRUE
"AQP3",TRUE
"TRMT10B",TRUE
"VCP",TRUE
"PIGO",TRUE
"STOML2",TRUE
"BRWD3",TRUE
"SLITRK5",FALSE
"MELK",TRUE
"OTUD1",TRUE
"ARHGAP12",TRUE
"FAT3",TRUE
"HECTD2",TRUE
"FBXO33",TRUE
"INTS6L",TRUE
"LRFN5",TRUE
"SPTSSA",TRUE
"WRN",TRUE
"MARCHF8",TRUE
"TSHR",FALSE
"CFL2",TRUE
"SUGT1",TRUE
"GTF2A1",TRUE
"ZCCHC24",TRUE
"PGM2L1",TRUE
"SLC16A9",FALSE
"FOLR2",TRUE
"INPPL1",TRUE
"GJB2",TRUE
"CRYL1",TRUE
"REEP3",TRUE
"SKA3",TRUE
"MICU2",TRUE
"DDIAS",TRUE
"PCF11",TRUE
"PKNOX2",TRUE
"LRR1",TRUE
"RPL36AL",TRUE
"DNAAF2",TRUE
"DEPP1",TRUE
"C10orf25",TRUE
"ZNF22",TRUE
"KLHDC2",TRUE
"EML5",TRUE
"NEMF",TRUE
"RPUSD4",TRUE
"ARF6",TRUE
"TTC8",TRUE
"TMEM63C",FALSE
"NOXRED1",TRUE
"AMER2",FALSE
"AKR1E2",TRUE
"KBTBD6",TRUE
"FAAH2",FALSE
"NUDT5",TRUE
"DACT1",TRUE
"BEND7",TRUE
"ATP5F1C",TRUE
"PRPF18",TRUE
"TAF3",TRUE
"VSTM4",TRUE
"VDAC2",TRUE
"COMTD1",TRUE
"PDZD8",TRUE
"ZNF503",TRUE
"ABRAXAS2",TRUE
"QSOX2",TRUE
"FAM204A",TRUE
"NSD1",TRUE
"PRDX3",TRUE
"ENOX2",TRUE
"GHITM",TRUE
"SNAPC4",TRUE
"PMPCA",TRUE
"ENTR1",TRUE
"SPACA9",TRUE
"TSC1",TRUE
"HPRT1",TRUE
"BORCS5",TRUE
"DIPK1B",TRUE
"ZMYND19",TRUE
"STOX1",FALSE
"RET",FALSE
"DDX21",TRUE
"BMS1",TRUE
"STK32C",TRUE
"JCAD",TRUE
"FUNDC2",TRUE
"PIP4P1",TRUE
"METTL17",TRUE
"NDRG2",TRUE
"ARHGEF40",TRUE
"NSMF",TRUE
"ZNF219",TRUE
"CASP7",TRUE
"BTNL9",TRUE
"CCDC186",TRUE
"METTL3",TRUE
"SALL2",TRUE
"TRUB1",TRUE
"ZFYVE1",TRUE
"HSPA12A",TRUE
"SHLD2P1",FALSE
"FRAT1",TRUE
"UBTD1",TRUE
"E2F7",TRUE
"ARHGAP42",TRUE
"ISCA2",TRUE
"OTOGL",TRUE
"PACSIN3",TRUE
"TTC7B",TRUE
"SLC39A13",TRUE
"PSMC3",TRUE
"RAPSN",FALSE
"AGBL2",TRUE
"TC2N",TRUE
"CPSF2",TRUE
"MOAP1",TRUE
"IFI27L1",TRUE
"IFI27",TRUE
"CLMN",TRUE
"NELL1",TRUE
"PTER",TRUE
"CACNB2",FALSE
"HACD1",TRUE
"ARL5B",TRUE
"SMCO4",TRUE
"CEP295",TRUE
"TAF1D",TRUE
"ABTB2",TRUE
"R3HCC1L",TRUE
"AMOTL1",TRUE
"HTRA1",TRUE
"CEP57",TRUE
"TCP11L2",TRUE
"SPRED1",TRUE
"GPR176",TRUE
"JAM3",TRUE
"CMTM5",FALSE
"GLB1L3",FALSE
"ADAMTS15",TRUE
"GPT2",TRUE
"RAB8B",TRUE
"IKBIP",TRUE
"RPUSD2",TRUE
"HIF1AN",TRUE
"NDUFB8",TRUE
"ZFYVE19",TRUE
"SPINT1",TRUE
"FBN1",TRUE
"AVPR1A",TRUE
"BRD7",TRUE
"CKB",TRUE
"TRMT61A",TRUE
"BTRC",TRUE
"POLL",TRUE
"BAG5",TRUE
"DPCD",TRUE
"LARP6",TRUE
"API5",TRUE
"ASPG",FALSE
"ZNF319",TRUE
"HPS6",TRUE
"SENP8",TRUE
"NOLC1",TRUE
"ALKBH3",TRUE
"COPS2",TRUE
"GABRB3",TRUE
"SGPL1",TRUE
"FRS2",TRUE
"CCT2",TRUE
"PCBD1",TRUE
"ARIH1",TRUE
"CLMP",TRUE
"COX11",TRUE
"ZNF202",TRUE
"FAM227B",TRUE
"STXBP4",TRUE
"CYYR1",TRUE
"CUL5",TRUE
"WBP1L",TRUE
"BORCS7",TRUE
"C2",TRUE
"PLEKHF1",TRUE
"TMEM100",FALSE
"ANAPC16",TRUE
"SMPD1",TRUE
"APBB1",TRUE
"NUDT13",TRUE
"C11orf65",FALSE
"TRIM44",TRUE
"ILK",TRUE
"TAF10",TRUE
"TPP1",TRUE
"DCHS1",TRUE
"NETO1",FALSE
"MSS51",TRUE
"CYB5A",TRUE
"USP54",TRUE
"RAG1",TRUE
"C11orf74",TRUE
"ATP9B",TRUE
"PPFIBP2",TRUE
"CYB5R2",TRUE
"KIAA0355",TRUE
"SERPINB8",TRUE
"TUB",TRUE
"RIC3",TRUE
"IDH3A",TRUE
"WDR72",FALSE
"PLD4",TRUE
"ZMAT1",TRUE
"XRRA1",TRUE
"TRIM66",TRUE
"RNF169",TRUE
"RPL27A",TRUE
"DENND2B",TRUE
"CDYL2",TRUE
"PRTG",TRUE
"CENPN",TRUE
"AKIP1",TRUE
"ATMIN",TRUE
"TMEM41B",TRUE
"PKD1L2",TRUE
"LEO1",TRUE
"ZNF143",TRUE
"TMX3",TRUE
"MFAP4",TRUE
"WEE1",TRUE
"MAPK7",TRUE
"PRKCB",TRUE
"HDGFL3",TRUE
"NDST2",FALSE
"MCM7",TRUE
"CCDC68",FALSE
"CLEC4E",FALSE
"ZNF3",TRUE
"ZSCAN21",TRUE
"RIMKLB",TRUE
"BEAN1",TRUE
"TK2",TRUE
"TMED3",TRUE
"SEC11C",TRUE
"TMEM135",TRUE
"IQCD",FALSE
"NDEL1",TRUE
"CENPV",TRUE
"RRAD",FALSE
"CIAO2B",TRUE
"HSP90B1",TRUE
"BLCAP",TRUE
"ATF7IP2",TRUE
"TVP23A",FALSE
"BEX3",TRUE
"TMPRSS5",TRUE
"COG1",TRUE
"PLEKHA7",TRUE
"ZNF606",TRUE
"ZCCHC18",TRUE
"B2M",TRUE
"ZNF592",TRUE
"CASC4",TRUE
"NNMT",TRUE
"AP1G1",TRUE
"SLFN5",TRUE
"CATSPER2",TRUE
"ZNF667-AS1",TRUE
"BMERB1",TRUE
"MARF1",TRUE
"SAAL1",TRUE
"YPEL4",TRUE
"PPIB",TRUE
"CIAO2A",TRUE
"FAM111A",TRUE
"PCLAF",TRUE
"KIF7",TRUE
"LDHD",TRUE
"PLIN1",FALSE
"PEX11A",TRUE
"TMEM170A",TRUE
"ANPEP",TRUE
"RBPMS2",TRUE
"NAV2",TRUE
"ANKDD1A",TRUE
"C18orf54",TRUE
"DCTN5",TRUE
"TERF2IP",TRUE
"PLK1",TRUE
"CLPX",TRUE
"ZBTB39",TRUE
"NEMP1",TRUE
"NAB2",TRUE
"VPS39",TRUE
"STAT6",TRUE
"PATL1",TRUE
"ATP23",TRUE
"ELFN2",FALSE
"STX3",TRUE
"MRPL16",TRUE
"PIP4K2C",TRUE
"MTMR10",TRUE
"YWHAB",TRUE
"C15orf48",FALSE
"SCG5",FALSE
"GREM1",TRUE
"NYAP1",FALSE
"TSC22D4",TRUE
"MS4A14",TRUE
"DIS3L",TRUE
"CCNDBP1",TRUE
"SMAD3",TRUE
"MAP1A",TRUE
"RCCD1",TRUE
"AKTIP",TRUE
"MAPRE2",TRUE
"EVA1C",TRUE
"MARS1",TRUE
"MBD6",TRUE
"CNPY4",TRUE
"PDIA3",TRUE
"NUDT21",TRUE
"NAT16",FALSE
"NKX3-1",TRUE
"SGSM1",FALSE
"DUSP18",TRUE
"TEF",TRUE
"MEI1",TRUE
"PBX3",TRUE
"GNGT2",FALSE
"PHB",TRUE
"SNRPD1",TRUE
"TTC16",FALSE
"SAMD14",TRUE
"PIP5KL1",FALSE
"FAM102A",TRUE
"ACSF2",TRUE
"GOLGA2",TRUE
"TRUB2",TRUE
"COQ4",TRUE
"SLC27A4",TRUE
"URM1",TRUE
"CERCAM",TRUE
"DOLPP1",TRUE
"ENDOG",TRUE
"PRRX2",FALSE
"C15orf39",TRUE
"ISLR2",FALSE
"SP2",TRUE
"COQ7",TRUE
"GPRC5B",TRUE
"CRK",TRUE
"FBXO22",TRUE
"TBC1D2B",TRUE
"NOD2",TRUE
"SNX20",TRUE
"LOXHD1",FALSE
"KATNAL2",TRUE
"HDHD2",TRUE
"ZNF91",TRUE
"IGF2",TRUE
"RNF214",TRUE
"CDK12",TRUE
"DPEP2",TRUE
"DUS2",TRUE
"POP5",TRUE
"ENGASE",TRUE
"ATP5MG",TRUE
"CD3D",TRUE
"TBC1D16",TRUE
"TEPSIN",TRUE
"MYO5B",TRUE
"ACAA2",TRUE
"STIM1",TRUE
"RRM1",TRUE
"TRIM68",TRUE
"FN3K",TRUE
"PRRT2",TRUE
"ZNF23",TRUE
"IRGQ",TRUE
"ZNF226",TRUE
"ZNF180",TRUE
"ZNF668",TRUE
"ZNF646",TRUE
"VKORC1",TRUE
"SMG8",TRUE
"TPM4",TRUE
"RAB8A",TRUE
"GPX4",TRUE
"MIDN",TRUE
"NIBAN3",TRUE
"KLHL26",TRUE
"GATAD2A",TRUE
"MVD",TRUE
"CDT1",TRUE
"TRAPPC2L",TRUE
"ANKRD11",TRUE
"SPATA33",TRUE
"RSKR",TRUE
"PROCA1",TRUE
"RPL13",TRUE
"ZNF641",TRUE
"CACNB3",TRUE
"DHRS13",TRUE
"TP53I13",TRUE
"KMT2D",TRUE
"CORO6",TRUE
"RHEBL1",TRUE
"TUBA1A",TRUE
"TUBA1C",TRUE
"ZNF610",TRUE
"ZNF528",TRUE
"ZNF701",TRUE
"SERTAD3",TRUE
"NCKAP5L",TRUE
"RAB4B",TRUE
"GPD1",FALSE
"PROSER3",TRUE
"CYP2S1",FALSE
"AXL",TRUE
"NFKBID",TRUE
"TMC4",FALSE
"LAIR1",TRUE
"TTYH1",TRUE
"LENG8",TRUE
"CDC42EP5",TRUE
"TMEM145",TRUE
"ZNF526",TRUE
"TRAPPC9",TRUE
"ZNF146",TRUE
"ZNF283",TRUE
"SPINT2",TRUE
"YIF1B",TRUE
"PSCA",FALSE
"DAPK3",TRUE
"EEF2",TRUE
"CHAF1A",TRUE
"UBXN6",TRUE
"HDGFL2",TRUE
"PLIN4",TRUE
"SEMA6B",TRUE
"ZNF444",TRUE
"NXN",TRUE
"TLCD3A",TRUE
"GLOD4",TRUE
"MFSD3",TRUE
"KIFC2",TRUE
"SLC43A2",TRUE
"RILP",TRUE
"SERPINF2",TRUE
"WDR81",TRUE
"SRR",TRUE
"TSR1",TRUE
"TRPV3",TRUE
"HSD11B1L",TRUE
"CYB5D2",TRUE
"C19orf48",TRUE
"ZNF83",TRUE
"KRT80",FALSE
"OTUB1",TRUE
"RCOR2",TRUE
"ANGPTL4",TRUE
"CD320",TRUE
"SPRYD3",TRUE
"IGFBP6",TRUE
"ZNF558",TRUE
"NDUFV1",TRUE
"CDK2AP2",TRUE
"NUDT8",FALSE
"PRDX2",TRUE
"ZNF232",TRUE
"MIS12",TRUE
"CD300C",TRUE
"CD300A",TRUE
"HID1",TRUE
"MRPL58",TRUE
"ATP5PD",TRUE
"TMEM88",FALSE
"EVPL",FALSE
"SRP68",TRUE
"MGAT5B",TRUE
"TMC8",TRUE
"TK1",TRUE
"TMEM68",TRUE
"TMEM99",TRUE
"GHDC",TRUE
"FAM234A",TRUE
"ZNF598",TRUE
"RAB26",FALSE
"MLST8",TRUE
"E4F1",TRUE
"DNASE1L2",FALSE
"ECI1",TRUE
"CASKIN1",TRUE
"ABCA3",TRUE
"KCTD5",TRUE
"SRRM2",TRUE
"ZNF597",TRUE
"NLRC3",TRUE
"SDHAF2",TRUE
"DDB1",TRUE
"VPS37C",TRUE
"VWCE",TRUE
"RAB3IL1",TRUE
"BEST1",TRUE
"FTH1",TRUE
"BSCL2",TRUE
"POLR2G",TRUE
"SLC3A2",TRUE
"SPINDOC",TRUE
"ATG16L2",TRUE
"C2CD3",TRUE
"TRANK1",TRUE
"TTC21A",TRUE
"RPSA",TRUE
"CTNNB1",TRUE
"ULK4",TRUE
"FADD",TRUE
"LTBP3",TRUE
"NAALADL1",FALSE
"SAC3D1",TRUE
"BATF2",TRUE
"SF1",TRUE
"MAP4K2",TRUE
"CCDC88B",TRUE
"SCARA3",TRUE
"PBK",TRUE
"SCARA5",TRUE
"COPS6",TRUE
"PAFAH1B2",TRUE
"ANKS3",TRUE
"NUDT16L1",TRUE
"KIAA1586",TRUE
"RAB4A",TRUE
"SETD5",TRUE
"VASN",TRUE
"THAP9",TRUE
"RNF187",TRUE
"HOOK3",TRUE
"MAPK1IP1L",TRUE
"DDIT4",TRUE
"RBPJ",TRUE
"LMBRD1",TRUE
"ZCCHC4",TRUE
"PTGDR",TRUE
"TTC39C",TRUE
"GLYCTK",TRUE
"GNG4",TRUE
"UBTD2",TRUE
"POLR2J3",TRUE
"NKIRAS2",TRUE
"DNAJC7",TRUE
"IRF2BP2",TRUE
"NT5DC2",TRUE
"SMIM4",TRUE
"COA6",TRUE
"KIF5C",TRUE
"MGAT2",TRUE
"BMI1",TRUE
"THAP11",TRUE
"MMADHC",TRUE
"PDHB",TRUE
"PXK",TRUE
"H1-4",TRUE
"PCMTD1",TRUE
"KCTD6",TRUE
"MPLKIP",TRUE
"ACOX2",TRUE
"FAM107A",FALSE
"IRF2",TRUE
"CX3CR1",TRUE
"XIRP1",FALSE
"DEGS2",FALSE
"SCN11A",FALSE
"ARF4",TRUE
"SEPTIN2",TRUE
"FILIP1L",TRUE
"MFSD2A",TRUE
"DTYMK",TRUE
"TAP1",TRUE
"ING5",TRUE
"ATG4B",TRUE
"BDKRB2",TRUE
"MLKL",TRUE
"CMAHP",TRUE
"RFWD3",TRUE
"RHOH",TRUE
"KLHL30",FALSE
"COG7",TRUE
"CDC40",TRUE
"STIP1",TRUE
"HR",TRUE
"RAB31",TRUE
"REEP4",TRUE
"TNXB",TRUE
"LGI3",TRUE
"SFTPC",FALSE
"BMP1",TRUE
"ATXN2L",TRUE
"PHYHIP",TRUE
"CCDC110",TRUE
"POLR3D",TRUE
"FEN1",TRUE
"CAVIN2",TRUE
"MTCL1",TRUE
"HEXIM2",TRUE
"FNTA",TRUE
"SERINC2",TRUE
"TRAPPC11",TRUE
"CHRM1",FALSE
"COL3A1",TRUE
"GFRA2",TRUE
"ING2",TRUE
"CDKN2AIP",TRUE
"SNRNP48",TRUE
"TMEM223",TRUE
"SLC20A2",TRUE
"TMUB2",TRUE
"STAT3",TRUE
"ZSWIM1",TRUE
"ADAM9",TRUE
"GDNF",TRUE
"AXIN2",TRUE
"NDUFS5",TRUE
"ZNF30",TRUE
"LRATD2",TRUE
"LDLRAD4",TRUE
"KCTD19",FALSE
"SLC16A4",TRUE
"IL7R",TRUE
"TMEM208",TRUE
"LRP1B",FALSE
"AHCYL1",TRUE
"DNAJC21",TRUE
"PKIG",TRUE
"NPNT",TRUE
"FAM178B",TRUE
"SEMA4C",TRUE
"CNNM3",TRUE
"GSTM4",TRUE
"TET2",TRUE
"CXXC4",TRUE
"TCTN2",TRUE
"SHOX2",TRUE
"PPIP5K1",TRUE
"TSPAN5",TRUE
"ABHD15",TRUE
"ZBTB5",TRUE
"CHTF8",TRUE
"ADAL",TRUE
"LCMT2",TRUE
"SNTB2",TRUE
"ZNF507",TRUE
"STX18",TRUE
"NSG1",TRUE
"ZBTB49",TRUE
"GFM1",TRUE
"FSTL5",TRUE
"TPTE2P5",TRUE
"DDX19A",TRUE
"ATOH8",TRUE
"ANKRD49",TRUE
"SFTPB",FALSE
"USP39",TRUE
"TNIP2",TRUE
"C2orf68",TRUE
"TMEM150A",TRUE
"RNF181",TRUE
"VAMP5",TRUE
"LRRC28",TRUE
"MAT2A",TRUE
"ZNF608",TRUE
"SLC35G2",TRUE
"INPP5D",TRUE
"LETM1",TRUE
"TMEM129",TRUE
"PPIC",TRUE
"CEP120",TRUE
"STXBP6",TRUE
"MFF",TRUE
"LGALS9",TRUE
"JMJD7-PLA2G4B",TRUE
"PXDC1",TRUE
"SIGLEC7",TRUE
"E2F6",TRUE
"FEM1B",TRUE
"COMMD8",TRUE
"ATP5ME",TRUE
"UQCRFS1",TRUE
"SLC49A3",TRUE
"COL4A3",TRUE
"MAP2K1",TRUE
"HNRNPH1",TRUE
"IRS1",TRUE
"MECP2",TRUE
"UPF3A",TRUE
"ROR2",TRUE
"AR",TRUE
"VXN",TRUE
"HSPBAP1",TRUE
"CHST14",TRUE
"PARM1",TRUE
"CSNK1G1",TRUE
"FAM110B",TRUE
"AFAP1L2",TRUE
"ZNF354A",TRUE
"ATF5",TRUE
"UBE2V2",TRUE
"ZBTB43",TRUE
"CPT1C",TRUE
"XPO6",TRUE
"MN1",TRUE
"APEX2",TRUE
"NSMCE1",TRUE
"CCDC126",TRUE
"NPIPB12",TRUE
"RAB3B",TRUE
"CD2BP2",TRUE
"RGS14",TRUE
"TBC1D10B",TRUE
"LMAN2",TRUE
"RAB24",TRUE
"PRELID1",TRUE
"THBS3",TRUE
"CA5B",TRUE
"SLC50A1",TRUE
"EFNA1",TRUE
"CXCL10",TRUE
"NPIPB3",TRUE
"SH3TC2",TRUE
"CXCL11",TRUE
"ZRSR2",TRUE
"NMD3",TRUE
"ADRB2",TRUE
"B3GALNT1",TRUE
"GPRIN1",TRUE
"KCNAB1",TRUE
"MRPL1",TRUE
"SHE",TRUE
"PGM2",TRUE
"STK32A",TRUE
"IL1RAPL1",TRUE
"P2RY12",FALSE
"MINAR1",TRUE
"SLC33A1",TRUE
"SNUPN",TRUE
"CRADD",TRUE
"SIN3A",TRUE
"ARL13B",TRUE
"PTK2",TRUE
"PTAFR",TRUE
"PTPN9",TRUE
"RNASE6",TRUE
"NPR1",TRUE
"CXCL8",TRUE
"SCN9A",TRUE
"RASSF6",FALSE
"COL22A1",TRUE
"SDC2",TRUE
"CD52",TRUE
"MMGT1",TRUE
"TM2D2",TRUE
"HTRA4",TRUE
"PLEKHA2",TRUE
"CLIC4",TRUE
"SLC38A11",TRUE
"GPR183",TRUE
"CCDC8",TRUE
"METTL15",TRUE
"ZNF280A",TRUE
"MUC15",FALSE
"ZEB2",TRUE
"GJB1",TRUE
"PCBP1",TRUE
"HINT1",TRUE
"DTWD2",TRUE
"INO80E",TRUE
"DFFB",TRUE
"NFU1",TRUE
"ANTXR1",TRUE
"CKAP2L",TRUE
"C15orf40",TRUE
"RAMAC",TRUE
"APLF",TRUE
"RGPD8",TRUE
"HIC2",TRUE
"LUZP1",TRUE
"HEXD",TRUE
"BUB1",TRUE
"SPNS1",TRUE
"LRRC45",TRUE
"CHRNA5",TRUE
"CENPX",TRUE
"AGPAT2",TRUE
"ASPSCR1",TRUE
"FASN",TRUE
"CNBP",TRUE
"MT1E",TRUE
"DUS1L",TRUE
"GPS1",TRUE
"RFNG",TRUE
"DCXR",TRUE
"ZNF32",TRUE
"LDB2",TRUE
"RAC3",TRUE
"LIMS1",TRUE
"TMEM266",FALSE
"NLGN1",TRUE
"TAPT1",TRUE
"UGP2",TRUE
"LINGO1",TRUE
"HNRNPF",TRUE
"BTD",TRUE
"CSGALNACT2",TRUE
"PCDH7",TRUE
"ROBO1",TRUE
"ONECUT1",TRUE
"AVEN",TRUE
"P2RY1",TRUE
"CTNND2",FALSE
"TRIM56",TRUE
"MUC17",FALSE
"WNT10B",FALSE
"REPS2",TRUE
"MUC3A",TRUE
"SYAP1",TRUE
"ITGAM",TRUE
"TPST1",TRUE
"TOR1AIP2",TRUE
"TM4SF1",TRUE
"OTUD3",TRUE
"OTUD7A",TRUE
"GUSB",TRUE
"BRD3",TRUE
"KLF13",TRUE
"FRMPD4",FALSE
"ZFPM2",TRUE
"ZNF764",TRUE
"ZNF747",TRUE
"ZNF768",TRUE
"TAS1R3",FALSE
"TMEM42",TRUE
"MAP3K2",TRUE
"PUSL1",TRUE
"SF3B5",TRUE
"ZNF35",TRUE
"TIGD4",TRUE
"IFFO2",TRUE
"NLGN2",TRUE
"MYO7B",FALSE
"CHD3",TRUE
"TMEM154",TRUE
"MYRIP",FALSE
"ALCAM",TRUE
"YWHAG",TRUE
"UBE2E3",TRUE
"CNTROB",TRUE
"TRAPPC1",TRUE
"KCNAB3",TRUE
"SIMC1",TRUE
"TMEM192",TRUE
"ZNF778",TRUE
"NIPA1",TRUE
"UBE2E1",TRUE
"HNRNPA3",TRUE
"SIK2",TRUE
"RNF150",TRUE
"CCDC144A",TRUE
"CHRNB1",TRUE
"USP38",TRUE
"SLC16A5",TRUE
"NANP",TRUE
"ADRA1B",FALSE
"ADPRM",TRUE
"PWWP2A",TRUE
"USP47",TRUE
"PDCD6IP",TRUE
"ZNF212",TRUE
"FAM161A",TRUE
"ZNF282",TRUE
"GLB1",TRUE
"GON7",TRUE
"FAXDC2",TRUE
"CRTAP",TRUE
"ELP5",TRUE
"CMTM8",TRUE
"GABARAP",TRUE
"STX8",TRUE
"CDK1",TRUE
"UBB",TRUE
"NFRKB",TRUE
"FABP4",FALSE
"PRDM10",TRUE
"B3GNT2",TRUE
"FOS",TRUE
"TMED10",TRUE
"OR2A20P",FALSE
"SETMAR",TRUE
"SMAD1",TRUE
"TCAF2",TRUE
"SEMA3E",TRUE
"LRRN2",FALSE
"SLC30A1",TRUE
"DCLK2",TRUE
"ZNF804A",FALSE
"GPRC5C",TRUE
"TMEM182",TRUE
"KRT8",TRUE
"ADORA2B",TRUE
"MGMT",TRUE
"METTL7B",FALSE
"HARS1",TRUE
"NFXL1",TRUE
"DENND5B",TRUE
"CD14",TRUE
"DNAJC18",TRUE
"RIOX1",TRUE
"RALGAPB",TRUE
"PYM1",TRUE
"MZB1",TRUE
"NPAS2",TRUE
"LONRF2",TRUE
"NUDT9",TRUE
"PA2G4",TRUE
"ELOVL6",TRUE
"PFKFB3",TRUE
"TMC7",TRUE
"ARL6IP1",TRUE
"SERPINB9",TRUE
"SMAGP",TRUE
"IRX1",FALSE
"CDH2",TRUE
"IRX2",TRUE
"EMB",TRUE
"DLGAP1",TRUE
"STAT2",TRUE
"NUDCD2",TRUE
"IRF2BP1",TRUE
"HSPA4",TRUE
"COMMD5",TRUE
"SGCD",TRUE
"GTSF1",FALSE
"DPY19L2P2",TRUE
"ZNF16",TRUE
"ARMC10",TRUE
"RNF34",TRUE
"ACYP2",TRUE
"TRABD",TRUE
"ATF7",TRUE
"SOCS6",TRUE
"CAVIN4",TRUE
"ZNF296",FALSE
"HOXB9",TRUE
"TTLL6",FALSE
"POLH",TRUE
"KCNS3",TRUE
"KIF5B",TRUE
"GPR37",TRUE
"AKAP13",TRUE
"CDCA4",TRUE
"CHCHD7",TRUE
"HTRA3",TRUE
"FOXN2",TRUE
"USP32",TRUE
"CEL",FALSE
"PPM1D",TRUE
"GPR27",TRUE
"KBTBD2",TRUE
"RIOX2",TRUE
"TRIAP1",TRUE
"LSM3",TRUE
"KIAA0232",TRUE
"MTSS1",TRUE
"TMEM43",TRUE
"RNF139",TRUE
"RPS9",TRUE
"CYTL1",TRUE
"TSEN34",TRUE
"GSTA4",TRUE
"MSANTD4",TRUE
"NDUFA3",TRUE
"OSCAR",TRUE
"PAQR8",TRUE
"NUDT6",TRUE
"TPT1-AS1",TRUE
"TANC2",TRUE
"PKHD1",TRUE
"DNAJC24",TRUE
"ZNF160",TRUE
"ZNF415",TRUE
"CAVIN3",TRUE
"DCDC1",FALSE
"HAS2",TRUE
"PDGFD",TRUE
"S1PR1",TRUE
"HS6ST2",FALSE
"PYGO1",TRUE
"LRRC8E",TRUE
"PKIA",TRUE
"XKR6",TRUE
"TSNARE1",TRUE
"FPR2",FALSE
"FPR1",TRUE
"FEZ2",TRUE
"SOX7",TRUE
"C11orf24",TRUE
"FAM86JP",TRUE
"ALK",TRUE
"KYAT1",TRUE
"MTM1",TRUE
"TRMT61B",TRUE
"INSR",TRUE
"MFN1",TRUE
"GIMAP8",TRUE
"NRTN",FALSE
"KCNMB3",TRUE
"KCNG3",TRUE
"ATP6V0E2",TRUE
"PRKCE",TRUE
"JAGN1",TRUE
"TADA3",TRUE
"SOCS5",TRUE
"C1GALT1C1",TRUE
"C9orf16",TRUE
"MORN4",TRUE
"ZNF672",TRUE
"ZNF692",TRUE
"NAIF1",TRUE
"RBKS",TRUE
"MUC7",FALSE
"TMEM126A",TRUE
"TMEM126B",TRUE
"TRIM8",TRUE
"NETO2",TRUE
"CDC42BPG",TRUE
"SCAND1",TRUE
"JUNB",TRUE
"FAM241B",FALSE
"TMEM37",TRUE
"UGT2B7",FALSE
"LRG1",FALSE
"SHCBP1",TRUE
"SOSTDC1",TRUE
"NPTX1",FALSE
"FAM98B",TRUE
"ZNF439",TRUE
"ZNF440",TRUE
"GAA",TRUE
"CANT1",TRUE
"ZDHHC16",TRUE
"CHST11",TRUE
"EXOSC1",TRUE
"PGAM1",TRUE
"CHD7",TRUE
"ESCO2",TRUE
"KRT19",FALSE
"KRT15",FALSE
"LURAP1",TRUE
"CLCN5",TRUE
"TPPP",TRUE
"KCND3",TRUE
"APLN",TRUE
"PDE7B",TRUE
"MRPL36",TRUE
"ZNF581",TRUE
"NAT1",TRUE
"ZNF524",TRUE
"MCC",TRUE
"ZBTB26",TRUE
"DSEL",TRUE
"POLR1C",TRUE
"ASXL1",TRUE
"ZNF562",TRUE
"ZNF318",TRUE
"ZNF561",TRUE
"WIPF2",TRUE
"HOPX",TRUE
"LRRC8C",TRUE
"RSL1D1",TRUE
"LRRC8D",TRUE
"PPID",TRUE
"COL24A1",TRUE
"ETFDH",TRUE
"LPAR3",FALSE
"PTGER4",TRUE
"TBCA",TRUE
"MAP6",TRUE
"BCL2L1",TRUE
"PLRG1",TRUE
"ZNF584",TRUE
"CLSTN1",TRUE
"CXXC5",TRUE
"ZNF274",TRUE
"PIK3CD",TRUE
"PTCRA",FALSE
"SLC25A33",TRUE
"ENC1",TRUE
"SPSB1",TRUE
"P2RY6",TRUE
"BPTF",TRUE
"ZIK1",TRUE
"NMRAL2P",TRUE
"GPR34",TRUE
"PLEKHG5",TRUE
"ATF7IP",TRUE
"RGS19",TRUE
"TCEA2",TRUE
"ANO5",TRUE
"HDAC3",TRUE
"GPHN",TRUE
"VAT1L",FALSE
"TMEM51",TRUE
"CAMTA1",TRUE
"LRRC34",TRUE
"SPATA5L1",TRUE
"GATM",TRUE
"RASGRP4",TRUE
"SLFNL1",TRUE
"BCL2",TRUE
"RHNO1",TRUE
"CTPS1",TRUE
"KNDC1",FALSE
"METTL18",TRUE
"CFAP46",FALSE
"COL8A2",TRUE
"PWWP2B",TRUE
"ZNF540",TRUE
"ANGPTL7",TRUE
"FBXL14",TRUE
"EXOSC10",TRUE
"ZNF570",TRUE
"NINJ2",FALSE
"MLLT3",TRUE
"RRM2",TRUE
"TRAPPC12",TRUE
"RPS21",TRUE
"C3AR1",TRUE
"MRM3",TRUE
"PTEN",TRUE
"RPS7",TRUE
"PRND",FALSE
"RNASEH1",TRUE
"PRNP",TRUE
"FRMD5",TRUE
"AQP4",FALSE
"TLN2",TRUE
"TVP23B",TRUE
"ZNF217",TRUE
"SRGAP2C",TRUE
"SCG2",TRUE
"ATPAF2",TRUE
"PPIH",TRUE
"DRC3",TRUE
"ZNF57",TRUE
"SHLD1",TRUE
"JMJD1C",TRUE
"SYNPO",TRUE
"MAL",TRUE
"ZNF554",TRUE
"RAB33B",TRUE
"THOP1",TRUE
"ANKRD20A4",TRUE
"LAMB2",TRUE
"USP19",TRUE
"QARS1",TRUE
"ORMDL3",TRUE
"KLF11",TRUE
"LRRC15",TRUE
"SMN1",TRUE
"EIF2AK3",TRUE
"MOB3A",TRUE
"KRCC1",TRUE
"NME6",TRUE
"CYCS",TRUE
"CD8B",TRUE
"SLFN12",TRUE
"SLC9C1",FALSE
"CCL11",FALSE
"FRMD3",TRUE
"SNTB1",TRUE
"MTBP",TRUE
"TEFM",TRUE
"MRPL13",TRUE
"MALT1",TRUE
"ISG20",TRUE
"MBOAT1",TRUE
"ID4",TRUE
"CXCR6",TRUE
"CEBPB",TRUE
"PAIP1",TRUE
"CLEC7A",TRUE
"C5orf34",TRUE
"NEGR1",TRUE
"ZNF131",TRUE
"MACROD2",TRUE
"DPAGT1",TRUE
"BSG",TRUE
"HINFP",TRUE
"CERS6",TRUE
"SPTLC3",TRUE
"COPRS",TRUE
"TP53RK",TRUE
"B3GALT1",TRUE
"CLEC12A",TRUE
"BPGM",TRUE
"POP7",TRUE
"ALG14",TRUE
"SUCLG2",TRUE
"STARD5",TRUE
"RCAN2",TRUE
"IL16",TRUE
"GNB2",TRUE
"MCRIP2",TRUE
"C2CD2L",TRUE
"ARNT2",TRUE
"GNG12",TRUE
"PRSS27",TRUE
"SYNPO2",TRUE
"CLP1",TRUE
"RSPH9",FALSE
"COPS9",TRUE
"GTPBP2",TRUE
"FGGY",TRUE
"IL17D",TRUE
"PRSS30P",TRUE
"TCEAL1",TRUE
"ZNF24",TRUE
"MANEA",TRUE
"RAB40A",TRUE
"AFF1",TRUE
"FIBP",TRUE
"CARNS1",FALSE
"BANP",TRUE
"PPP1CA",TRUE
"HCFC1",TRUE
"CTSW",TRUE
"PDE3A",TRUE
"RASGRP1",TRUE
"KLHL6",TRUE
"CHCHD1",TRUE
"MRPL52",TRUE
"SMPDL3A",TRUE
"RAD9A",TRUE
"EFEMP2",TRUE
"AGAP5",FALSE
"WASHC2C",TRUE
"TMEM134",TRUE
"ZMAT3",TRUE
"ZFAND4",TRUE
"THEMIS",TRUE
"ZNF738",TRUE
"SLFN11",TRUE
"CCL19",TRUE
"CORO1B",TRUE
"FUT10",TRUE
"LRRC20",TRUE
"MUS81",TRUE
"ZNF596",TRUE
"COL6A5",FALSE
"CFL1",TRUE
"TMCC1",TRUE
"NAA16",TRUE
"EFCAB12",FALSE
"PSME3IP1",TRUE
"RAB43",TRUE
"CBWD1",TRUE
"HOXC5",FALSE
"RAB37",TRUE
"DCP2",TRUE
"SNX32",TRUE
"RPL38",TRUE
"CYP7B1",TRUE
"RARG",TRUE
"CES4A",TRUE
"CES3",TRUE
"SSH3",TRUE
"CES2",TRUE
"PDP2",TRUE
"SP3",TRUE
"DMXL1",TRUE
"METAP1D",TRUE
"ZNF621",TRUE
"EGFL7",TRUE
"NADSYN1",TRUE
"DHCR7",TRUE
"LVRN",FALSE
"NBEA",TRUE
"RNASEH2C",TRUE
"MYEOV",TRUE
"ANKRD13D",TRUE
"MRGPRF",TRUE
"MYD88",TRUE
"OXSR1",TRUE
"PHF8",TRUE
"LCLAT1",TRUE
"MIR4435-2HG",TRUE
"KAT5",TRUE
"SH3RF3",TRUE
"GXYLT2",TRUE
"HPSE2",TRUE
"DCAKD",TRUE
"TADA2B",TRUE
"GRK2",TRUE
"RELA",TRUE
"EVC2",TRUE
"ZNF680",TRUE
"HECTD4",TRUE
"FAM222B",TRUE
"BNC2",TRUE
"HPSE",TRUE
"COQ2",TRUE
"HSPA6",TRUE
"TRMT112",TRUE
"LRRN3",FALSE
"KDM2A",TRUE
"ADCK5",TRUE
"MRPL57",TRUE
"NOC3L",TRUE
"ESRRA",TRUE
"RHOD",FALSE
"ADAMTS20",FALSE
"COMMD1",TRUE
"RAPH1",TRUE
"MTX1",TRUE
"ADCY5",TRUE
"PARP14",TRUE
"CYSLTR1",TRUE
"PARP15",TRUE
"CKS1B",TRUE
"ABCD2",TRUE
"AHSA2P",TRUE
"ABLIM3",TRUE
"MFSD4B",TRUE
"VANGL1",TRUE
"GLRX",TRUE
"IQCB1",TRUE
"SYT12",FALSE
"GOLGB1",TRUE
"DMRT2",FALSE
"ZNF483",TRUE
"GPR137",TRUE
"MMRN2",TRUE
"MZT2A",TRUE
"TNKS",TRUE
"ZNF449",TRUE
"ZBTB21",TRUE
"PPP1R3B",TRUE
"FAM86B3P",TRUE
"STOX2",TRUE
"MAP3K11",TRUE
"TRIB1",TRUE
"SFT2D3",TRUE
"C1QB",TRUE
"C1QA",TRUE
"NDNF",FALSE
"OLR1",TRUE
"DAG1",TRUE
"DAB1",FALSE
"ARV1",TRUE
"NAA20",TRUE
"CCDC36",TRUE
"MICOS10",TRUE
"EHBP1L1",TRUE
"THAP2",TRUE
"RNF26",TRUE
"PPP1R14B",TRUE
"ZNRD2",TRUE
"SMARCC1",TRUE
"ZNF417",TRUE
"PTPRM",TRUE
"FKBP2",TRUE
"VEGFB",TRUE
"PEAK1",TRUE
"TNFRSF10D",TRUE
"MST1",TRUE
"TNFRSF10C",FALSE
"GMPPB",TRUE
"MOB1B",TRUE
"ZNF622",TRUE
"CSPG4",TRUE
"SNX33",TRUE
"FAM166C",TRUE
"NABP1",TRUE
"CHD2",TRUE
"XCR1",TRUE
"CCDC106",TRUE
"CEP83",TRUE
"SULT1B1",FALSE
"NUDT4",TRUE
"PC",TRUE
"SCAI",TRUE
"NMNAT1",TRUE
"LRFN4",TRUE
"SLC19A1",TRUE
"HSPB7",TRUE
"RCE1",TRUE
"UQCRH",TRUE
"EIF1AX",TRUE
"BCLAF3",TRUE
"PSMD1",TRUE
"ADGRG2",FALSE
"SUSD5",TRUE
"HEG1",TRUE
"C11orf80",TRUE
"TOMM20",TRUE
"AGFG1",TRUE
"STAT5B",TRUE
"CD7",TRUE
"CNP",TRUE
"JUP",TRUE
"HAP1",FALSE
"TDRD12",FALSE
"EIF1",TRUE
"ENDOV",TRUE
"RNF213",TRUE
"PLK3",TRUE
"NET1",TRUE
"DPY19L1",TRUE
"ZNF791",TRUE
"PHC3",TRUE
"GPR160",TRUE
"CBX2",TRUE
"SPTBN2",TRUE
"GOLIM4",TRUE
"RBM4B",TRUE
"ATP5MD",TRUE
"HOXB2",TRUE
"C1QTNF1",TRUE
"MARCHF3",TRUE
"SWSAP1",TRUE
"RBM4",TRUE
"XXYLT1",TRUE
"UBXN2A",TRUE
"LRRC63",FALSE
"TCAP",TRUE
"CCS",TRUE
"NRROS",TRUE
"CEP19",TRUE
"KLHL15",TRUE
"FBXO45",TRUE
"GNG5",TRUE
"FAM3C2",FALSE
"SLC25A30",TRUE
"CD34",TRUE
"CTSF",TRUE
"MSRB3",TRUE
"LEMD3",TRUE
"C16orf91",TRUE
"TLR10",TRUE
"TLR1",TRUE
"TLR6",TRUE
"FAM174A",TRUE
"RGMB",TRUE
"FAM53A",TRUE
"CYB561D1",TRUE
"ZDHHC24",TRUE
"TRMT10C",TRUE
"SELP",TRUE
"CTU2",TRUE
"MGA",TRUE
"C12orf66",TRUE
"PIGG",TRUE
"PRPF8",TRUE
"ADCY6",TRUE
"REP15",TRUE
"PITPNA",TRUE
"DDX23",TRUE
"ZNHIT2",TRUE
"ZBTB4",TRUE
"TNK1",TRUE
"ZHX3",TRUE
"PHLDA3",TRUE
"SLC16A13",TRUE
"PODN",TRUE
"STAG3L3",TRUE
"SNHG11",TRUE
"C11orf45",TRUE
"EXO1",TRUE
"RALGAPA1",TRUE
"LIG4",TRUE
"GTF2IRD2B",TRUE
"ATP2A2",TRUE
"ZWILCH",TRUE
"RPL4",TRUE
"SNAPC5",TRUE
"C12orf76",TRUE
"CNTNAP2",FALSE
"GALNTL6",FALSE
"LINGO2",TRUE
"BBS1",TRUE
"DENND4A",TRUE
"IGDCC3",FALSE
"GCSAM",TRUE
"ANKRD36C",TRUE
"MFSD4A",FALSE
"PELI3",TRUE
"TMEM81",TRUE
"MRPL11",TRUE
"IL20RB",TRUE
"AKIRIN1",TRUE
"MSL2",TRUE
"ZNF497",FALSE
"TRAM1L1",TRUE
"CMKLR1",TRUE
"ANGEL2",TRUE
"UGT8",TRUE
"IQCK",TRUE
"SLCO2A1",TRUE
"ZNF266",TRUE
"SLC29A2",TRUE
"BRSK2",TRUE
"B4GAT1",TRUE
"TMEM167A",TRUE
"LEP",FALSE
"SH3PXD2B",TRUE
"RESF1",TRUE
"LARP7",TRUE
"FGFBP3",TRUE
"NR1D2",TRUE
"PABPC5",TRUE
"BRMS1",TRUE
"RPL15",TRUE
"FAM241A",TRUE
"HRAS",TRUE
"WDR49",FALSE
"SRP72",TRUE
"RIN1",TRUE
"THAP6",TRUE
"CEP135",TRUE
"FZD4",TRUE
"CD248",TRUE
"ADGRE1",FALSE
"DENND6A",TRUE
"PDE12",TRUE
"GLMN",TRUE
"DNAH12",TRUE
"YIF1A",TRUE
"CNIH2",TRUE
"NDUFA11",TRUE
"RSRC1",TRUE
"RAB1B",TRUE
"PTDSS2",TRUE
"MICOS13",TRUE
"C3orf33",TRUE
"SEZ6L2",TRUE
"ASPHD1",TRUE
"KCTD13",TRUE
"P2RY14",TRUE
"AMZ1",TRUE
"GPR171",TRUE
"FUT1",FALSE
"DHX36",TRUE
"OR5J2",FALSE
"ZIC4",FALSE
"FBXW8",TRUE
"KLC2",TRUE
"SLC22A1",TRUE
"CTBP2",TRUE
"CHST2",TRUE
"ZDHHC14",TRUE
"ATR",TRUE
"SNHG29",TRUE
"UBE2C",TRUE
"GK5",TRUE
"VCPIP1",TRUE
"DES",FALSE
"PDIK1L",TRUE
"TRAF6",TRUE
"ZNF654",TRUE
"TVP23C",TRUE
"MRPS22",TRUE
"PACS1",TRUE
"MARCKSL1",TRUE
"SH3BP5L",TRUE
"TMEM51-AS1",TRUE
"YPEL2",TRUE
"ABO",FALSE
"PSMD2",TRUE
"FAM182B",TRUE
"PPM1E",TRUE
"FAM131A",TRUE
"CSRP2",TRUE
"PARL",TRUE
"DDIT3",TRUE
"PCCA",TRUE
"DCTN2",TRUE
"ZNF408",TRUE
"CTDSP2",TRUE
"CKAP5",TRUE
"ARHGAP1",TRUE
"MED16",TRUE
"ATG13",TRUE
"C1orf127",FALSE
"CHST1",TRUE
"GOLGA8A",TRUE
"TP53I11",TRUE
"DOLK",TRUE
"PHYHD1",TRUE
"ANKRD30BP1",FALSE
"CCNE2",TRUE
"PHYKPL",TRUE
"GRAMD2A",FALSE
"ZNF519",TRUE
"LSM1",TRUE
"BANF1",TRUE
"CHRNA7",TRUE
"TMEM9B",TRUE
"NRIP3",TRUE
"PTPN2",TRUE
"SCUBE2",TRUE
"EIF1AD",TRUE
"SMAD2",TRUE
"EIF3F",TRUE
"ZNF25",TRUE
"ARL10",TRUE
"CLTB",TRUE
"PCSK1",TRUE
"LPL",TRUE
"RFESD",TRUE
"CCDC14",TRUE
"TBC1D10C",TRUE
"SART1",TRUE
"PPP2R2D",TRUE
"MCTP1",TRUE
"POLD4",TRUE
"LRRC25",TRUE
"DPP10",FALSE
"CLCF1",TRUE
"LIPT2",FALSE
"KCNE3",TRUE
"CABP4",TRUE
"ALG10B",TRUE
"DRAP1",TRUE
"LONRF3",TRUE
"UCP3",TRUE
"UCP2",TRUE
"C11orf68",TRUE
"PAAF1",TRUE
"MRPL48",TRUE
"RAB6A",TRUE
"P2RY2",FALSE
"FOSL1",TRUE
"ERCC4",TRUE
"SUGCT",TRUE
"CCDC85B",TRUE
"TMEM70",TRUE
"LINC00476",TRUE
"RPS6KB2",TRUE
"RMI2",TRUE
"TOM1L2",TRUE
"ZNF77",TRUE
"GPR156",TRUE
"MTLN",TRUE
"B3GNTL1",TRUE
"MLXIP",TRUE
"NR2F1",TRUE
"AURKAIP1",TRUE
"TTLL11",TRUE
"TOMM5",TRUE
"SLC35E3",TRUE
"PRIMA1",TRUE
"ZNF169",TRUE
"RUVBL1",TRUE
"MSRA",TRUE
"CCDC168",TRUE
"CTDNEP1",TRUE
"ETV4",TRUE
"SWI5",TRUE
"GAPT",TRUE
"BAIAP2",TRUE
"HOXD8",TRUE
"ZDHHC21",TRUE
"PLEKHF2",TRUE
"A2M",TRUE
"ARL4D",TRUE
"LRRN1",FALSE
"UBE2O",TRUE
"ORAI3",TRUE
"KLHL38",TRUE
"UNC119B",TRUE
"DENND2C",TRUE
"TUBB6",TRUE
"LYSMD3",TRUE
"B3GALT6",TRUE
"ZNF613",TRUE
"NUPR1",TRUE
"JAKMIP2",TRUE
"MBLAC2",TRUE
"TPRN",TRUE
"ZNF683",FALSE
"SLC35A4",TRUE
"IP6K1",TRUE
"SSNA1",TRUE
"CSTF3",TRUE
"YES1",TRUE
"CHMP6",TRUE
"DLEU1",TRUE
"UFSP1",TRUE
"TMEM39A",TRUE
"TCP11L1",TRUE
"CCDC57",TRUE
"SPHK1",TRUE
"BNIP3",TRUE
"ENTHD1",TRUE
"MYPOP",TRUE
"LRRTM4",TRUE
"ATAD5",TRUE
"SMIM19",TRUE
"ZNF404",TRUE
"RTTN",TRUE
"ANAPC2",TRUE
"ZBTB8OS",TRUE
"CYCSP34",TRUE
"SLC35G1",TRUE
"ZNF135",TRUE
"COX8A",TRUE
"ZSCAN2",TRUE
"CDC26",TRUE
"CRLF3",TRUE
"RNPEP",TRUE
"EID2",TRUE
"DMRTA1",TRUE
"EID2B",TRUE
"GJC3",FALSE
"RIMS2",TRUE
"KCMF1",TRUE
"DNAJC30",TRUE
"SPRYD4",TRUE
"VPS37D",TRUE
"CLEC14A",TRUE
"SYNE3",TRUE
"CLK2",TRUE
"LPCAT4",TRUE
"SLCO3A1",TRUE
"ZNF575",TRUE
"WDR25",TRUE
"SGF29",TRUE
"PLAAT3",TRUE
"DIRAS1",TRUE
"PHLDB3",TRUE
"GNG7",TRUE
"USF3",TRUE
"DCAF4L2",FALSE
"KBTBD11",TRUE
"B3GNT5",TRUE
"LMNB2",TRUE
"RMDN1",TRUE
"MEX3C",TRUE
"RNF152",TRUE
"MYO1D",TRUE
"FOXL1",FALSE
"LRRC37A",TRUE
"FOXC2",FALSE
"BDNF",FALSE
"SCAND2P",TRUE
"CCDC121",TRUE
"ACSF3",TRUE
"BOK",TRUE
"ZNF843",TRUE
"TTTY14",TRUE
"RBIS",TRUE
"CDK5R1",TRUE
"TCERG1L",FALSE
"NCKAP5",TRUE
"RUFY1",TRUE
"BASP1",TRUE
"LRRC37A3",TRUE
"FKBP9P1",TRUE
"VSIG10",TRUE
"IRX5",TRUE
"METRNL",TRUE
"FAM91A1",TRUE
"WSB2",TRUE
"SOX11",FALSE
"TYMS",TRUE
"PXMP2",TRUE
"TCEANC",TRUE
"PNMA1",TRUE
"TCIM",TRUE
"MAMSTR",TRUE
"TYMSOS",FALSE
"ANKLE2",TRUE
"EFCAB5",TRUE
"GCNT4",TRUE
"MUC20",TRUE
"THAP4",TRUE
"NFATC2IP",TRUE
"FIBIN",TRUE
"FAM89B",TRUE
"SHMT1",TRUE
"DPP7",TRUE
"SEC24C",TRUE
"SMCR8",TRUE
"HCG4",FALSE
"MTHFR",TRUE
"C19orf18",FALSE
"DEAF1",TRUE
"MTX3",TRUE
"TMEM80",TRUE
"SIX5",TRUE
"FBXO46",TRUE
"ZDHHC13",TRUE
"SLC38A9",TRUE
"ACER2",TRUE
"WDR73",TRUE
"POLE",TRUE
"PHETA2",TRUE
"SCN4B",TRUE
"RHOG",TRUE
"EPS8L2",TRUE
"ANO6",TRUE
"ZBTB34",TRUE
"PRDM16-DT",FALSE
"FAM210A",TRUE
"TALDO1",TRUE
"ULK1",TRUE
"NAP1L4P1",TRUE
"RIMKLA",TRUE
"RPS6KA3",TRUE
"B3GNT8",FALSE
"PUS1",TRUE
"CHD9",TRUE
"GATD1",TRUE
"TRIM72",FALSE
"MAN1B1",TRUE
"KCNA3",TRUE
"FZD8",TRUE
"KCNA2",TRUE
"TOP3A",TRUE
"CASKIN2",TRUE
"ZBTB38",TRUE
"C8orf31",FALSE
"DLGAP1-AS1",TRUE
"CCDC71",TRUE
"LRRN4CL",TRUE
"TIMM22",TRUE
"HIC1",TRUE
"PPFIA3",TRUE
"MAGEF1",TRUE
"NINJ2-AS1",TRUE
"SAMD9L",TRUE
"ZFAS1",TRUE
"PAWR",TRUE
"TGIF1",TRUE
"MIEF2",TRUE
"NAP1L5",TRUE
"NIM1K",FALSE
"CD19",FALSE
"NR2C2",TRUE
"GPR4",TRUE
"ACOT4",FALSE
"CAVIN1",TRUE
"ARIH2",TRUE
"RBM44",TRUE
"ZBTB33",TRUE
"ZBED2",FALSE
"IRX3",TRUE
"SLC25A22",TRUE
"RABEP2",TRUE
"ATOX1",TRUE
"TBL1XR1",TRUE
"SAMD12",TRUE
"CD163",TRUE
"C18orf32",TRUE
"PIDD1",TRUE
"ZNF491",TRUE
"RPLP2",TRUE
"HASPIN",TRUE
"JUN",TRUE
"CSTF2T",TRUE
"PGBD5",TRUE
"GBA",TRUE
"CASC2",TRUE
"ACAD9",TRUE
"IL17RA",TRUE
"PNPLA2",TRUE
"AGTRAP",TRUE
"CD163L1",TRUE
"SRRM3",TRUE
"THAP5",TRUE
"CRACR2B",TRUE
"SUMO4",TRUE
"DNAJC28",FALSE
"NAALADL2",TRUE
"CD151",TRUE
"POLR2L",TRUE
"FAM20C",TRUE
"NECTIN3",TRUE
"ANXA2R",TRUE
"TMEM94",TRUE
"FLII",TRUE
"SOX12",TRUE
"HNRNPA0",TRUE
"KCNJ10",TRUE
"TENM3-AS1",TRUE
"CHID1",TRUE
"PCDHB9",TRUE
"ZNF620",TRUE
"ZNF518A",TRUE
"TMEM187",TRUE
"SVBP",TRUE
"ZNF619",TRUE
"AP3S1",TRUE
"GRB2",TRUE
"ZBTB41",TRUE
"UBE2N",TRUE
"ARL6IP6",TRUE
"ZNF354C",TRUE
"MAMDC4",TRUE
"CENPBD1",TRUE
"BET1L",TRUE
"RPS27",TRUE
"RIC8A",TRUE
"IMP3",TRUE
"ASB8",TRUE
"ODF3B",TRUE
"DPY19L2",TRUE
"LRRC75B",TRUE
"DMAP1",TRUE
"ADAMTSL1",TRUE
"CALHM5",TRUE
"IMPDH2",TRUE
"ALS2CL",TRUE
"MLF1",TRUE
"NDUFAF3",TRUE
"C2orf69",TRUE
"GRAMD1C",TRUE
"STAP2",TRUE
"TSSK6",FALSE
"BOLA1",TRUE
"PDE4DIP",TRUE
"DDX10",TRUE
"NDUFV2",TRUE
"DALRD3",TRUE
"ZNF114",TRUE
"FAR2P2",FALSE
"ZNF518B",TRUE
"ZNF366",TRUE
"LCORL",TRUE
"PARD6G",TRUE
"ZNF454",FALSE
"SH2B1",TRUE
"ZC3H12D",TRUE
"VN1R1",TRUE
"POGLUT3",TRUE
"PLEC",TRUE
"PRSS36",FALSE
"ZNF543",TRUE
"TMEM151B",FALSE
"GALNT11",TRUE
"WDR6",TRUE
"GEN1",TRUE
"TMPRSS9",FALSE
"AQP11",FALSE
"TMEM11",TRUE
"ZNF354B",TRUE
"ZFAND2A",TRUE
"PLEKHM3",TRUE
"ZNF223",TRUE
"FAM220A",TRUE
"DNAJC22",TRUE
"CEP295NL",TRUE
"BEND3",TRUE
"NT5DC1",TRUE
"RPS3AP5",TRUE
"TIMM23B-AGAP6",TRUE
"GLDC",TRUE
"COX14",TRUE
"H3P16",TRUE
"MCMDC2",TRUE
"RPL10P16",TRUE
"P4HTM",TRUE
"DTX3",TRUE
"KLHL11",TRUE
"CTXN1",TRUE
"SLC25A20",TRUE
"CA8",TRUE
"CD28",TRUE
"EPM2AIP1",TRUE
"ERBB4",TRUE
"MAF",TRUE
"CTNNBIP1",TRUE
"ERN1",TRUE
"GPR35",TRUE
"CSRNP3",TRUE
"ZNF713",TRUE
"PARP10",TRUE
"SUZ12",TRUE
"NSUN3",TRUE
"KCTD12",TRUE
"DHFR2",TRUE
"RPP25",TRUE
"GRINA",TRUE
"THBD",TRUE
"COX5A",TRUE
"ERFE",FALSE
"FAM219B",TRUE
"ZHX2",TRUE
"CPNE7",TRUE
"C5orf46",FALSE
"CD300LB",FALSE
"MPI",TRUE
"OPLAH",TRUE
"EFCAB13",TRUE
"MSC",TRUE
"APOLD1",TRUE
"RFLNA",TRUE
"EXOSC4",TRUE
"DPY19L3",TRUE
"TAF7",TRUE
"ZNF852",TRUE
"PFAS",TRUE
"HYI",TRUE
"CYBC1",TRUE
"ZNF552",TRUE
"SMIM10L2A",TRUE
"GAK",TRUE
"ZBTB7A",TRUE
"TUFM",TRUE
"RMI1",TRUE
"CTC1",TRUE
"FBXO34",TRUE
"LINC00324",TRUE
"SELENOW",TRUE
"EIF3K",TRUE
"MRFAP1L1",TRUE
"SNX18",TRUE
"AURKB",TRUE
"C14orf39",FALSE
"MRFAP1",TRUE
"C3orf38",TRUE
"TMEM107",TRUE
"RRS1",TRUE
"EXOC3L1",FALSE
"RCC2",TRUE
"C9orf106",FALSE
"DPM3",TRUE
"CYC1",TRUE
"PER1",TRUE
"TMTC2",TRUE
"FARSA",TRUE
"SPTY2D1",TRUE
"SAMD4B",TRUE
"GIMAP7",TRUE
"EDC3",TRUE
"TCAIM",TRUE
"FUCA1",TRUE
"ZNF664",TRUE
"CALR",TRUE
"LINC00311",TRUE
"MAGED1",TRUE
"GVQW3",TRUE
"LDLRAD3",TRUE
"CDH4",FALSE
"RAD23A",TRUE
"GADD45GIP1",TRUE
"MEIS3P1",TRUE
"PTPN11",TRUE
"NSUN7",FALSE
"FAM156B",TRUE
"WSCD1",TRUE
"RAB39A",TRUE
"CLK3",TRUE
"HLA-DQB1",TRUE
"GATA2",TRUE
"ARID3B",TRUE
"HMGN2P46",FALSE
"PACS2",TRUE
"ELMOD2",TRUE
"EGR3",TRUE
"CATSPERE",TRUE
"VWA1",TRUE
"LINC00174",TRUE
"GEMIN4",TRUE
"OR6W1P",FALSE
"FJX1",TRUE
"KLHL28",TRUE
"MKRN3",TRUE
"ZBTB18",TRUE
"OR9A2",FALSE
"C14orf28",TRUE
"EIF3J-DT",TRUE
"SHARPIN",TRUE
"LBX2",TRUE
"DNHD1",TRUE
"SLITRK4",TRUE
"GCC1",TRUE
"CIITA",TRUE
"ZFPM1",TRUE
"ALOX15B",FALSE
"PLD6",TRUE
"GRM8",FALSE
"CDC42EP4",TRUE
"ZBTB42",TRUE
"LACC1",TRUE
"MAF1",TRUE
"WDR97",TRUE
"PCED1B",TRUE
"APOBEC3B",TRUE
"PIPOX",TRUE
"ATP8B5P",FALSE
"CDH5",TRUE
"PCBP1-AS1",TRUE
"MYADM",TRUE
"MRGPRX3",FALSE
"MROH1",TRUE
"SERTAD2",TRUE
"AKAP5",TRUE
"GIPC3",TRUE
"RNF227",TRUE
"CITED4",TRUE
"ABCA13",TRUE
"TIGD5",TRUE
"PDXDC1",TRUE
"PHC1P1",TRUE
"ZNF154",TRUE
"R3HDM2",TRUE
"NRXN1",FALSE
"SEPHS2",TRUE
"ZNF784",TRUE
"ZNF648",FALSE
"C14orf119",TRUE
"BBS10",TRUE
"FIZ1",TRUE
"PUF60",TRUE
"SSC5D",TRUE
"DCTPP1",TRUE
"ZNF771",TRUE
"PPP1R14BP3",FALSE
"NAIPP2",TRUE
"TSHZ1",TRUE
"PSTK",TRUE
"SOCS4",TRUE
"ZADH2",TRUE
"ZNF48",TRUE
"C3orf80",FALSE
"TMEM150B",TRUE
"ANKRD18A",FALSE
"TMEM86B",TRUE
"SEPTIN1",TRUE
"TRNAU1AP",TRUE
"EXOC3",TRUE
"TDRD6",TRUE
"ACTA2-AS1",TRUE
"LYNX1",TRUE
"MED14",TRUE
"FAHD1",TRUE
"TDRP",TRUE
"RCC1",TRUE
"TPT1P10",FALSE
"PRKRA",TRUE
"HERC2P3",TRUE
"ZNRF2",TRUE
"RRH",FALSE
"ZNF816",TRUE
"FGD6",TRUE
"PLD5",FALSE
"OAZ2",TRUE
"ALX1",TRUE
"CCDC43",TRUE
"FZD2",TRUE
"TIGD2",TRUE
"HCLS1",TRUE
"MTURN",TRUE
"ZNF609",TRUE
"PAK2",TRUE
"CCDC66",TRUE
"EMC3-AS1",TRUE
"MCFD2",TRUE
"HARBI1",TRUE
"C11orf71",TRUE
"TPRXL",FALSE
"GAS1",TRUE
"ZNF571",TRUE
"GLIPR1L2",FALSE
"MIGA1",TRUE
"KCNE1",TRUE
"PRR26",TRUE
"NRIP1",TRUE
"RNF182",TRUE
"C9orf139",TRUE
"TSPYL5",TRUE
"H2AC6",TRUE
"EIF2S3B",TRUE
"SRP9P1",FALSE
"SKIDA1",FALSE
"H2BC4",TRUE
"MB21D2",TRUE
"SSTR2",TRUE
"ZNF594",TRUE
"PCGF5",TRUE
"PRF1",TRUE
"YOD1",TRUE
"TMEM64",TRUE
"SHISA2",TRUE
"S1PR5",FALSE
"SMG1P3",TRUE
"GPR157",TRUE
"PIPSL",TRUE
"WDFY3-AS2",TRUE
"SLC36A4",TRUE
"ZDHHC20",TRUE
"ANKRD30B",TRUE
"OR51E1",FALSE
"ZFP3",TRUE
"ARSJ",TRUE
"HOXC9",TRUE
"PPA1",TRUE
"HOXC10",TRUE
"PSMG4",TRUE
"BHLHE22",FALSE
"ZNF443",TRUE
"PDIA3P1",TRUE
"CXCR2",FALSE
"SSR4",TRUE
"CAPS2",TRUE
"ZNF792",TRUE
"CUEDC1",TRUE
"SCRIB",TRUE
"KCTD2",TRUE
"D2HGDH",TRUE
"OXTR",TRUE
"CMTR2",TRUE
"FAM83H",TRUE
"OR56A1",FALSE
"ZNF572",TRUE
"ST20",TRUE
"PITPNB",TRUE
"TCEAL8",TRUE
"LRRC57",TRUE
"MRPL14",TRUE
"GPR137C",TRUE
"OR52N1",FALSE
"BBS12",TRUE
"ZFP82",TRUE
"LSMEM1",TRUE
"NQO1",TRUE
"AEN",TRUE
"FKRP",TRUE
"TRAPPC5",TRUE
"RPH3AL",TRUE
"SLC25A42",TRUE
"FCRL6",TRUE
"METTL23",TRUE
"SLC26A11",TRUE
"HIGD1A",TRUE
"MAPK15",FALSE
"EHMT1",TRUE
"ADIPOQ",FALSE
"F2R",TRUE
"HLA-V",TRUE
"ZNF707",TRUE
"MUC16",FALSE
"NPM1",TRUE
"PJA1",TRUE
"DHTKD1",TRUE
"C4orf50",FALSE
"H2AW",TRUE
"ZNF746",TRUE
"POLR2A",TRUE
"TLCD5",TRUE
"FRAT2",TRUE
"TMEM102",TRUE
"ZNF322",TRUE
"LRRC75A",TRUE
"OFCC1",FALSE
"CCL13",FALSE
"DDX60L",TRUE
"OGFOD3",TRUE
"WASHC1",TRUE
"AATK",TRUE
"DDN",FALSE
"ZNF467",TRUE
"SOX2",TRUE
"ZNF678",TRUE
"TMEM45A",TRUE
"RAP2B",TRUE
"ZBTB2",TRUE
"RNF135",TRUE
"ACBD4",TRUE
"SGSH",TRUE
"RPL24P4",TRUE
"FANCB",TRUE
"SETD2",TRUE
"MEX3D",TRUE
"MRPS23",TRUE
"FDCSP",TRUE
"GPR135",TRUE
"P2RY13",TRUE
"TNFSF15",TRUE
"ZFP41",TRUE
"PHLDA2",TRUE
"ATG9B",FALSE
"ZNF875",TRUE
"PLAG1",TRUE
"YIPF6",TRUE
"ZBTB20",TRUE
"DIPK2A",TRUE
"C5orf30",TRUE
"AMIGO1",TRUE
"GPR3",TRUE
"SIAH2",TRUE
"COPG1",TRUE
"ADGRB1",TRUE
"LINC00471",FALSE
"SLC9A9",TRUE
"LSM10",TRUE
"RELL1",TRUE
"RFX7",TRUE
"SLC35C1",TRUE
"TIGIT",TRUE
"RNF41",TRUE
"SLC2A4",FALSE
"IBA57",TRUE
"CLDN7",TRUE
"ZNF329",TRUE
"ZNF101",TRUE
"C5orf24",TRUE
"ADO",TRUE
"COA4",TRUE
"PRKAG1",TRUE
"GINS3",TRUE
"CCDC149",TRUE
"MRPS11",TRUE
"SNRPE",TRUE
"RTKN2",TRUE
"PNMA8A",TRUE
"CHST15",TRUE
"MGAT4C",FALSE
"IDH2",TRUE
"TMEM259",TRUE
"GET1",TRUE
"TNRC18",TRUE
"TMEM30B",TRUE
"DEXI",TRUE
"ZNF716",FALSE
"NOP10",TRUE
"FAM89A",TRUE
"KCNIP1",TRUE
"TDRKH",TRUE
"ZNF708",TRUE
"IST1",TRUE
"ERCC6L2",TRUE
"MRPL41",TRUE
"CREB3L2",TRUE
"TP53TG1",TRUE
"UNC5C",TRUE
"TSEN54",TRUE
"RGMA",TRUE
"UBA7",TRUE
"MRPS16",TRUE
"SHISAL2A",FALSE
"RAD51B",TRUE
"LDOC1",TRUE
"EXT1",TRUE
"SHMT2",TRUE
"MOB2",TRUE
"HHIPL1",TRUE
"ATP6AP2",TRUE
"CYB5D1",FALSE
"BACE2",TRUE
"UBE2E2",TRUE
"SYNM",TRUE
"GABRG3",TRUE
"FIGN",TRUE
"B4GALNT4",TRUE
"AP1S2",TRUE
"C8orf33",TRUE
"DCAF4L1",TRUE
"SPACA6",TRUE
"ZSCAN22",TRUE
"KCNJ14",TRUE
"FBXL6",TRUE
"C1S",TRUE
"KBTBD3",TRUE
"YBEY",TRUE
"CLN8",TRUE
"NXPH4",FALSE
"CACNB4",TRUE
"DNM1P46",TRUE
"TRAPPC6B",TRUE
"PGBD4",TRUE
"NPLOC4",TRUE
"TSHZ2",TRUE
"CAPN12",TRUE
"EXOC7",TRUE
"KPNA2",TRUE
"NCF1B",FALSE
"BGN",TRUE
"CEP97",TRUE
"LHFPL1",FALSE
"FES",TRUE
"GLRX5",TRUE
"FAM104B",TRUE
"MXRA7",TRUE
"LIMK2",TRUE
"MFSD5",TRUE
"ADI1",TRUE
"RWDD4",TRUE
"SATB1",TRUE
"CSF1R",TRUE
"EPHB3",TRUE
"SNORC",TRUE
"TRAK1",TRUE
"TSPAN10",TRUE
"PLCB1",TRUE
"SKA2",TRUE
"CCNYL2",TRUE
"NDN",TRUE
"LINC01006",TRUE
"NTM",TRUE
"TTC3",TRUE
"BRICD5",TRUE
"IGIP",TRUE
"TSKU",TRUE
"ANXA2",TRUE
"RGS6",FALSE
"HOXB4",TRUE
"PAQR7",TRUE
"PAPPA",TRUE
"NGRN",TRUE
"GRID1",TRUE
"RPS17",TRUE
"C1orf116",FALSE
"TMEM198B",TRUE
"CRIP2",TRUE
"DDX28",TRUE
"ACBD3",TRUE
"C16orf72",TRUE
"PLCXD3",FALSE
"RRP7BP",TRUE
"OR4F15",TRUE
"ALG12",TRUE
"LCK",TRUE
"COL18A1",TRUE
"RBM10",TRUE
"PRKCZ-AS1",FALSE
"ADGRG3",FALSE
"GLUD2",TRUE
"RPL35A",TRUE
"ZNF721",TRUE
"TSPEAR-AS2",TRUE
"C11orf54",TRUE
"CEP63",TRUE
"SRPRA",TRUE
"EWSR1",TRUE
"HMGN4",TRUE
"SPATA13",TRUE
"GJC1",TRUE
"SOX1",FALSE
"CNOT10",TRUE
"MTA1",TRUE
"ZNF662",TRUE
"CADM1",TRUE
"ZNF320",TRUE
"C12orf60",TRUE
"PYCR1",TRUE
"NAA38",TRUE
"SPNS2",TRUE
"AP2A2",TRUE
"SLC8A1",TRUE
"SLC25A21",FALSE
"ABAT",TRUE
"SLC25A10",TRUE
"CAMK1D",TRUE
"LYSMD4",TRUE
"WBP2NL",TRUE
"NKX2-5",FALSE
"AFMID",TRUE
"GAS6",TRUE
"NEB",TRUE
"BEGAIN",TRUE
"GPC6",TRUE
"ARHGEF37",TRUE
"CSMD1",FALSE
"CEP57L1",TRUE
"GPR19",TRUE
"RABIF",TRUE
"TMEM119",TRUE
"FANCF",TRUE
"CALN1",FALSE
"SMDT1",TRUE
"C2CD4C",FALSE
"CHST6",TRUE
"HSP90AB3P",TRUE
"RUVBL2",TRUE
"GDPGP1",TRUE
"CTNNA3",FALSE
"WT1-AS",FALSE
"LINC01547",TRUE
"PTTG1IP",TRUE
"DDX41",TRUE
"OR52E8",FALSE
"DAZAP2",TRUE
"CCBE1",TRUE
"SELENOF",TRUE
"RPSAP19",TRUE
"TMEM121B",TRUE
"ZNF623",TRUE
"CCDC125",TRUE
"BCOR",TRUE
"JRKL",TRUE
"KIAA2026",TRUE
"FHL3",TRUE
"C19orf71",TRUE
"CCDC159",TRUE
"RIPK4",TRUE
"LRIT3",FALSE
"NPIPA1",TRUE
"SF3A3",TRUE
"OR7E38P",TRUE
"GRIN2A",FALSE
"GTF2H2C",TRUE
"ASB7",TRUE
"TREX2",FALSE
"GPR132",TRUE
"MX2",TRUE
"EP400",TRUE
"MEX3B",TRUE
"PI4KAP2",TRUE
"TENT5C",TRUE
"COA5",TRUE
"UTP11",TRUE
"PSMG1",TRUE
"PRR14L",TRUE
"ACSM5",TRUE
"PCBP3",TRUE
"SETD3",TRUE
"TNFAIP8L3",FALSE
"ZNRF3",TRUE
"FBXL7",TRUE
"TANGO2",TRUE
"H3C13",TRUE
"SMG1P5",TRUE
"SFXN4",TRUE
"FAM167B",TRUE
"MRPL54",TRUE
"ZNF438",TRUE
"HMCES",TRUE
"ZNF530",TRUE
"NDUFB1",TRUE
"KLHL25",TRUE
"TRMT12",TRUE
"GUSBP1",TRUE
"LINC00518",TRUE
"BMP8A",FALSE
"ALYREF",TRUE
"RFLNB",TRUE
"EFHC2",FALSE
"UPP1",TRUE
"TRIM52",TRUE
"LHFPL6",TRUE
"CMTM4",TRUE
"TMEM50A",TRUE
"ASCL2",FALSE
"TBK1",TRUE
"CBX6",TRUE
"MACC1",TRUE
"TBL3",TRUE
"KREMEN1",TRUE
"TRAIP",TRUE
"CHEK2",TRUE
"AIFM3",TRUE
"B3GALT5",FALSE
"ZNF703",TRUE
"TUBA8",FALSE
"NPIPA5",TRUE
"EMILIN3",FALSE
"OLFML1",TRUE
"RBM12B",TRUE
"CCR4",TRUE
"LIN9",TRUE
"BTBD9",TRUE
"NUDT14",TRUE
"ANKRD45",FALSE
"MAATS1",TRUE
"PNMA3",TRUE
"ZNF730",TRUE
"KIRREL1",TRUE
"IQGAP3",TRUE
"TOB2",TRUE
"SCN5A",FALSE
"ARSI",TRUE
"UTY",TRUE
"TTC32",TRUE
"DNAH2",TRUE
"SH2D1A",TRUE
"HTR7P1",TRUE
"PRKX",TRUE
"KMT5A",TRUE
"KCNH8",TRUE
"SMTN",TRUE
"COA3",TRUE
"ST6GALNAC3",TRUE
"PTP4A2",TRUE
"ACTG1",TRUE
"TMPRSS2",FALSE
"DENND5A",TRUE
"DSCR4",FALSE
"DIABLO",TRUE
"VPS33B",TRUE
"TBX1",TRUE
"ADAP2",TRUE
"UQCR10",TRUE
"FAM120C",TRUE
"EIF3C",TRUE
"CLDN5",TRUE
"NIPSNAP1",TRUE
"LRTOMT",TRUE
"KCNQ3",TRUE
"ADRA2C",TRUE
"NR2C2AP",TRUE
"CRELD2",TRUE
"SCFD2",TRUE
"UBE2F",TRUE
"KCNJ12",TRUE
"GPR173",TRUE
"PPP1R2",TRUE
"TSPYL2",TRUE
"PGP",TRUE
"C22orf46",TRUE
"SNRNP35",TRUE
"IRAK1",TRUE
"CMSS1",TRUE
"OLIG1",TRUE
"PCDH9",TRUE
"OAF",TRUE
"ALDH1A3",TRUE
"H2AC20",TRUE
"H2AC21",TRUE
"POU6F1",TRUE
"TM2D3",TRUE
"TSSC4",TRUE
"TACSTD2",FALSE
"CLECL1",FALSE
"PRKD1",TRUE
"CCSER1",TRUE
"ZDHHC23",TRUE
"MROH7",TRUE
"RPL23AP82",TRUE
"SLIT3",TRUE
"EFNA5",TRUE
"H1-5",TRUE
"PKP3",FALSE
"MAP7D2",TRUE
"CSF1",TRUE
"ACTRT3",FALSE
"PLA2G6",TRUE
"MAML2",TRUE
"SS18L1",TRUE
"KCND2",TRUE
"TOP1MT",TRUE
"COPB2",TRUE
"THAP7",TRUE
"KNTC1",TRUE
"CCR10",FALSE
"NCMAP",FALSE
"WDR27",TRUE
"TXNRD2",TRUE
"FOXO4",TRUE
"POU3F2",TRUE
"PTP4A3",TRUE
"TMEM255B",TRUE
"PROS1",TRUE
"HDDC3",TRUE
"ZFP1",TRUE
"DUSP8",TRUE
"SOCS3",TRUE
"SLITRK6",TRUE
"LPAR5",TRUE
"XPOT",TRUE
"STING1",TRUE
"PDE4B",TRUE
"SNN",TRUE
"RPL7P26",FALSE
"NELL2",TRUE
"KRBA2",TRUE
"MED12",TRUE
"ZNF93",TRUE
"SEPTIN9",TRUE
"CDCA2",TRUE
"AMER1",TRUE
"ZBTB40",TRUE
"H2BC21",TRUE
"SEPTIN5",TRUE
"EIF4ENIF1",TRUE
"RNLS",TRUE
"APOBR",TRUE
"FAM110C",FALSE
"ATL3",TRUE
"NDUFA12",TRUE
"SMIM10",TRUE
"TCTE3",TRUE
"UBE2G2",TRUE
"OSBP2",TRUE
"ZBTB7C",FALSE
"APOO",TRUE
"PRR16",TRUE
"TMED9",TRUE
"TMEM186",TRUE
"SDR42E1",TRUE
"RBM33",TRUE
"ARMCX2",TRUE
"BTBD6",TRUE
"H1-10",TRUE
"RBM43",TRUE
"SUMO3",TRUE
"IMMP2L",TRUE
"JAG2",TRUE
"FMNL1",TRUE
"PTRHD1",TRUE
"OR6A2",TRUE
"WT1",FALSE
"ZFP90",TRUE
"FAM227A",TRUE
"NOC4L",TRUE
"USP18",TRUE
"NDUFA6",TRUE
"SORCS2",TRUE
"TMEM121",TRUE
"TMEM106A",TRUE
"SIVA1",TRUE
"BRI3BP",TRUE
"DGAT1",TRUE
"ROBO2",TRUE
"AP3M1",TRUE
"F8",TRUE
"CA13",TRUE
"UBOX5",TRUE
"MAFF",TRUE
"BRF1",TRUE
"SLC2A3P2",TRUE
"SEMA4B",TRUE
"CIB1",TRUE
"ANKS1B",TRUE
"NELFA",TRUE
"SLC24A3",TRUE
"FLRT2",TRUE
"INTS5",TRUE
"RPS27L",TRUE
"MANEAL",TRUE
"ADSS1",TRUE
"ANO9",TRUE
"FAF1",TRUE
"FAM43A",TRUE
"NSMCE3",TRUE
"HSF1",TRUE
"C6orf120",TRUE
"PURA",TRUE
"H2BC13",TRUE
"INPP5J",FALSE
"LRRC37B",TRUE
"DDX51",TRUE
"NOMO2",TRUE
"LINC00482",TRUE
"SIGIRR",TRUE
"NRBP2",TRUE
"IFITM2",TRUE
"TNFAIP2",TRUE
"ZNF445",TRUE
"PGBD2",TRUE
"TCEAL9",TRUE
"RAB11B",TRUE
"PRMT3",TRUE
"PRPF39",TRUE
"MAGEA11",FALSE
"PPIL6",TRUE
"ZNF74",TRUE
"KIAA0825",TRUE
"UBALD2",TRUE
"CDNF",FALSE
"RBM11",FALSE
"ZBTB37",TRUE
"CCDC137",TRUE
"SFTPA2",FALSE
"RGPD2",TRUE
"ARL15",TRUE
"CDK10",TRUE
"SOCS1",TRUE
"TCN2",TRUE
"GAS2L1",TRUE
"ATP6V0A2",TRUE
"PRKN",TRUE
"TEDC1",TRUE
"HGS",TRUE
"TNFAIP8L1",TRUE
"RAD51D",TRUE
"MAPK11",TRUE
"SP140L",TRUE
"MRPL30",TRUE
"TARS3",TRUE
"SMYD3",TRUE
"METTL7A",TRUE
"LINC00158",FALSE
"IFNLR1",TRUE
"SH3BGR",FALSE
"FAM174B",TRUE
"ZSWIM9",TRUE
"TMEM179B",TRUE
"GPRIN3",TRUE
"PARPBP",TRUE
"STAC3",TRUE
"ROR1",TRUE
"SDHAP1",TRUE
"MUC1",TRUE
"FAAP100",TRUE
"IRF7",TRUE
"L3MBTL1",TRUE
"BRCC3",TRUE
"SV2B",TRUE
"LMNTD2",TRUE
"PDE6G",FALSE
"PRKG1",TRUE
"NR2F2",TRUE
"TLCD2",TRUE
"LSAMP",TRUE
"AHNAK2",TRUE
"OLFML2A",TRUE
"SP1",TRUE
"WASH3P",TRUE
"ACTBP7",FALSE
"MRPL40",TRUE
"INKA1",TRUE
"PCGF3",TRUE
"LMLN",TRUE
"P4HB",TRUE
"PSMD13",TRUE
"PBX1",TRUE
"NDUFA4L2",TRUE
"SHC4",TRUE
"ZFP36L1",TRUE
"UBE2L3",TRUE
"BRWD1",TRUE
"PMEL",TRUE
"SYN3",TRUE
"POU3F1",FALSE
"SNAI3",FALSE
"EP400P1",TRUE
"PRAME",TRUE
"MYBL1",TRUE
"SMG1P4",TRUE
"MOSMO",TRUE
"DRG1",TRUE
"ANKFY1",TRUE
"YTHDF3",TRUE
"ZNF696",TRUE
"ADARB2",TRUE
"NRG3",TRUE
"IFIT1",TRUE
"CXorf38",TRUE
"KCNQ5",TRUE
"ADAMTSL5",TRUE
"KCNIP4",FALSE
"MORF4L1",TRUE
"WDR53",TRUE
"DMWD",TRUE
"SLC52A2",TRUE
"PIGP",TRUE
"IKZF1",TRUE
"PCYT2",TRUE
"NAT8L",TRUE
"BCAP31",TRUE
"ARL17A",TRUE
"RPL12P4",TRUE
"GNB1L",TRUE
"DNAH14",TRUE
"EVI2B",TRUE
"NPIPB4",TRUE
"ZNF829",TRUE
"THNSL1",TRUE
"TRIM69",TRUE
"ATP6V0C",FALSE
"IFITM1",TRUE
"LAMP1",TRUE
"POMK",TRUE
"LINC00839",TRUE
"C16orf54",TRUE
"KLHDC8B",TRUE
"SETD4",TRUE
"PTCH1",TRUE
"RTN4RL1",TRUE
"NKAIN3",FALSE
"RNPC3",TRUE
"ZNF267",TRUE
"IRS2",TRUE
"BICD2",TRUE
"TMLHE",TRUE
"SLITRK2",TRUE
"SDHAP3",TRUE
"RASA3",TRUE
"LRCH3",TRUE
"NDUFA13",TRUE
"ZNF566",TRUE
"ZNF529",TRUE
"ZNF284",TRUE
"DLEU7",FALSE
"MATN1-AS1",TRUE
"AIDA",TRUE
"C15orf41",TRUE
"CD300LF",TRUE
"KRT5",FALSE
"GSAP",TRUE
"AGBL4",FALSE
"CYP2R1",TRUE
"LRRC70",FALSE
"ANKRD46",TRUE
"PIP5K1C",TRUE
"ZBTB6",TRUE
"C2orf76",TRUE
"POLR3C",TRUE
"WWOX",TRUE
"CIDECP1",TRUE
"CCDC84",TRUE
"BCL9L",TRUE
"POLR1D",TRUE
"KIF18B",TRUE
"ZNRF1",TRUE
"FFAR4",FALSE
"SAPCD2",TRUE
"EDARADD",FALSE
"MARC1",TRUE
"BLOC1S4",TRUE
"ZNF749",TRUE
"LINC02610",TRUE
"MRTFB",TRUE
"BTLA",TRUE
"ZNF17",TRUE
"KDM4D",TRUE
"TOR3A",TRUE
"GABRA5",FALSE
"PPP1CC",TRUE
"ZNF555",TRUE
"MST1P2",TRUE
"NAP1L3",FALSE
"CA5BP1",TRUE
"PRELID2",TRUE
"BACE1",TRUE
"RGS9BP",FALSE
"THBS2",TRUE
"RXRA",TRUE
"ANKRD37",TRUE
"NUDT17",TRUE
"ZNF75D",TRUE
"KRT10",TRUE
"GOLGA8R",FALSE
"CD300E",TRUE
"CCDC30",TRUE
"NKRF",TRUE
"GLDN",TRUE
"FCAR",FALSE
"KPNA4",TRUE
"ZNF501",TRUE
"ZNF197",TRUE
"AQP7P1",TRUE
"RPS23",TRUE
"GNG2",TRUE
"BTN3A2",TRUE
"PCLO",TRUE
"INSIG1",TRUE
"ANKRD20A5P",TRUE
"C5orf38",FALSE
"ZNF396",TRUE
"TMEM222",TRUE
"CLCNKA",FALSE
"ARHGAP30",TRUE
"SEPTIN10",TRUE
"FAM86B1",TRUE
"SMYD4",TRUE
"FOXD2",TRUE
"GPATCH8",TRUE
"CEACAM19",TRUE
"NF2",TRUE
"SMIM29",TRUE
"UBE2H",TRUE
"MIR22HG",TRUE
"HPDL",TRUE
"KTN1-AS1",TRUE
"KATNA1",TRUE
"ARAP1",TRUE
"KIF24",TRUE
"PDE2A",TRUE
"CARMIL3",TRUE
"PRR5",TRUE
"ZFP91",TRUE
"C17orf58",TRUE
"BCDIN3D",TRUE
"EEF1GP1",TRUE
"CYP27C1",TRUE
"LYRM7",TRUE
"DTX2P1",TRUE
"MST1L",FALSE
"BCR",TRUE
"FSCN2",FALSE
"SPIN4",TRUE
"SPIN2B",TRUE
"HYAL3",FALSE
"VSIG10L",TRUE
"CXCR3",TRUE
"ZNF397",TRUE
"ZSCAN30",TRUE
"TPCN1",TRUE
"LILRB4",TRUE
"TNFRSF4",TRUE
"HEXIM1",TRUE
"KRT14",FALSE
"TRABD2A",TRUE
"PDZD7",TRUE
"POFUT2",TRUE
"MAPT",TRUE
"ERCC6L",TRUE
"TMEM17",TRUE
"TNFRSF18",FALSE
"RTN4RL2",TRUE
"ZDHHC17",TRUE
"P2RY4",FALSE
"ZNF395",TRUE
"PPARA",TRUE
"TMEM232",TRUE
"EFCAB6",TRUE
"KANK3",TRUE
"EMID1",TRUE
"C17orf82",FALSE
"ESPN",FALSE
"PTRH1",TRUE
"GPR141",TRUE
"TMEM216",TRUE
"RPS19BP1",TRUE
"C3orf70",TRUE
"TEAD1",TRUE
"OR2AK2",FALSE
"PLCD1",TRUE
"ENTPD5",TRUE
"MITF",TRUE
"NAP1L1",TRUE
"LILRA5",FALSE
"CMC1",TRUE
"SLIT1",FALSE
"LYPD6",TRUE
"AKR1C1",TRUE
"FOXD3",TRUE
"RNF220",TRUE
"SHTN1",TRUE
"BAGE2",TRUE
"ZNF546",TRUE
"TSPYL4",TRUE
"MT1X",TRUE
"GCNT1",TRUE
"SESTD1",TRUE
"FNBP1",TRUE
"DYNC2H1",TRUE
"BCAM",TRUE
"RSBN1L",TRUE
"WDR86",TRUE
"EPOR",TRUE
"DCC",TRUE
"TAF9B",TRUE
"PCDHB13",TRUE
"MAGI2",TRUE
"LHFPL3",FALSE
"CHP1",TRUE
"FPR3",TRUE
"C11orf96",TRUE
"COL4A1",TRUE
"GJA4",TRUE
"PTMA",TRUE
"HSPA14",TRUE
"SIRT7",TRUE
"IFT140",TRUE
"TPM3P7",FALSE
"AGMO",FALSE
"CYP26C1",FALSE
"TLR5",TRUE
"USP7",TRUE
"NHLRC1",TRUE
"PLEKHN1",FALSE
"ZNF385C",FALSE
"MAGEH1",TRUE
"TET3",TRUE
"ZNF286A",TRUE
"ISG15",TRUE
"EXD3",TRUE
"TCL6",FALSE
"C17orf97",TRUE
"ZKSCAN4",TRUE
"RGPD1",FALSE
"DHRS4L2",TRUE
"SAMD11",TRUE
"PERM1",FALSE
"VMAC",TRUE
"TMSB4XP8",TRUE
"ERC2",FALSE
"B3GLCT",TRUE
"SPRY4",TRUE
"TRPV2",TRUE
"C2orf88",TRUE
"TMEM203",TRUE
"THSD4",TRUE
"TCEA1",TRUE
"NHEJ1",TRUE
"FANCA",TRUE
"SECISBP2",TRUE
"HSPE1P11",TRUE
"SEMA4D",TRUE
"LIN28B",FALSE
"DIPK1C",TRUE
"DNAH17",FALSE
"MCRS1",TRUE
"FANCM",TRUE
"ZNF70",TRUE
"CARD9",TRUE
"PEAR1",TRUE
"ZFP69B",TRUE
"SOWAHD",FALSE
"ZFP69",TRUE
"TMEM220",TRUE
"H1-2",TRUE
"EIF4EBP1",TRUE
"CCDC157",TRUE
"TTC24",FALSE
"FAM122A",TRUE
"DMBT1",FALSE
"CLEC17A",FALSE
"LDLRAD2",FALSE
"C2orf66",FALSE
"PMS2CL",TRUE
"CYHR1",TRUE
"COL14A1",TRUE
"DNER",FALSE
"KLHL17",TRUE
"ZSCAN23",TRUE
"RINL",TRUE
"TPRG1",TRUE
"SNHG28",TRUE
"MORN2",TRUE
"MEIS3P2",TRUE
"UBQLN2",TRUE
"RILPL1",TRUE
"ZNF490",TRUE
"ARL4C",TRUE
"RNF133",FALSE
"RAB42",TRUE
"C11orf95",TRUE
"GPR89B",TRUE
"C6orf132",TRUE
"OR2AG2",FALSE
"MAPK12",TRUE
"TMEM215",FALSE
"COL4A5",TRUE
"AGRN",TRUE
"NHS",TRUE
"TMPPE",TRUE
"ZNF626",TRUE
"ZC3H6",TRUE
"LINC00265",TRUE
"LAMTOR4",TRUE
"PRKAR1B",TRUE
"NCR3LG1",TRUE
"DCUN1D3",TRUE
"POTEE",TRUE
"ZNF793",TRUE
"TUBB4B",TRUE
"AGAP4",TRUE
"COMMD6",TRUE
"PLA2G2A",TRUE
"HYKK",TRUE
"OR7A5",TRUE
"RUFY4",FALSE
"ZNF383",TRUE
"HES4",TRUE
"ZNF669",TRUE
"CENPP",TRUE
"PLSCR1",TRUE
"C3orf62",TRUE
"ZNF559",TRUE
"SBK1",TRUE
"GTF2F2",TRUE
"FAM92A",TRUE
"FOCAD",TRUE
"ZP3",TRUE
"H3-5",TRUE
"JAKMIP3",FALSE
"PDCD1",TRUE
"SELL",TRUE
"CHM",TRUE
"BLOC1S5",TRUE
"SLC24A5",TRUE
"IER5L",TRUE
"H2AX",TRUE
"INSC",TRUE
"SERPINA5",TRUE
"C19orf54",TRUE
"LCTL",FALSE
"NCCRP1",FALSE
"C22orf34",TRUE
"COL25A1",TRUE
"FAM83G",TRUE
"SRSF10",TRUE
"HBA2",FALSE
"DUSP28",TRUE
"CCDC9B",TRUE
"NBR1",TRUE
"RALGAPA2",TRUE
"NDOR1",TRUE
"FBLL1",FALSE
"CFAP54",TRUE
"NPIPP1",TRUE
"CLN3",TRUE
"FAM72B",TRUE
"ASAH2",FALSE
"SUMO2",TRUE
"NANOS1",TRUE
"RTL6",TRUE
"DPYD",TRUE
"S100A16",TRUE
"PTAR1",TRUE
"CC2D2B",TRUE
"SAXO2",TRUE
"H1-9",TRUE
"PARVB",TRUE
"TEKT4P2",TRUE
"SLC4A5",TRUE
"UROS",TRUE
"ZDHHC9",TRUE
"ZBED6CL",TRUE
"SMIM15",TRUE
"FAM221A",TRUE
"TMEM120B",TRUE
"FSIP2",TRUE
"RBM34",TRUE
"NOXA1",TRUE
"TMEM198",TRUE
"BCL2L15",TRUE
"FZD9",TRUE
"TMSB4XP2",FALSE
"SPRED3",TRUE
"SKOR1",TRUE
"PRELP",TRUE
"ZNF548",TRUE
"MTF1",TRUE
"TMEM201",TRUE
"NHLRC3",TRUE
"ZDHHC11",TRUE
"CALHM6",TRUE
"CNR2",FALSE
"LINC00910",TRUE
"SLX4",TRUE
"RPL14",TRUE
"BEND4",FALSE
"FAM78B",TRUE
"ZNF563",TRUE
"FBF1",TRUE
"MSL1",TRUE
"LRRK2",TRUE
"TRMT2B",TRUE
"HACD4",TRUE
"USP32P1",TRUE
"FAM120AOS",TRUE
"UTS2B",FALSE
"NOC2L",TRUE
"MSANTD1",TRUE
"NELFB",TRUE
"LRRC66",TRUE
"ZNF292",TRUE
"HUS1B",FALSE
"KCTD21",TRUE
"ADAT2",TRUE
"ZNF567",TRUE
"NDUFA4",TRUE
"ANKDD1B",TRUE
"ALKBH2",TRUE
"RNFT1",TRUE
"RELN",TRUE
"FAM111B",TRUE
"APOD",TRUE
"H1-0",TRUE
"LITAF",TRUE
"TMEM120A",TRUE
"ARID2",TRUE
"SF3B3",TRUE
"BLOC1S3",TRUE
"SP6",FALSE
"UBE2Q2P1",TRUE
"CLDN4",FALSE
"ZNF573",TRUE
"CRYM-AS1",TRUE
"FAM47E",TRUE
"JPT1",TRUE
"ZNF527",TRUE
"S100A13",TRUE
"ZNF33A",TRUE
"PCDH18",TRUE
"ZNF600",TRUE
"DPY19L2P1",FALSE
"MAOA",TRUE
"PAX8-AS1",TRUE
"C15orf61",TRUE
"NUGGC",TRUE
"TSPYL1",TRUE
"PNRC2",TRUE
"DRICH1",FALSE
"FHIT",TRUE
"ZKSCAN3",TRUE
"RRP7A",TRUE
"LIN54",TRUE
"FAM53B",TRUE
"FAM180A",FALSE
"KAZN",TRUE
"SLC35E2B",TRUE
"RPS2P46",TRUE
"TOGARAM2",TRUE
"NEMP2",TRUE
"KIAA0408",FALSE
"GSPT2",TRUE
"C8orf76",TRUE
"HMGB1",TRUE
"SH2D5",FALSE
"ZFP92",TRUE
"USP32P3",TRUE
"NCR1",FALSE
"BLOC1S2",TRUE
"SYCP2",TRUE
"ZNF724",TRUE
"IL1RAP",TRUE
"MYBPC1",FALSE
"PAX5",TRUE
"ZNF676",TRUE
"ZNF699",TRUE
"TDRD7",TRUE
"CCDC189",TRUE
"KIAA0895L",TRUE
"HLA-DRB1",TRUE
"MYT1",FALSE
"SERPINA3",TRUE
"AKR1C3",FALSE
"SPATS2L",TRUE
"ZNF250",TRUE
"WDSUB1",TRUE
"ZNF79",TRUE
"S100A4",TRUE
"FAT4",TRUE
"COLCA1",TRUE
"ZNF681",TRUE
"ACADSB",TRUE
"STK40",TRUE
"TMEM63A",TRUE
"SEMA4A",TRUE
"MPHOSPH8",TRUE
"RNF216P1",TRUE
"EEF1A1P5",TRUE
"GREB1",TRUE
"SIRPB2",TRUE
"ZNF766",TRUE
"RYR1",TRUE
"SRGAP3",TRUE
"FAM217B",TRUE
"TUBB",TRUE
"LCOR",TRUE
"SUPT5H",TRUE
"XPNPEP3",TRUE
"OR2C3",FALSE
"ZNF107",TRUE
"PPIA",TRUE
"ZNF471",TRUE
"ZNF836",TRUE
"ZNF493",TRUE
"GTF2IRD2",TRUE
"GRM7",FALSE
"SUPT3H",TRUE
"NIF3L1",TRUE
"GARS-DT",TRUE
"ATP2A1",TRUE
"IARS1",TRUE
"MFSD14C",TRUE
"POM121",TRUE
"ZBTB44",TRUE
"GIMAP5",TRUE
"STK31",FALSE
"NLGN3",TRUE
"ZKSCAN7",TRUE
"CD55",TRUE
"ZNF565",TRUE
"NTNG2",TRUE
"WDR5",TRUE
"LONP1",TRUE
"TRRAP",TRUE
"NUDT11",FALSE
"SRGAP2B",TRUE
"FUT4",TRUE
"ASB13",TRUE
"SLC35F1",TRUE
"ZNF34",TRUE
"ZNF781",TRUE
"ZNF140",TRUE
"ZNF774",TRUE
"PTPN1",TRUE
"EVL",TRUE
"EPHB4",TRUE
"ZNF765",TRUE
"ZNF124",TRUE
"XRCC6",TRUE
"C20orf204",TRUE
"PPP1R26",TRUE
"TSC22D2",TRUE
"NPIPB15",TRUE
"ZNF569",TRUE
"ARMCX4",TRUE
"YRDC",TRUE
"ZNF777",TRUE
"PIK3R4",TRUE
"ZNF775",TRUE
"ZNF605",TRUE
"TRAPPC2",TRUE
"RFX8",TRUE
"MYL6B",TRUE
"ZNF799",TRUE
"SIAH1",TRUE
"C20orf96",TRUE
"ESRRG",TRUE
"IPO4",FALSE
"NCOR2",TRUE
"SULT1A1",TRUE
"PRPF40A",TRUE
"GDAP2",TRUE
"TCEAL3",TRUE
"ANAPC7",TRUE
"TPK1",TRUE
"SLC6A9",TRUE
"AFAP1",TRUE
"NACA",TRUE
"MYO18A",TRUE
"BORCS6",TRUE
"MAN2A2",TRUE
"MME",TRUE
"FAM72A",TRUE
"CACNA1H",TRUE
"SULF2",TRUE
"LAMA2",TRUE
"PLXNB2",TRUE
"AJAP1",TRUE
"XRCC2",TRUE
"MYO6",TRUE
"MRTFA",TRUE
"HDAC2",TRUE
"ZNF782",TRUE
"POTEF",FALSE
"ZNF846",TRUE
"MMP1",TRUE
"ADH1B",TRUE
"TCF4",TRUE
"WNK3",TRUE
"SDHAF3",TRUE
"HRH1",TRUE
"RABL6",TRUE
"ZNF136",TRUE
"ZKSCAN5",TRUE
"ZNF502",TRUE
"TRAPPC4",TRUE
"TTC30B",TRUE
"TECPR2",TRUE
"TLR7",TRUE
"FAM180B",FALSE
"LINC00173",TRUE
"ZFP62",TRUE
"ERI2",TRUE
"TOMM7",TRUE
"HSH2D",TRUE
"TRPV1",TRUE
"ZNF33B",TRUE
"ZNF512B",TRUE
"AMZ2",TRUE
"ZNF431",TRUE
"NF1",TRUE
"VKORC1L1",TRUE
"ZNF418",TRUE
"DAPK1",TRUE
"HLA-DQA1",TRUE
"COL27A1",TRUE
"LINC01560",TRUE
"GM2A",TRUE
"H2AC13",TRUE
"S100A2",FALSE
"SNHG17",TRUE
"ZNF700",TRUE
"CD47",TRUE
"TLE1",TRUE
"MAML3",TRUE
"H2AC11",TRUE
"STRN3",TRUE
"ZNF239",TRUE
"CTBP1-DT",TRUE
"ZSCAN16",TRUE
"MVB12B",TRUE
"ILRUN",TRUE
"ADA",TRUE
"ARID5A",TRUE
"PATE2",TRUE
"PPTC7",TRUE
"RGPD4",FALSE
"NHLRC2",TRUE
"ZFP28",TRUE
"KIAA1211L",TRUE
"CBWD3",TRUE
"SCN8A",TRUE
"LAMB3",TRUE
"H2BU1",TRUE
"KPNA5",TRUE
"ANKRD36B",TRUE
"ARHGEF12",TRUE
"HCAR1",FALSE
"ZNF252P",TRUE
"PDLIM7",TRUE
"FLNA",TRUE
"TMEM26",TRUE
"SRGAP1",TRUE
"FAM3C",TRUE
"NOP9",TRUE
"SLC39A10",TRUE
"CASP4",TRUE
"AP2A1",TRUE
"ZNF585A",TRUE
"FUT11",TRUE
"SMIM10L2B",FALSE
"ANXA4",TRUE
"LAGE3",TRUE
"WDR5B",TRUE
"WDR45",TRUE
"METTL9",TRUE
"ZNF138",TRUE
"ZNF429",TRUE
"ZNF470",TRUE
"SERTAD1",TRUE
"ZNF100",TRUE
"CXorf40B",TRUE
"ZNF398",TRUE
"ZSCAN25",TRUE
"ANXA6",TRUE
"ZNF441",TRUE
"GMFB",TRUE
"SIGLEC15",FALSE
"ZNF420",TRUE
"ZNF763",TRUE
"ZMYM1",TRUE
"DTHD1",TRUE
"H4C3",TRUE
"ZSCAN26",TRUE
"MAFG",TRUE
"ARRDC1",TRUE
"KIAA1671",TRUE
"IGF2R",TRUE
"ZNF300P1",TRUE
"GAL3ST4",TRUE
"DYNC1H1",TRUE
"SLC6A17",TRUE
"PCBP2",TRUE
"ZGPAT",TRUE
"SLC25A29",TRUE
"PGAP1",TRUE
"SRC",TRUE
"ZNF682",TRUE
"ZNF772",TRUE
"ZNF257",TRUE
"PCNX3",TRUE
"ADAM32",TRUE
"ACSL5",TRUE
"LRRC8B",TRUE
"ABCB8",TRUE
"H3C12",TRUE
"SND1",TRUE
"ZNF785",TRUE
"NEK5",TRUE
"PSMD12",TRUE
"MAGEA6",TRUE
"PIWIL2",TRUE
"MIRLET7BHG",TRUE
"NOL4L",TRUE
"SLC22A4",TRUE
"ENTPD4",TRUE
"C1D",TRUE
"TBC1D9B",TRUE
"H4C11",FALSE
"SERPINA1",TRUE
"TPSB2",FALSE
"KANK2",TRUE
"EIF4BP6",TRUE
"C6orf141",FALSE
"GTF2E2",TRUE
"RAD54B",TRUE
"SYNGAP1",TRUE
"RAMP2-AS1",TRUE
"FITM2",TRUE
"BLM",TRUE
"HMGA2-AS1",TRUE
"ZNF720",TRUE
"OR10D3",FALSE
"DDI2",TRUE
"SVIL",TRUE
"TRIM33",TRUE
"LRP10",TRUE
"PELI1",TRUE
"ZNF655",TRUE
"MRPL21",TRUE
"UAP1L1",TRUE
"ZNF786",TRUE
"ZNF517",TRUE
"ZNF675",TRUE
"SLC22A5",TRUE
"DACT3",TRUE
"ADARB1",TRUE
"ZNF860",TRUE
"HTT",TRUE
"C5AR1",TRUE
"DCHS2",FALSE
"VEPH1",TRUE
"SHPK",TRUE
"IPP",TRUE
"MAP3K5",TRUE
"OGDHL",TRUE
"GSTK1",TRUE
"HNRNPAB",TRUE
"OR2L5",FALSE
"STMN3",TRUE
"PDGFA",TRUE
"GYPE",FALSE
"COL13A1",TRUE
"SPN",TRUE
"ZNF695",TRUE
"PCDHB11",TRUE
"ZNF628",TRUE
"SLC2A10",TRUE
"ZNF665",TRUE
"RPF2",TRUE
"SLC28A3",FALSE
"FAM177B",FALSE
"MIB2",TRUE
"MYO5A",TRUE
"IRF1-AS1",TRUE
"ATG7",TRUE
"SIPA1L1",TRUE
"TTC30A",TRUE
"SSPO",TRUE
"RAB40C",TRUE
"PIGN",TRUE
"COL4A6",FALSE
"ZNF624",TRUE
"HHLA3",TRUE
"HOXA4",TRUE
"TOPORS",TRUE
"BCO2",TRUE
"GPX1P1",FALSE
"ENTPD6",TRUE
"ENPP1",TRUE
"CCDC154",TRUE
"FAR1",TRUE
"CPLANE1",TRUE
"ZNF841",TRUE
"MFAP5",TRUE
"MYH6",FALSE
"ZNF615",TRUE
"CXorf40A",TRUE
"CDC42SE1",TRUE
"MPEG1",TRUE
"DPP4",TRUE
"PDCD1LG2",TRUE
"ZNF433",TRUE
"DNAH10",TRUE
"SPTAN1",TRUE
"NMB",TRUE
"PARVA",TRUE
"KLHL14",FALSE
"FAM114A1",TRUE
"RPE",TRUE
"ZNF460",TRUE
"PHF2",TRUE
"RPS26",TRUE
"PTMAP2",FALSE
"PSAP",TRUE
"S100A10",TRUE
"CFAP43",TRUE
"RPL37A",TRUE
"HOXC6",TRUE
"TXNRD3",TRUE
"CFD",TRUE
"MCMBP",TRUE
"EME2",TRUE
"KLHDC1",TRUE
"ZNF81",TRUE
"TAF13",TRUE
"ZNF780A",TRUE
"ATAD3A",TRUE
"FAM118B",TRUE
"ZNF461",TRUE
"CCDC180",TRUE
"SLC9A8",TRUE
"OCLN",TRUE
"H4-16",TRUE
"ZNF181",TRUE
"OR8G1",FALSE
"INKA2",TRUE
"ZNF44",TRUE
"GPAA1",TRUE
"ADAMTSL2",TRUE
"SGTB",TRUE
"ZNF790",TRUE
"FAM49A",TRUE
"MYO1C",TRUE
"NKIRAS1",TRUE
"KIF13B",TRUE
"ADH5",TRUE
"H2BC12",TRUE
"TEAD4",TRUE
"SPG7",TRUE
"C2orf27A",TRUE
"ZNF677",TRUE
"ERO1A",TRUE
"ZNF823",TRUE
"CYYR1-AS1",FALSE
"ZNF311",TRUE
"ZNF347",TRUE
"PLCG2",TRUE
"FCHSD1",TRUE
"ZNF71",TRUE
"S100A6",TRUE
"RPL12",TRUE
"DNM3",TRUE
"ZNF121",TRUE
"MPZL1",TRUE
"VPS13A",TRUE
"MBP",TRUE
"ELOVL2",TRUE
"GOLGA6L9",TRUE
"LEKR1",TRUE
"C1orf122",TRUE
"SNHG12",TRUE
"KEL",TRUE
"NOL8",TRUE
"MRPL42",TRUE
"ENTPD7",TRUE
"FCGR1B",TRUE
"ZNF335",TRUE
"ZNF560",FALSE
"RPS4X",TRUE
"ZNF273",TRUE
"ZNF84",TRUE
"MAK16",TRUE
"ZNF667",TRUE
"SIRPA",TRUE
"DSCR8",FALSE
"GRK6",TRUE
"PRIM1",TRUE
"MARCHF5",TRUE
"NPIPB13",FALSE
"SULT1C4",TRUE
"ZBTB14",TRUE
"CD2AP",TRUE
"SFI1",TRUE
"ZNF649",TRUE
"ZNF248",TRUE
"CHSY3",TRUE
"TOR4A",TRUE
"LPAR1",TRUE
"OR2L3",FALSE
"HIBCH",TRUE
"ZNF544",TRUE
"TMEM229B",TRUE
"SOWAHC",TRUE
"ZNF770",TRUE
"ZNF876P",TRUE
"HMGN5",TRUE
"MIER1",TRUE
"MAN1A2",TRUE
"SVIP",TRUE
"ZNF251",TRUE
"DDRGK1",TRUE
"TFDP1",TRUE
"ZNF607",TRUE
"ZNF334",TRUE
"HSD17B11",TRUE
"SZT2",TRUE
"SULT1C2",TRUE
"ZXDA",TRUE
"RPS6KL1",TRUE
"CACNA1E",TRUE
"QRICH1",TRUE
"FKBP1C",TRUE
"DDX42",TRUE
"RPL23A",TRUE
"SLC29A3",TRUE
"STYX",TRUE
"UBL5",TRUE
"HELZ",TRUE
"TMEM116",TRUE
"UCKL1",TRUE
"CARD11",TRUE
"ZNF485",TRUE
"PEG3",TRUE
"SDAD1",TRUE
"ZKSCAN8",TRUE
"PHETA1",TRUE
"HYLS1",TRUE
"ZNF442",TRUE
"ZNF813",TRUE
"HOXC4",TRUE
"PIM3",TRUE
"GET3",TRUE
"ASPH",TRUE
"SPRED2",TRUE
"WWP2",TRUE
"GFPT1",TRUE
"UVRAG",TRUE
"ZNF26",TRUE
"ITSN2",TRUE
"NTRK1",FALSE
"BZW1P2",TRUE
"OGA",TRUE
"ZNF658B",FALSE
"MT1F",TRUE
"TCAF1",TRUE
"ZNF69",TRUE
"TXNRD1",TRUE
"NRARP",TRUE
"ZNF583",TRUE
"ZNF568",TRUE
"ZXDB",TRUE
"ZNF480",TRUE
"ZNF587",TRUE
"TPM2",TRUE
"FLVCR1-DT",TRUE
"SH3BGRL2",TRUE
"ZNF808",TRUE
"ANKRD35",FALSE
"YTHDF2",TRUE
"NBR2",TRUE
"TMA16",TRUE
"HLA-DRB5",TRUE
"ATL1",TRUE
"MAFK",TRUE
"ARMH1",TRUE
"ZNF43",TRUE
"GPN1",TRUE
"PLN",FALSE
"ZNF28",TRUE
"ITGBL1",TRUE
"ZNF511",TRUE
"ZNF627",TRUE
"WDHD1",TRUE
"ZNF789",TRUE
"CTNND1",TRUE
"DDX39B",TRUE
"SH2D1B",FALSE
"ARC",TRUE
"NUDT16",TRUE
"TLK1",TRUE
"LRBA",TRUE
"C3orf35",TRUE
"ZNF536",TRUE
"MMP17",TRUE
"BAZ1A",TRUE
"COPS8",TRUE
"PPIAP22",TRUE
"CCDC69",TRUE
"MDM4",TRUE
"RYR2",TRUE
"KLHL9",TRUE
"NCOA6",TRUE
"STK39",TRUE
"C6orf89",TRUE
"CALM1",TRUE
"TAFA2",TRUE
"TTC37",TRUE
"TUSC1",TRUE
"MAGEA1",FALSE
"PAPSS2",TRUE
"SLC9A6",TRUE
"FAN1",TRUE
"ABCA4",FALSE
"EIF1AY",TRUE
"MT-ND6",TRUE
"IPO9",TRUE
"CEP290",TRUE
"MT-CO2",TRUE
"GLMP",TRUE
"TOGARAM1",TRUE
"DLL1",TRUE
"ANKRD13B",TRUE
"ECI2",TRUE
"UNC13B",TRUE
"MT-CYB",TRUE
"LDB1",TRUE
"PPP1R14C",FALSE
"CTR9",TRUE
"SMOC1",FALSE
"F5",TRUE
"MSRB1",TRUE
"ZNF652",TRUE
"SMURF1",TRUE
"SLC5A3",TRUE
"MTCO3P12",TRUE
"GPATCH3",TRUE
"CDC42BPB",TRUE
"PLXNB3",TRUE
"OXCT2",FALSE
"RPL10A",TRUE
"COLGALT2",TRUE
"EGFL6",FALSE
"MT-ND2",TRUE
"APCDD1L",FALSE
"RCSD1",TRUE
"RASSF9",TRUE
"FAM169A",TRUE
"ZNF830",TRUE
"GRIN3A",FALSE
"MT-ND5",TRUE
"CNOT7",TRUE
"TMEM184B",TRUE
"MTOR",TRUE
"SCAMP5",TRUE
"ZNF521",TRUE
"ALPK2",TRUE
"LRIG2",TRUE
"MT-CO1",TRUE
"PNP",TRUE
"PAX9",TRUE
"GK",TRUE
"FOXJ3",TRUE
"ZNF358",TRUE
"SFT2D1",TRUE
"CD247",TRUE
"CHAMP1",TRUE
"INPP5F",TRUE
"ARHGAP11A",TRUE
"SUCNR1",TRUE
"HMGN2",TRUE
"SELENOM",TRUE
"UBE2J1",TRUE
"GJC2",FALSE
"OPA1",TRUE
"DENND4B",TRUE
"RYR3",TRUE
"ZNF277",TRUE
"MT-ND3",TRUE
"KTI12",TRUE
"SELENOT",TRUE
"ARHGEF15",TRUE
"TOX",TRUE
"CES1",FALSE
"CD3E",TRUE
"RUSC2",TRUE
"FICD",TRUE
"OSTC",TRUE
"R3HDM4",TRUE
"TSEN15",TRUE
"LTN1",TRUE
"RUNDC1",TRUE
"CCDC152",FALSE
"MTND4LP30",TRUE
"STKLD1",TRUE
"GRK5",TRUE
"TYW1",TRUE
"DCAF12",TRUE
"SFMBT2",TRUE
"ITPRIPL1",TRUE
"MT-ND4",TRUE
"SMC5",TRUE
"MT-ND1",TRUE
"PRMT6",TRUE
"SHISA4",TRUE
"CIPC",TRUE
"CAPZA2",TRUE
"MT-ATP6",TRUE
"TOP1",TRUE
"PRC1",TRUE
"BHLHB9",TRUE
"MAP3K3",TRUE
"L1CAM",TRUE
"SREBF2",TRUE
"C1orf174",TRUE
"POU3F3",TRUE
"RASGEF1A",TRUE
"SPOUT1",TRUE
"RPL39",TRUE
"DZIP3",TRUE
"KIAA0753",TRUE
"DCLRE1A",TRUE
"ATG9A",TRUE
"NOS1AP",TRUE
"CSAG1",TRUE
"APRT",TRUE
"GPRASP1",TRUE
"TBKBP1",TRUE
"MAGEE1",TRUE
"CCDC167",TRUE
"MT-CO3",TRUE
"ZFP2",TRUE
"L3MBTL3",TRUE
"DMD",TRUE
"MFAP3L",TRUE
"NAGA",TRUE
"SMG5",TRUE
"KIFBP",TRUE
"TGM2",TRUE
"ARMCX6",TRUE
"PJA2",TRUE
"RORB",FALSE
"SGMS1",TRUE
"MIRLET7D",FALSE
"RN7SKP184",FALSE
"SNORA60",TRUE
"RNU5E-1",TRUE
"RNU5F-1",TRUE
"SNORD9",TRUE
"RNU5A-1",TRUE
"RNU6-1010P",FALSE
"RN7SKP173",FALSE
"RN7SKP95",TRUE
"SNORD104",TRUE
"RNU1-134P",TRUE
"RNU6-942P",TRUE
"RN7SKP90",TRUE
"RNY1P16",FALSE
"VTRNA1-1",TRUE
"RN7SKP115",FALSE
"RNU6-433P",FALSE
"SNORA73B",TRUE
"RNU6-251P",FALSE
"RNU5B-1",TRUE
"RNU5D-1",TRUE
"RN7SKP79",TRUE
"RN7SKP255",TRUE
"SNORA71D",TRUE
"SNORA38B",TRUE
"RN7SKP203",TRUE
"RNU6-1331P",FALSE
"SNORA33",TRUE
"RNU1-87P",TRUE
"RN7SKP180",TRUE
"SNORD8",TRUE
"SNORA80A",TRUE
"RNU4-1",TRUE
"SNORA38",TRUE
"RN7SKP134",FALSE
"RNU6-82P",FALSE
"SNORD14E",FALSE
"RNU6-681P",TRUE
"SNORD46",TRUE
"SNORA74A",TRUE
"RNU5A-8P",TRUE
"RNU1-85P",FALSE
"RNU6-188P",FALSE
"RNY1",TRUE
"RNA5SP202",FALSE
"RNU4-40P",TRUE
"SNORA63D",TRUE
"SNORA65",TRUE
"RN7SKP227",TRUE
"RNA5S9",TRUE
"RNU6-522P",TRUE
"SNORA68B",FALSE
"RN7SKP71",TRUE
"RNU4-24P",FALSE
"SNORA63C",TRUE
"SNORA55",TRUE
"RNY4P7",FALSE
"SNORA71C",TRUE
"SNORA16B",FALSE
"RNVU1-6",FALSE
"RN7SKP50",TRUE
"RN7SKP78",TRUE
"RNU1-91P",FALSE
"SNORA14A",TRUE
"RNU6-60P",FALSE
"RN7SKP55",TRUE
"SNORA5C",TRUE
"SNORD117",TRUE
"RN7SKP9",TRUE
"RNU5E-4P",FALSE
"RN7SKP48",TRUE
"SNORA23",TRUE
"RN7SKP80",TRUE
"VTRNA1-2",TRUE
"RNU6-1283P",TRUE
"RN7SKP186",FALSE
"SNORD6",FALSE
"RNY3",TRUE
"RNU6-652P",FALSE
"RN7SKP292",TRUE
"RN7SKP269",TRUE
"RN7SKP230",TRUE
"VTRNA1-3",FALSE
"RNU4-2",TRUE
"MIR421",TRUE
"TDRKH-AS1",FALSE
"ZNF525",TRUE
"INF2",TRUE
"PDCD4-AS1",FALSE
"IQANK1",TRUE
"LINC01285",TRUE
"OR2L2",FALSE
"EFCAB2",TRUE
"COX20",TRUE
"CHML",TRUE
"STUM",TRUE
"CAPN8",FALSE
"TATDN3",TRUE
"MIR29B2CHG",TRUE
"CR1",TRUE
"LINC00862",TRUE
"SAMD5",TRUE
"GPR52",TRUE
"FCGR3A",TRUE
"CENPW",TRUE
"MSTO2P",TRUE
"FAM229B",TRUE
"FANK1",TRUE
"EEF1AKMT2",TRUE
"DDO",FALSE
"CCDC162P",FALSE
"LINC00222",FALSE
"ADAMTSL4-AS1",TRUE
"PLPP4",TRUE
"BVES-AS1",FALSE
"H2AC18",FALSE
"H2BC18",TRUE
"ATP1A1-AS1",TRUE
"RBM20",TRUE
"C6orf163",TRUE
"SNHG5",TRUE
"ADD3-AS1",FALSE
"GDI1",TRUE
"PCMTD2",TRUE
"SOX18",TRUE
"LIME1",TRUE
"SAMD13",TRUE
"RTL8A",TRUE
"EFCAB7",TRUE
"ARRDC1-AS1",TRUE
"LINC01270",TRUE
"LINC00963",TRUE
"FOXO6",FALSE
"SYS1",TRUE
"INPP5B",TRUE
"RPA4",FALSE
"MAFB",TRUE
"TRAF3IP1",TRUE
"CHIC1",TRUE
"GIGYF2",TRUE
"C2orf72",TRUE
"RUFY2",TRUE
"NHSL2",TRUE
"GGTA1P",TRUE
"PHACTR4",TRUE
"ASAH2B",TRUE
"AGAP6",TRUE
"TIMM23B",TRUE
"ZDHHC18",TRUE
"TMEM273",TRUE
"AGAP9",TRUE
"BMS1P1",TRUE
"MACO1",TRUE
"PTPN20",TRUE
"ZDBF2",TRUE
"DAXX",TRUE
"BMPR2",TRUE
"TCEA3",TRUE
"PFDN6",TRUE
"RING1",TRUE
"HSD17B8",TRUE
"RXRB",TRUE
"OXLD1",TRUE
"COL11A2",TRUE
"HLA-DOA",TRUE
"HNRNPCP2",TRUE
"BRD2",TRUE
"HLA-DMA",TRUE
"PSMB8-AS1",TRUE
"COL5A2",TRUE
"PSMB8",TRUE
"TAP2",TRUE
"SPIN3",TRUE
"NBDY",TRUE
"LINC01993",FALSE
"TNRC6C-AS1",TRUE
"HLA-DRA",TRUE
"COL15A1",TRUE
"NOTCH4",TRUE
"PBX2",TRUE
"AGER",TRUE
"RNF5",TRUE
"AGPAT1",TRUE
"PJVK",TRUE
"PRRT1",TRUE
"FKBPL",TRUE
"MRPL38",TRUE
"SMIM5",FALSE
"STK19",TRUE
"DXO",TRUE
"SKIV2L",TRUE
"NELFE",TRUE
"ZBTB12",TRUE
"SDHD",TRUE
"EHMT2",TRUE
"LAYN",TRUE
"NEU1",TRUE
"SNHG32",TRUE
"HSPA1B",TRUE
"HSPA1A",TRUE
"HSPA1L",TRUE
"LSM2",TRUE
"VARS1",TRUE
"VWA7",FALSE
"CARD16",TRUE
"MBD5",TRUE
"MSH5",TRUE
"ABHD16A",TRUE
"LY6G5C",FALSE
"CSNK2B",TRUE
"GPANK1",TRUE
"C6orf47",TRUE
"FAM155A",FALSE
"C9orf170",FALSE
"BAG6",TRUE
"PRRC2A",TRUE
"AIF1",TRUE
"LST1",TRUE
"NFKBIL1",TRUE
"ZNF814",TRUE
"MICB",TRUE
"ZNF551",TRUE
"MICA",TRUE
"ZNF805",TRUE
"HLA-C",TRUE
"CCHCR1",TRUE
"PSORS1C1",TRUE
"DHX16",TRUE
"C6orf136",TRUE
"MRPS18B",TRUE
"PPP1R10",TRUE
"ABCF1",TRUE
"PRR3",TRUE
"LILRB3",TRUE
"DDR1",TRUE
"GNL1",TRUE
"HLA-E",TRUE
"TRIM39",TRUE
"ZNF468",TRUE
"ZNF616",TRUE
"PPP1R11",TRUE
"HLA-J",TRUE
"ZNRD1ASP",TRUE
"RACK1",TRUE
"HLA-G",TRUE
"TBC1D8",TRUE
"HLA-F",TRUE
"LINC02210",TRUE
"AKT1S1",TRUE
"GABBR1",TRUE
"MIR1915HG",TRUE
"STARD7-AS1",TRUE
"MAMDC2-AS1",TRUE
"TRIM27",TRUE
"MALRD1",FALSE
"RANBP17",TRUE
"INSYN2B",FALSE
"ZNF204P",TRUE
"LINC01291",TRUE
"TTC25",TRUE
"MRPL53",TRUE
"MROH6",TRUE
"ATXN2",TRUE
"DCTN1",TRUE
"PNMA8B",FALSE
"TCTN1",TRUE
"FAM216A",TRUE
"ZBTB48",TRUE
"IGFL4",TRUE
"MZT1",TRUE
"ZNF155",TRUE
"UQCC3",TRUE
"FBXO48",TRUE
"ATP6V0E2-AS1",TRUE
"ZNF783",TRUE
"ZNF425",TRUE
"C12orf73",TRUE
"PCDHGA1",TRUE
"ARHGEF34P",TRUE
"PCDHA9",TRUE
"PCDHA8",FALSE
"PCDHA7",FALSE
"PCDHA5",FALSE
"PCDHA4",TRUE
"PCDHA2",FALSE
"TRIM13",TRUE
"SPIRE2",TRUE
"AARD",FALSE
"PKHD1L1",FALSE
"SLFN12L",TRUE
"LINC02397",FALSE
"SLC35B4",TRUE
"TMEM231",TRUE
"FAM71F2",TRUE
"TMEM240",FALSE
"HSP90AA4P",FALSE
"CDKL4",FALSE
"ACCSL",TRUE
"C4orf47",FALSE
"TRIQK",TRUE
"SDHAF1",TRUE
"PSENEN",TRUE
"LINC00654",TRUE
"ZBTB10",TRUE
"C4orf46",TRUE
"SCGB2B2",TRUE
"LGR4",TRUE
"PSMB10",TRUE
"VIT",FALSE
"E2F4",TRUE
"PDE7A",TRUE
"TMEM170B",TRUE
"SNX2",TRUE
"NT5M",TRUE
"SARNP",TRUE
"ADGRG1",TRUE
"IPO7",TRUE
"PRR13",TRUE
"TECPR1",TRUE
"INSYN1",TRUE
"MT1M",FALSE
"CFI",TRUE
"OR52E6",FALSE
"SAMD9",TRUE
"CNEP1R1",TRUE
"EXOC3L4",FALSE
"ATP6AP1L",TRUE
"CCDC85C",TRUE
"RGL3",TRUE
"NAP1L4",TRUE
"SMG1P2",TRUE
"TMSB4X",TRUE
"TMEM256",TRUE
"CPT1B",TRUE
"SMN2",TRUE
"HMGN1",TRUE
"STAG3L1",TRUE
"MUC19",FALSE
"DENND6B",TRUE
"EIF3CL",TRUE
"LINC01597",TRUE
"LINC01446",TRUE
"LCMT1",TRUE
"LINC00898",FALSE
"CDPF1",TRUE
"LIN52",TRUE
"DPF3",TRUE
"CYP2D7",TRUE
"ETFRF1",TRUE
"C17orf107",TRUE
"ITSN1",TRUE
"ITPRIPL2",TRUE
"DENND1C",TRUE
"CRYZL1",TRUE
"RP9P",TRUE
"C5orf51",TRUE
"CATSPER2P1",TRUE
"ARRDC5",TRUE
"LINC01531",TRUE
"PLPP6",TRUE
"TTC23L",TRUE
"RFPL3S",FALSE
"PCOTH",FALSE
"RPS3AP47",TRUE
"DEFB134",FALSE
"C1RL-AS1",TRUE
"ZNF316",TRUE
"SRRM2-AS1",TRUE
"OLIG2",FALSE
"C21orf62-AS1",TRUE
"RNPS1",TRUE
"HSP90AB2P",FALSE
"NYNRIN",TRUE
"DNAJC19",TRUE
"DOK6",TRUE
"JPT2",TRUE
"ZDHHC11B",TRUE
"EGFEM1P",TRUE
"HERC2P9",TRUE
"HBA1",FALSE
"ATP10A",TRUE
"HNRNPA1P4",FALSE
"FOXL2NB",FALSE
"HCP5",TRUE
"HLA-H",TRUE
"HCG27",TRUE
"COL6A6",TRUE
"H1FX-AS1",TRUE
"RAB12",TRUE
"TMEM200C",TRUE
"HLA-A",TRUE
"HACD2",TRUE
"CFAP44",TRUE
"LNP1",TRUE
"VGLL3",TRUE
"TRIM71",TRUE
"ANKRD28",TRUE
"COLQ",TRUE
"METTL6",TRUE
"THUMPD3-AS1",TRUE
"XKR4",FALSE
"RNVU1-7",TRUE
"RNU1-28P",FALSE
"SNORA22B",FALSE
"RNU6-946P",FALSE
"SNORA2A",TRUE
"SNORD116-14",TRUE
"RNU6-979P",TRUE
"SNORA80B",TRUE
"SNORA22",TRUE
"SNORD116-18",TRUE
"RNU1-11P",TRUE
"RNU6-26P",FALSE
"SNORD101",TRUE
"SNORA30",FALSE
"RNVU1-30",FALSE
"SNORA5A",TRUE
"RNU6-761P",FALSE
"SNORA75",TRUE
"RNU6-4P",FALSE
"SNORD63",FALSE
"SNORD116-2",TRUE
"RNU6-611P",TRUE
"SNORA54",TRUE
"RNU6-196P",FALSE
"RNU6-1226P",FALSE
"SNORD116-1",TRUE
"SNORA72",TRUE
"SNORA7B",TRUE
"SNORD116-8",TRUE
"RNU1-106P",TRUE
"SNORD116-7",FALSE
"SNORD116-13",FALSE
"SNORD116-15",TRUE
"RNU1-67P",TRUE
"SNORA14B",TRUE
"RNVU1-15",TRUE
"SNORA80D",TRUE
"SNORA37",TRUE
"RNU6-1005P",TRUE
"SNORD116-16",TRUE
"SNORD116-24",TRUE
"SNORA2B",TRUE
"RNU6-883P",FALSE
"SNORA22C",TRUE
"RNU6-2",TRUE
"SNORD116-23",FALSE
"SNORA20",TRUE
"SNORD116-6",TRUE
"SNORD15B",TRUE
"SNORD116-19",TRUE
"SNORA19",FALSE
"SNORA80E",TRUE
"SNORA46",TRUE
"RNU6-9",FALSE
"SNORA66",TRUE
"MIR548C",TRUE
"MIR647",TRUE
"MIR635",FALSE
"MIR661",FALSE
"MIR606",TRUE
"MIR619",FALSE
"MIR581",FALSE
"MIR641",FALSE
"MIR570",TRUE
"MIR621",FALSE
"MIR573",TRUE
"MIR211",FALSE
"MIR186",TRUE
"MIR590",TRUE
"MIR553",FALSE
"MIR648",TRUE
"MIR640",FALSE
"MIR624",FALSE
"MIR125B1",FALSE
"MIR23A",FALSE
"MIR576",FALSE
"MIR591",TRUE
"MIR616",FALSE
"SNORA40B",TRUE
"SNORD94",TRUE
"SNORA49",TRUE
"SNORD12C",FALSE
"SNORD83A",TRUE
"SNORD41",FALSE
"MT-TV",TRUE
"MT-RNR2",TRUE
"MT-TI",TRUE
"MT-TQ",FALSE
"MT-TM",TRUE
"MT-TW",TRUE
"MT-TS1",FALSE
"MT-TH",TRUE
"MT-TT",TRUE
"MT-TP",TRUE
"GPX3",TRUE
"DIO2",TRUE
"SELENOH",TRUE
"AKR7L",TRUE
"STK38L",TRUE
"SACM1L",TRUE
"MT-RNR1",TRUE
"TSN",TRUE
"SLC48A1",TRUE
"IGKC",TRUE
"IGKJ5",FALSE
"IGKJ4",FALSE
"IGKJ3",FALSE
"IGKV4-1",TRUE
"IGKV3D-20",FALSE
"IGKV3D-11",FALSE
"IGLV4-69",FALSE
"IGLV8-61",FALSE
"IGLV6-57",TRUE
"IGLV5-52",TRUE
"IGLV1-51",TRUE
"IGLV1-47",FALSE
"IGLV7-46",FALSE
"IGLV1-44",FALSE
"IGLV1-40",TRUE
"IGLV3-25",TRUE
"IGLV2-23",TRUE
"IGLV3-21",TRUE
"IGLV3-19",TRUE
"IGLV2-14",TRUE
"IGLV2-11",FALSE
"IGLV3-10",FALSE
"IGLV3-9",FALSE
"IGLV3-1",TRUE
"IGLC2",TRUE
"IGLC3",TRUE
"IGLC7",FALSE
"TRGC1",FALSE
"TRBC1",TRUE
"TRBC2",TRUE
"TRAJ40",FALSE
"TRAJ33",FALSE
"TRAJ26",FALSE
"TRAJ23",FALSE
"TRAJ22",FALSE
"TRAJ21",FALSE
"TRAJ19",FALSE
"TRAJ18",FALSE
"TRAJ17",FALSE
"TRAJ16",FALSE
"TRAJ14",FALSE
"TRAJ13",FALSE
"TRAJ12",FALSE
"TRAJ11",FALSE
"TRAJ10",FALSE
"TRAJ9",FALSE
"TRAJ8",FALSE
"TRAJ7",FALSE
"TRAJ6",FALSE
"TRAJ3",FALSE
"IGHA2",TRUE
"IGHG4",TRUE
"IGHG2",TRUE
"IGHA1",TRUE
"IGHG1",TRUE
"IGHG3",TRUE
"IGHD",FALSE
"IGHM",TRUE
"IGHJ6",TRUE
"IGHV6-1",FALSE
"IGHV1-2",FALSE
"IGHV1-3",FALSE
"IGHV2-5",FALSE
"IGHV3-7",TRUE
"IGHV3-11",TRUE
"IGHV3-13",FALSE
"IGHV3-15",TRUE
"IGHV1-18",FALSE
"IGHV3-20",FALSE
"IGHV3-21",TRUE
"IGHV3-23",TRUE
"IGHV1-24",FALSE
"IGHV2-26",FALSE
"IGHV3-33",FALSE
"IGHV4-34",FALSE
"IGHV4-39",TRUE
"IGHV1-46",FALSE
"IGHV3-48",FALSE
"IGHV3-49",FALSE
"IGHV5-51",TRUE
"IGHV3-53",FALSE
"IGHV4-61",FALSE
"IGHV3-66",FALSE
"IGHV1-69",FALSE
"IGHV3-73",FALSE
"MIR374B",TRUE
"PRR22",TRUE
"TAS2R19",TRUE
"TAS2R15P",TRUE
"TAS2R50",TRUE
"TAS2R14",TRUE
"TAS2R13",TRUE
"SNORD67",TRUE
"SNORD66",TRUE
"SNORD17",TRUE
"RNU6-1176P",TRUE
"SNORD89",TRUE
"SNORA74B",TRUE
"RNU11-6P",FALSE
"SNORA53",TRUE
"SNORD69",TRUE
"SNORA12",TRUE
"RNU6-530P",FALSE
"SNORD19",FALSE
"SNORD70",FALSE
"SNORA26",TRUE
"SNORA3B",TRUE
"LINC01089",TRUE
"LINC02693",TRUE
"LINC02656",TRUE
"RTL8B",TRUE
"EWSAT1",TRUE
"RPL15P3",TRUE
"RNF208",TRUE
"MT-ND4L",TRUE
"MAP10",TRUE
"POU5F1B",FALSE
"ZNF580",TRUE
"ZNF611",TRUE
"NUP62",TRUE
"COX20P1",TRUE
"DENND1B",TRUE
"C1orf220",TRUE
"SFT2D2",TRUE
"FGFR1OP",TRUE
"LPAL2",TRUE
"SCAF8",TRUE
"ACKR1",TRUE
"TCTEX1D2",TRUE
"YWHAZP4",FALSE
"ARF1P2",TRUE
"CRYGS",TRUE
"CRIP1",FALSE
"RPL7AP60",FALSE
"KLHL23",TRUE
"RPL22P1",TRUE
"FAM24B",FALSE
"TRIM59",TRUE
"BTF3L4P2",FALSE
"MLLT11",TRUE
"ASIC3",TRUE
"GIMAP1",TRUE
"ARHGEF35",FALSE
"DNLZ",FALSE
"YWHAZP2",TRUE
"SUPT4H1",TRUE
"RPL12P42",TRUE
"EEF1B2P6",FALSE
"NRAS",TRUE
"LTC4S",FALSE
"RPS7P11",TRUE
"ANKRD39",TRUE
"QTRT1",TRUE
"CHUK",TRUE
"MXD3",TRUE
"FTH1P12",TRUE
"GSTM2",TRUE
"GAPDHP71",FALSE
"COG8",TRUE
"ARHGAP19",TRUE
"HAUS7",TRUE
"LCAT",TRUE
"MAGEA12",TRUE
"RBM22P2",TRUE
"GPC2",TRUE
"HSPD1P1",TRUE
"RPL18AP3",TRUE
"SIPA1",TRUE
"FTH1P3",TRUE
"ERV3-1",TRUE
"SYNJ2BP",TRUE
"ARL2",TRUE
"FIRRE",TRUE
"RBMXL1",TRUE
"SRA1",TRUE
"STIMATE",TRUE
"DNAJC9",TRUE
"RPLP0P6",TRUE
"C8orf82",TRUE
"VDAC1",TRUE
"TMX2",TRUE
"RPL7AP50",FALSE
"RPL11P3",TRUE
"HEXA",TRUE
"NDUFS3",TRUE
"RPSAP54",FALSE
"LEPROT",TRUE
"LBH",TRUE
"ADAT3",TRUE
"PPP1CB",TRUE
"GPSM3",TRUE
"LAT",TRUE
"RSU1P3",TRUE
"NCKIPSD",TRUE
"ATF6B",TRUE
"SEC14L1P1",TRUE
"S1PR3",TRUE
"SLC35F6",TRUE
"RPL17P50",TRUE
"CLIC1",TRUE
"DDAH2",TRUE
"SERBP1P1",FALSE
"RPS29",TRUE
"ZNF337-AS1",TRUE
"CENPBD1P1",TRUE
"ZNF134",TRUE
"ACTBP2",TRUE
"DDX47",TRUE
"ZNF888",TRUE
"ZNF845",TRUE
"ZNF321P",TRUE
"KLRK1",FALSE
"SUGT1P2",TRUE
"EMP2",TRUE
"KCTD11",TRUE
"YBX1P10",TRUE
"NPM1P6",FALSE
"UBD",FALSE
"LINC01521",TRUE
"PPM1N",FALSE
"SLC23A3",TRUE
"LTB4R",TRUE
"LIPE-AS1",TRUE
"LTB4R2",TRUE
"DNASE1",TRUE
"CSNK1E",TRUE
"IRF9",TRUE
"GALT",TRUE
"ITGA1",TRUE
"RPS10P2",FALSE
"NUDT19",TRUE
"ZNF726",TRUE
"TAX1BP3",TRUE
"AP1G2",TRUE
"ZNF90",TRUE
"NAXD",TRUE
"GANC",TRUE
"TTLL3",TRUE
"REPIN1",TRUE
"MRPL23",TRUE
"ZNF891",TRUE
"SMIM7",TRUE
"FBXO16",TRUE
"TSPAN4",TRUE
"CPSF1P1",TRUE
"CPNE1",TRUE
"ARL16",TRUE
"PAXIP1-AS2",TRUE
"LDHAP4",TRUE
"LYRM4",TRUE
"MYCBP",TRUE
"PRCD",TRUE
"ALG3",TRUE
"AMZ2P1",TRUE
"PLEKHM1P1",TRUE
"PTMAP5",TRUE
"XPOTP1",FALSE
"ST7-OT4",TRUE
"ZNF788P",TRUE
"SH3D21",TRUE
"SMIM30",TRUE
"TTC41P",TRUE
"EEF1A1P12",TRUE
"C19orf38",TRUE
"TUBBP2",FALSE
"HNRNPA1P10",TRUE
"C17orf67",TRUE
"FIS1",TRUE
"ANG",FALSE
"SCART1",TRUE
"APTR",TRUE
"MBLAC1",FALSE
"OR4F13P",TRUE
"NEURL1B",TRUE
"HAUS3",TRUE
"RPS3AP26",TRUE
"TUBAP2",TRUE
"KANSL1-AS1",TRUE
"LCNL1",TRUE
"BBIP1",TRUE
"LRRC37A4P",TRUE
"FAM185BP",TRUE
"RCN1P2",TRUE
"PLIN5",FALSE
"TPT1P6",FALSE
"RPL7P1",TRUE
"SEC14L6",FALSE
"PPME1",TRUE
"RPS15AP1",TRUE
"RPS4XP3",TRUE
"MEG3",TRUE
"CPEB1",TRUE
"EML6",TRUE
"ZNF727",TRUE
"B3GNT10",TRUE
"ZSWIM8",TRUE
"ARHGEF33",TRUE
"IFRD2",TRUE
"CAPN14",TRUE
"HNRNPUL2",TRUE
"CSKMT",TRUE
"SEPTIN7P2",TRUE
"POLR2J4",TRUE
"MS4A4E",TRUE
"FER1L6",FALSE
"MPRIPP1",FALSE
"DDX12P",TRUE
"MTCP1",FALSE
"LINC01347",TRUE
"LINC00243",FALSE
"LINC01588",TRUE
"RPS15AP3",TRUE
"RPL23AP3",FALSE
"HLA-F-AS1",TRUE
"ZSWIM7",TRUE
"ARHGEF28",TRUE
"LRRC69",TRUE
"CRPPA",TRUE
"PPIAP29",TRUE
"RTL10",TRUE
"COL28A1",TRUE
"PHB2",TRUE
"RPL13P12",TRUE
"CD27-AS1",TRUE
"NEURL4",TRUE
"ALOX12-AS1",TRUE
"NPM1P24",TRUE
"TTC3P1",TRUE
"UBXN2B",TRUE
"CBWD6",TRUE
"RPS12P16",TRUE
"LINC00680",TRUE
"PEX26",TRUE
"CYP51A1P3",TRUE
"LINC02449",FALSE
"LINC02649",TRUE
"FASTKD5",TRUE
"GOLGA8B",TRUE
"DHRS4-AS1",TRUE
"KCNU1",FALSE
"HOMEZ",TRUE
"DDX3X",TRUE
"VPS16",TRUE
"FAM66B",FALSE
"MYL5",TRUE
"MIR99AHG",TRUE
"ACTG1P3",TRUE
"MIR17HG",TRUE
"ZNF407",TRUE
"MCM3AP-AS1",TRUE
"NPEPL1",TRUE
"AATBC",TRUE
"LINC00598",TRUE
"HNRNPA1P7",TRUE
"EFCAB8",FALSE
"LINC00189",TRUE
"FRG1JP",TRUE
"ANKRD20A11P",TRUE
"GUSBP9",TRUE
"TMEM242",TRUE
"TMEM167B",TRUE
"ARHGAP27P1-BPTFP1-KPNA2P3",TRUE
"FAM72D",FALSE
"TNFRSF25",TRUE
"SLC35E2A",TRUE
"LINC01139",FALSE
"ZC3H11B",TRUE
"TSTD1",FALSE
"CYB5RL",TRUE
"CROCCP2",TRUE
"TTC34",TRUE
"ATAD3C",TRUE
"MIR921",FALSE
"IFI30",TRUE
"RPS2P55",FALSE
"CCDC7",TRUE
"TPT1P4",TRUE
"PPIAP31",TRUE
"FNIP1",TRUE
"CBX3P9",TRUE
"RPS16P5",TRUE
"CKLF",TRUE
"RPS10P3",TRUE
"NDUFAB1P1",FALSE
"PAM16",TRUE
"MORF4L1P1",TRUE
"TENM3",TRUE
"LINC00339",TRUE
"MIF-AS1",TRUE
"GAPDHP63",FALSE
"CEBPZOS",TRUE
"ZNF579",TRUE
"ARL4AP5",TRUE
"NPM1P37",TRUE
"RNASEK",TRUE
"HSPA8P15",TRUE
"BTBD10P2",TRUE
"TAFA5",TRUE
"RPL23P8",TRUE
"NBPF1",TRUE
"FTH1P8",TRUE
"UMAD1",TRUE
"PPP1R3G",FALSE
"HIGD1AP16",TRUE
"FAM228B",TRUE
"ZNF433-AS1",TRUE
"ZSCAN12P1",FALSE
"OR7E104P",FALSE
"ZGLP1",FALSE
"VAMP2",TRUE
"HNRNPH1P1",TRUE
"ASS1P1",FALSE
"RPL35P2",TRUE
"RPL5P18",FALSE
"RPL21P28",TRUE
"MTMR9LP",TRUE
"LINC01881",TRUE
"RPL21P16",TRUE
"RPS18P9",TRUE
"HSPE1P26",TRUE
"MRPL35P1",FALSE
"MIR1296",FALSE
"SNORD111",FALSE
"SNORA11B",FALSE
"SNORA11F",TRUE
"MIR1207",FALSE
"SNORD88A",FALSE
"SNORA79",FALSE
"MIR548K",FALSE
"RNU4ATAC16P",TRUE
"SNORD100",TRUE
"MIR1285-1",FALSE
"SNORD99",TRUE
"RNU6ATAC10P",TRUE
"SNORA77",TRUE
"RNU6ATAC",TRUE
"SNORA11",TRUE
"MIR1205",TRUE
"PPP3CB-AS1",TRUE
"EBF2",TRUE
"C6orf226",FALSE
"PPP3R1",TRUE
"FANCG",TRUE
"AP4M1",TRUE
"PLXNA4",TRUE
"MAGEA3",TRUE
"CEBPD",TRUE
"ZBED8",TRUE
"NPTXR",TRUE
"FAM200A",TRUE
"PPP2R2A",TRUE
"ZNF880",TRUE
"TRIM16",TRUE
"TIGD1",TRUE
"XKR9",TRUE
"C1orf229",TRUE
"SLC12A8",TRUE
"APOL6",TRUE
"FADS3",TRUE
"CCNL2",TRUE
"UBA52",TRUE
"PPT2",TRUE
"EXOC3-AS1",TRUE
"ZNF630",TRUE
"TIAF1",TRUE
"BTBD19",TRUE
"FAM185A",TRUE
"RAB6C",FALSE
"URAHP",FALSE
"CYTOR",TRUE
"RNU4-62P",FALSE
"RN7SKP154",FALSE
"RN7SKP16",TRUE
"SNORD19C",TRUE
"SNORD12B",TRUE
"RNU2-59P",TRUE
"RN7SKP56",FALSE
"SNORA79B",TRUE
"RN7SKP240",FALSE
"MIR1537",TRUE
"RNU6-321P",FALSE
"RN7SKP97",TRUE
"SNORD63B",TRUE
"RN7SKP8",FALSE
"RN7SKP268",FALSE
"RNU6-130P",TRUE
"RN7SKP296",TRUE
"SNORD71",TRUE
"RN7SKP30",TRUE
"RNU2-6P",FALSE
"FTH1P10",TRUE
"RPS10P7",TRUE
"LINC00397",FALSE
"TCAF1P1",TRUE
"NUTM2A-AS1",TRUE
"EXOSC6",TRUE
"VPS52",TRUE
"RPL23AP53",TRUE
"RABGAP1L-IT1",TRUE
"EEF1A1P8",TRUE
"LINC00630",TRUE
"ZNF844",TRUE
"TMSB4XP4",FALSE
"TINCR",FALSE
"TVP23CP1",TRUE
"LINC00571",TRUE
"DIP2A-IT1",TRUE
"LINC01422",TRUE
"NSUN5P1",TRUE
"CCDC18-AS1",TRUE
"MIR503HG",TRUE
"TSSC2",FALSE
"LINC02593",FALSE
"LINC00205",TRUE
"ENTPD3-AS1",TRUE
"CERS1",TRUE
"RPS20P14",TRUE
"MYCNUT",FALSE
"HLA-DPB1",TRUE
"OSER1-DT",TRUE
"ASS1P2",FALSE
"ROR1-AS1",FALSE
"AFG3L1P",TRUE
"CHROMR",TRUE
"YES1P1",TRUE
"RPL21P32",FALSE
"MIR181A2HG",TRUE
"EDRF1-DT",FALSE
"TCEAL3-AS1",TRUE
"EPB41L4A-AS1",TRUE
"IGKV3D-15",FALSE
"CCNT2-AS1",FALSE
"CPTP",TRUE
"SNHG14",TRUE
"UBE2FP1",TRUE
"SLC44A3-AS1",TRUE
"MTCO1P11",TRUE
"RPS24P8",TRUE
"LINC01857",FALSE
"DNAJC27-AS1",TRUE
"MIR3681HG",TRUE
"SNX18P9",TRUE
"HAGLR",TRUE
"SLC25A5-AS1",TRUE
"MCCD1P2",FALSE
"RPL7P7",TRUE
"GTF2IP5",TRUE
"CHL1-AS2",TRUE
"TMCO1-AS1",TRUE
"IGHV4-59",TRUE
"BACE2-IT1",TRUE
"C4B",FALSE
"SMIM25",TRUE
"HSP90AA2P",TRUE
"ADM5",TRUE
"PRKAR2A-AS1",FALSE
"MKRN5P",TRUE
"ATP5PBP1",TRUE
"PGAM1P6",FALSE
"ATXN1L",TRUE
"SMIM13",TRUE
"EIF4BP3",TRUE
"LINC01117",FALSE
"HNRNPA1P48",TRUE
"ZMIZ1-AS1",TRUE
"SVIL-AS1",TRUE
"RTCA-AS1",FALSE
"RPS27AP16",TRUE
"IGHV3-74",FALSE
"SH3BP5-AS1",TRUE
"RASAL2-AS1",TRUE
"ZNF812P",FALSE
"LAMTOR5-AS1",TRUE
"E2F3-IT1",TRUE
"IMPDH1P8",TRUE
"PCOLCE-AS1",FALSE
"CETN4P",FALSE
"RPL32P1",TRUE
"THRB-IT1",FALSE
"OR2X1P",FALSE
"LINC00240",TRUE
"RPL29P11",FALSE
"YBX1P1",TRUE
"MRPL20-AS1",TRUE
"NDUFAF8",TRUE
"EIPR1-IT1",TRUE
"RPS4XP16",TRUE
"VPS26BP1",TRUE
"POT1-AS1",TRUE
"LINC00863",TRUE
"PRRT4",TRUE
"LINC01266",TRUE
"INE1",TRUE
"PPP1R8P1",TRUE
"KCTD9P1",FALSE
"EIF4BP7",TRUE
"RPL23AP2",FALSE
"SNORA71A",TRUE
"RPL3P7",TRUE
"RANP4",FALSE
"SLC9A3-AS1",TRUE
"GOLGA2P7",FALSE
"RPSAP58",TRUE
"PLEKHM1",TRUE
"ZNF33BP1",TRUE
"RPS12P26",FALSE
"MIR137HG",FALSE
"DUXAP9",TRUE
"SMARCE1P1",FALSE
"HSPA7",TRUE
"RPS27AP12",TRUE
"ZNRF2P2",TRUE
"TAF1A-AS1",FALSE
"LHFPL3-AS2",FALSE
"RPL23AP18",FALSE
"LRRK2-DT",FALSE
"PPP1R26-AS1",TRUE
"NRSN2-AS1",TRUE
"TGIF2P1",FALSE
"TNPO1P1",TRUE
"LINC01504",TRUE
"BOLA3-AS1",TRUE
"RPS15AP10",TRUE
"RFPL1S",TRUE
"JPX",TRUE
"PLCB1-IT1",TRUE
"NUTM2B-AS1",TRUE
"GBP1P1",TRUE
"LINC02476",FALSE
"RPL35P5",TRUE
"ZNF469",TRUE
"MTND2P28",TRUE
"SBDSP1",TRUE
"MCRIP1",TRUE
"CADM3-AS1",FALSE
"IPO7P2",FALSE
"FAM225B",FALSE
"LAGE3P1",FALSE
"SLC26A6",TRUE
"FGD5-AS1",TRUE
"MEG8",TRUE
"DBH-AS1",TRUE
"SIRPAP1",FALSE
"MIAT",TRUE
"TRAM2-AS1",TRUE
"DNAJC19P5",FALSE
"FAM229A",TRUE
"ERCC6",TRUE
"RUSC1-AS1",TRUE
"LINC00115",TRUE
"DHDDS-AS1",FALSE
"HSPE1P13",TRUE
"TSBP1-AS1",FALSE
"NOL7",TRUE
"LINC02249",TRUE
"ELFN1",TRUE
"MTND1P23",TRUE
"PIGBOS1",TRUE
"LINC01534",TRUE
"RPL23AP34",FALSE
"GTF2IP14",TRUE
"CCT8P1",FALSE
"LINC01772",TRUE
"TLK2P1",TRUE
"ZNF503-AS1",FALSE
"LINC01776",FALSE
"MTND4P32",TRUE
"LINC00623",FALSE
"LINC00937",TRUE
"FTCDNL1",TRUE
"BAIAP2-DT",TRUE
"TEX22",TRUE
"SGMS1-AS1",TRUE
"WASH8P",TRUE
"RPS12P5",TRUE
"RPL26P19",TRUE
"GAS1RR",FALSE
"RPL37AP1",FALSE
"GTF2H2B",TRUE
"PSPHP1",TRUE
"ZNF192P1",TRUE
"RPS3AP38",TRUE
"NUP50-DT",TRUE
"RPL10AP6",TRUE
"LINC01876",TRUE
"TPI1P1",FALSE
"SLC16A1-AS1",TRUE
"GAPDHP32",FALSE
"CYP2D8P",TRUE
"LINC01748",TRUE
"TMEM185B",TRUE
"LINC00323",FALSE
"RPSAP21",TRUE
"KIRREL1-IT1",TRUE
"RPS7P10",TRUE
"FTH1P20",TRUE
"FTLP3",TRUE
"UBE2V1P1",TRUE
"TEX41",TRUE
"LINC01535",TRUE
"ENTPD1-AS1",TRUE
"LENG8-AS1",TRUE
"FAM66C",TRUE
"EEF1DP2",TRUE
"HSBP1L1",TRUE
"CUTALP",TRUE
"DISC1-IT1",TRUE
"TAS2R46",TRUE
"FABP7P1",TRUE
"FAM30A",TRUE
"LINC02611",FALSE
"OSTCP8",TRUE
"LINC02785",FALSE
"ATE1-AS1",FALSE
"LHFPL3-AS1",TRUE
"LINC01359",TRUE
"RPS14P4",FALSE
"IL9RP3",TRUE
"DANCR",TRUE
"LINC00511",TRUE
"ITGB2-AS1",TRUE
"C14orf132",TRUE
"WDR46",TRUE
"LINC02798",FALSE
"RPS28P7",TRUE
"LMCD1-AS1",TRUE
"ZNF717",TRUE
"LBX1-AS1",FALSE
"TRGC2",FALSE
"MIR663AHG",TRUE
"ST7-AS1",TRUE
"WASH7P",FALSE
"FAM155A-IT1",FALSE
"HCG4B",FALSE
"KLLN",FALSE
"PARG",TRUE
"RBM26-AS1",TRUE
"TP73-AS1",TRUE
"FTH1P16",TRUE
"PPIAP2",FALSE
"EIF4A2P2",FALSE
"HPN-AS1",TRUE
"KIF9-AS1",TRUE
"FCF1P1",FALSE
"LINC00310",TRUE
"LINC01537",FALSE
"SCAMP4",TRUE
"MROCKI",TRUE
"LTB",TRUE
"SLC2A1-AS1",TRUE
"SOCS5P4",TRUE
"RPS15AP30",TRUE
"RPS3AP37",FALSE
"CYCSP24",FALSE
"LINC00355",TRUE
"RPL23AP74",FALSE
"MTND6P5",FALSE
"ASH1L-IT1",TRUE
"SLC9A7P1",TRUE
"DPY19L2P3",TRUE
"FAM66A",FALSE
"LINC02344",TRUE
"RPL3P2",TRUE
"LINC01341",TRUE
"TRIM60P18",TRUE
"ZNF680P1",TRUE
"HCG20",TRUE
"POLR2J2",TRUE
"LINC01515",TRUE
"MTATP6P11",TRUE
"MELTF-AS1",FALSE
"MTND1P11",TRUE
"RNF144A-AS1",TRUE
"PNRC2P1",FALSE
"ATF4P3",TRUE
"HCG11",TRUE
"GAPDHP1",TRUE
"COL6A4P2",TRUE
"MT-ATP8",TRUE
"LINC01320",TRUE
"PCAT6",FALSE
"FAM174C",TRUE
"CYP4F29P",FALSE
"MTATP6P19",FALSE
"MIR646HG",TRUE
"ITPKB-IT1",TRUE
"LINC01004",TRUE
"CCT6P1",TRUE
"SDAD1P1",TRUE
"OST4",TRUE
"GRK5-IT1",TRUE
"C2orf92",TRUE
"LINC01013",FALSE
"RPL15P18",FALSE
"EEF1A1P11",TRUE
"MIR34AHG",TRUE
"CCDC183-AS1",TRUE
"SNRPGP9",FALSE
"FNDC10",TRUE
"ZNF883",TRUE
"HDAC2-AS2",TRUE
"HOTAIR",TRUE
"FCF1P2",TRUE
"SNHG26",TRUE
"PROB1",TRUE
"ARL17B",TRUE
"LINC02575",FALSE
"DHFR",TRUE
"SAPCD1",FALSE
"LINC02577",FALSE
"WEE2-AS1",TRUE
"MRPL45P2",TRUE
"LINC00954",TRUE
"LINC01128",TRUE
"HMGB3P4",TRUE
"BACH1-IT2",TRUE
"MIR4500HG",FALSE
"TLK2P2",TRUE
"SEPTIN7-AS1",TRUE
"UBAC2-AS1",TRUE
"RASA4CP",TRUE
"RPS13P2",TRUE
"AKT3-IT1",TRUE
"SATB1-AS1",TRUE
"OR2A9P",FALSE
"EXOSC3P1",FALSE
"RPL30P13",FALSE
"VDAC1P8",TRUE
"RPS29P14",FALSE
"HSPA8P8",TRUE
"RPL41",TRUE
"VIM-AS1",TRUE
"KANSL1L-AS1",TRUE
"EIF4A1P10",TRUE
"CCDC26",FALSE
"ANKRD10-IT1",TRUE
"EPHA1-AS1",FALSE
"KRT18P4",TRUE
"RPL37P18",FALSE
"TTTY10",FALSE
"PNPT1P1",TRUE
"LINC00446",TRUE
"HNRNPA1P8",FALSE
"REV3L-IT1",TRUE
"KRT8P12",TRUE
"ACAP2-IT1",TRUE
"GK-IT1",FALSE
"MTCO2P12",TRUE
"DPY19L1P1",TRUE
"MICD",TRUE
"HLA-DRB6",TRUE
"CNIH3-AS1",FALSE
"MIR5689HG",FALSE
"RALGAPA1P1",TRUE
"ANKRD26P4",TRUE
"RGS17P1",TRUE
"PATL2",TRUE
"MYCBP2-AS2",TRUE
"LINC01739",FALSE
"RPL21P44",TRUE
"ACVR2B-AS1",TRUE
"MBNL1-AS1",TRUE
"MTND5P2",TRUE
"METTL21AP1",TRUE
"RPL4P4",TRUE
"NAMPTP1",TRUE
"RPL26P6",TRUE
"ZNF492",TRUE
"SOS1-IT1",TRUE
"EEF1DP3",TRUE
"CXCR2P1",TRUE
"MTCYBP32",TRUE
"XIST",TRUE
"ZNF688",TRUE
"DDX50P1",TRUE
"PET100",TRUE
"EMX2OS",TRUE
"CASC20",FALSE
"LINC01315",FALSE
"RPL7P46",FALSE
"ATXN1-AS1",FALSE
"YWHAZP3",TRUE
"TFAP2A-AS1",TRUE
"MTND2P2",TRUE
"ZRANB2-AS2",TRUE
"MIR181A1HG",TRUE
"AKR1B1P1",FALSE
"HMGB3P9",TRUE
"RPL5P4",TRUE
"ALMS1-IT1",TRUE
"ANKRD36BP2",TRUE
"AK3P3",TRUE
"TMSB4XP6",TRUE
"TRPM2-AS",TRUE
"CDC42-IT1",TRUE
"LRRC37A15P",TRUE
"RPL4P6",TRUE
"RPL10P6",TRUE
"HSPE1P28",FALSE
"PRRT3-AS1",TRUE
"TMEM254-AS1",TRUE
"LINC02028",TRUE
"ACBD6",TRUE
"HOXB-AS1",TRUE
"CEP250-AS1",FALSE
"SMYD3-IT1",TRUE
"C9orf147",FALSE
"RPL4P5",TRUE
"MTND5P14",TRUE
"HERC2P4",TRUE
"LINC02525",TRUE
"GTF2IP23",TRUE
"STARD13-IT1",TRUE
"GOLGA6L5P",TRUE
"SPTLC1P1",FALSE
"TCEA1P2",TRUE
"LINC01786",FALSE
"LINC00595",FALSE
"ERVMER61-1",TRUE
"SERPINB9P1",FALSE
"ANKRD18B",FALSE
"PA2G4P4",TRUE
"PROX1-AS1",FALSE
"PSMG3-AS1",TRUE
"PPP5D1",TRUE
"THAP7-AS1",TRUE
"AOAH-IT1",FALSE
"ACTG1P14",TRUE
"FTX",TRUE
"RPS23P8",TRUE
"DNM3OS",TRUE
"KLHL7-DT",TRUE
"SETSIP",FALSE
"PABPC1P3",TRUE
"FBXW4P1",TRUE
"LINC01001",TRUE
"RPL10P3",FALSE
"RHOQP3",FALSE
"VN1R108P",FALSE
"ARHGAP26-IT1",FALSE
"YY2",TRUE
"FOXD3-AS1",TRUE
"RPEP3",FALSE
"LINC01293",TRUE
"LINC01614",FALSE
"ZNF674-AS1",TRUE
"RPS18P12",TRUE
"MTCO1P53",TRUE
"HSBP1",TRUE
"LINC00271",TRUE
"GCNT1P3",TRUE
"HCG18",TRUE
"LINC01436",FALSE
"TCF7L1-IT1",TRUE
"MORF4L2-AS1",TRUE
"KLF3-AS1",TRUE
"YBX1P2",TRUE
"LINC00852",TRUE
"SPRY4-AS1",TRUE
"ZNF826P",TRUE
"APCDD1L-DT",TRUE
"SGO1-AS1",TRUE
"RPS3P2",TRUE
"MAP4K3-DT",TRUE
"RPL34P6",FALSE
"WARS2-AS1",TRUE
"HLA-DPA1",TRUE
"GORAB-AS1",FALSE
"LINC00689",FALSE
"IGHV4-31",FALSE
"RPS18",TRUE
"PTMAP4",TRUE
"FAM27C",TRUE
"FAM225A",TRUE
"LINC00278",TRUE
"CEACAMP5",FALSE
"FAHD2CP",TRUE
"SNORD62B",TRUE
"DLEU2",TRUE
"FSIP2-AS1",FALSE
"DIRC3",TRUE
"NANOGP5",TRUE
"LINC00899",TRUE
"LINC-PINT",TRUE
"TMSB15B-AS1",FALSE
"EMBP1",TRUE
"DLX6-AS1",TRUE
"TMEM44-AS1",TRUE
"PIK3CD-AS2",TRUE
"DOC2GP",FALSE
"ITCH-IT1",TRUE
"PCAT7",TRUE
"LINC01198",TRUE
"PRH1",TRUE
"TRAF3IP2-AS1",TRUE
"DARS-AS1",TRUE
"TAPBP",TRUE
"DPY19L1P2",TRUE
"CT69",FALSE
"ANXA2P2",TRUE
"LRRC8C-DT",TRUE
"CLCN3P1",FALSE
"HSPE1P25",FALSE
"LEF1-AS1",TRUE
"ZBED9",FALSE
"LINC01697",FALSE
"LARGE-IT1",TRUE
"RPS6KA2-IT1",FALSE
"RFX3-AS1",TRUE
"TMA7",TRUE
"LINC00384",FALSE
"MCTS1",TRUE
"RAP2C-AS1",TRUE
"MTND4P24",FALSE
"FTH1P7",TRUE
"IGHV3-43",FALSE
"LINC00865",TRUE
"ZYG11AP1",FALSE
"MTND1P32",TRUE
"GNG12-AS1",TRUE
"FAM215B",TRUE
"DFFBP1",FALSE
"FTLP2",FALSE
"MTCYBP3",TRUE
"SMIM26",TRUE
"PPIAP70",FALSE
"AJM1",TRUE
"RPS26P42",FALSE
"MHENCR",TRUE
"EMSLR",FALSE
"OR4F14P",FALSE
"EEF1B2P3",TRUE
"NCKAP5-IT1",FALSE
"RASA3-IT1",TRUE
"ST3GAL5-AS1",TRUE
"RPL3P4",TRUE
"KIAA1614-AS1",TRUE
"EEF1A1P3",TRUE
"KANTR",TRUE
"MRAP-AS1",TRUE
"HLA-DQB2",TRUE
"GOLGA8N",TRUE
"IDI2-AS1",TRUE
"LINC00665",TRUE
"LINC01705",FALSE
"SDCBPP3",TRUE
"SLCO4A1-AS1",TRUE
"TNF",TRUE
"TXNP1",FALSE
"PET117",FALSE
"LYRM9",TRUE
"RPS11P5",FALSE
"DLGAP4-AS1",TRUE
"LINC00342",TRUE
"HCG25",TRUE
"SNHG15",TRUE
"CYP1B1-AS1",TRUE
"LINC00327",TRUE
"RPL7P14",FALSE
"MIR3936HG",TRUE
"LINC01725",TRUE
"RPEP4",TRUE
"HDAC1P2",TRUE
"SNHG7",TRUE
"EEF1A1P14",FALSE
"LINC00884",FALSE
"TTLL7-IT1",TRUE
"RPS15AP6",TRUE
"CCDC144NL-AS1",TRUE
"LINC00702",TRUE
"LINC00456",FALSE
"LINC01762",TRUE
"LINC01687",FALSE
"LINC00472",TRUE
"GPX1",TRUE
"MIPEPP3",TRUE
"USP32P2",TRUE
"CHRM3-AS2",FALSE
"GTF2IP4",TRUE
"NKAPP1",TRUE
"LINC01719",TRUE
"EIF3FP3",TRUE
"HOTAIRM1",TRUE
"AGGF1P2",TRUE
"STXBP5-AS1",TRUE
"EEF1A1P6",TRUE
"ZNF197-AS1",FALSE
"ZNF529-AS1",TRUE
"KRT8P39",TRUE
"LINC02609",TRUE
"ERI3-IT1",TRUE
"TWIST2",TRUE
"LINC01137",TRUE
"CYP2T1P",FALSE
"PGAM1P11",FALSE
"PANTR1",TRUE
"RNASEH2B-AS1",FALSE
"ANAPC1P1",FALSE
"GAS6-AS1",TRUE
"SLC26A4-AS1",FALSE
"LINC01237",TRUE
"H2BC15",TRUE
"EIF4HP1",TRUE
"KCNQ5-IT1",TRUE
"PAIP1P1",TRUE
"LINC01503",FALSE
"RPL10P9",TRUE
"LINC01694",FALSE
"RPSAP13",FALSE
"RPS28",TRUE
"KRTAP5-AS1",FALSE
"UQCRHL",TRUE
"BTF3P6",FALSE
"RPL5P34",TRUE
"EIF2AK3-DT",TRUE
"RPS3AP44",FALSE
"TRIM26",TRUE
"RNASEH1-AS1",TRUE
"HSPA8P1",TRUE
"AIMP1P1",FALSE
"ZNF879",TRUE
"BACH1-IT3",TRUE
"MRPS10P2",FALSE
"OBI1-AS1",TRUE
"LINC01426",FALSE
"CTBP2P8",TRUE
"ZNF37BP",TRUE
"ZNF736",TRUE
"MAGI2-AS3",TRUE
"PINLYP",FALSE
"ZNF101P2",TRUE
"RPL34-AS1",TRUE
"SP2-AS1",TRUE
"RPL13AP20",TRUE
"C5orf58",FALSE
"PTGES3P1",TRUE
"FAM133B",TRUE
"LNCTAM34A",TRUE
"CCT6P3",TRUE
"MCIDAS",FALSE
"MAPKAPK5-AS1",TRUE
"C2CD4D-AS1",FALSE
"JRK",TRUE
"SNRK-AS1",TRUE
"RPSAP9",FALSE
"LINC01934",TRUE
"HMGN2P5",FALSE
"SDCBP2-AS1",TRUE
"HMGA1P4",FALSE
"KRT18P15",FALSE
"GAS5",TRUE
"EIF5AP4",FALSE
"HLA-B",TRUE
"FOXP4-AS1",FALSE
"SLC25A25-AS1",TRUE
"LINC00412",FALSE
"TPT1P9",TRUE
"EEF1GP5",TRUE
"HSPA8P3",TRUE
"RPS3AP6",TRUE
"SVIL2P",TRUE
"XRCC6P2",TRUE
"LINC01239",FALSE
"RPL23AP42",TRUE
"EIF3EP1",TRUE
"MIR155HG",TRUE
"MTND5P26",TRUE
"SOX9-AS1",TRUE
"TEX21P",TRUE
"SNHG20",TRUE
"SDHCP3",TRUE
"LINC01524",FALSE
"FTH1P2",TRUE
"EIF4A1P2",TRUE
"DAAM2-AS1",TRUE
"ARNILA",TRUE
"RPL7L1P3",TRUE
"ANKRD65",FALSE
"BRD3OS",TRUE
"ZSCAN31",TRUE
"COX6CP17",FALSE
"RPSAP16",TRUE
"C12orf75",TRUE
"SMIM1",FALSE
"HGH1",TRUE
"RPL39P3",TRUE
"LINC00601",TRUE
"SRP14P3",FALSE
"PPP1R3E",TRUE
"TSPY26P",TRUE
"DANT2",TRUE
"ITGA9-AS1",TRUE
"KDM5C-IT1",TRUE
"HM13-IT1",TRUE
"LINC00957",TRUE
"DUSP8P5",TRUE
"RPS29P16",FALSE
"DNM1P51",TRUE
"SSR4P1",TRUE
"SNORA71B",TRUE
"LINC01278",TRUE
"SMIM27",TRUE
"RPL21P135",FALSE
"CASP17P",TRUE
"RPS2P7",TRUE
"L3MBTL2-AS1",TRUE
"HIPK1-AS1",FALSE
"AGAP1-IT1",TRUE
"MSC-AS1",TRUE
"LINC00402",FALSE
"RPL6P27",TRUE
"NFAM1",TRUE
"GAPDHP65",TRUE
"GNAS-AS1",TRUE
"LINC01102",TRUE
"NSRP1P1",TRUE
"RPL36AP33",TRUE
"LINC00494",FALSE
"RNF148",FALSE
"MXRA5Y",FALSE
"H3P6",TRUE
"PCBP2P1",FALSE
"LINC00894",TRUE
"DICER1-AS1",TRUE
"KIAA0040",TRUE
"LINC00607",TRUE
"ZNRF3-IT1",TRUE
"IFITM4P",FALSE
"OLMALINC",TRUE
"BHLHE40-AS1",FALSE
"B3GALT4",TRUE
"LINC00941",FALSE
"TSPEAR-AS1",FALSE
"TM4SF19-AS1",FALSE
"CPB2-AS1",TRUE
"RHOA-IT1",TRUE
"MTCO2P11",TRUE
"ASH1L-AS1",TRUE
"ZNF815P",TRUE
"TTC28-AS1",TRUE
"PNMA6A",TRUE
"LINC01814",FALSE
"GAPDHP14",TRUE
"RPL17P36",FALSE
"LINC01447",FALSE
"ELFN1-AS1",FALSE
"COX10-AS1",TRUE
"ZBTB22",TRUE
"TMEM147-AS1",TRUE
"TCEA1P4",TRUE
"GJA6P",FALSE
"KDM4A-AS1",TRUE
"LINC01376",TRUE
"MTND4P14",TRUE
"ZBED5",TRUE
"RPL34P34",FALSE
"FMR1-IT1",TRUE
"POU5F1P5",TRUE
"DDX11L2",FALSE
"VLDLR-AS1",TRUE
"LINC01134",TRUE
"MFF-DT",TRUE
"FAM157A",FALSE
"GCNT1P1",FALSE
"LINC01945",FALSE
"EIF2S2P3",FALSE
"LINC00896",TRUE
"LINC01695",FALSE
"RC3H1-IT1",TRUE
"RNF217-AS1",FALSE
"RPL13AP5",TRUE
"HNRNPA3P5",FALSE
"TCF3P1",FALSE
"SNRPGP14",TRUE
"ZNF853",TRUE
"PITPNA-AS1",TRUE
"KRT18P5",TRUE
"MAP3K2-DT",FALSE
"ARHGEF38",FALSE
"LINC01010",FALSE
"DAPK1-IT1",TRUE
"LINC01844",FALSE
"CLIC4P1",FALSE
"MKLN1-AS",TRUE
"INTS6-AS1",TRUE
"LINC00299",FALSE
"RPL24P8",TRUE
"RPS3AP12",FALSE
"SNX25P1",FALSE
"ELOA-AS1",TRUE
"ANKRD20A7P",FALSE
"LINC01563",FALSE
"CBR3-AS1",TRUE
"LINC01474",FALSE
"NIFK-AS1",TRUE
"MIR600HG",TRUE
"LINC01852",TRUE
"ZDHHC20-IT1",FALSE
"ANKRD44-IT1",TRUE
"RPL12P12",FALSE
"ZNRF2P1",TRUE
"LINC01812",FALSE
"ZEB1-AS1",TRUE
"NDUFA6-DT",TRUE
"NANOGP4",TRUE
"IGHJ3P",TRUE
"HAND2-AS1",FALSE
"DDX10P1",TRUE
"ZNF503-AS2",TRUE
"B3GNT9",TRUE
"NR2F1-AS1",TRUE
"CDKN2AIPNL",TRUE
"LINC01968",FALSE
"BMS1P10",TRUE
"LINC00987",TRUE
"FTH1P11",TRUE
"SMG1P1",TRUE
"TTN-AS1",TRUE
"MTCO1P19",FALSE
"CDC42P6",TRUE
"LINC01358",FALSE
"BRWD1-IT1",TRUE
"HOXD-AS2",TRUE
"NDUFA9P1",TRUE
"FOXD2-AS1",TRUE
"CECR7",TRUE
"ZNF737",TRUE
"RGL2",TRUE
"LINC01684",FALSE
"C10orf143",TRUE
"LINC01409",TRUE
"WAKMAR2",TRUE
"RPSAP15",TRUE
"DGCR5",TRUE
"NONOP2",FALSE
"HLA-DQA2",TRUE
"TTLL11-IT1",FALSE
"MTCO2P19",FALSE
"LINC02245",FALSE
"HLCS-IT1",TRUE
"KIFC1",TRUE
"C2orf74",TRUE
"MTCO3P11",TRUE
"RNF216-IT1",TRUE
"EEF1A1P30",FALSE
"FAM200B",TRUE
"ADAMTSL4-AS2",TRUE
"LINC01318",TRUE
"MACORIS",TRUE
"RPS15AP29",TRUE
"PHKA2-AS1",FALSE
"FAM21FP",FALSE
"NFYAP1",TRUE
"LINC00674",TRUE
"LINC01473",TRUE
"NALT1",FALSE
"RPL23AP32",TRUE
"KLF7-IT1",TRUE
"NFIA-AS2",FALSE
"LINC01238",TRUE
"PRKCQ-AS1",TRUE
"LINC00649",TRUE
"MTCO1P12",TRUE
"FLG-AS1",TRUE
"KCNMB2-AS1",TRUE
"PTENP1",TRUE
"LINC01679",TRUE
"RPL35P1",FALSE
"LINC02257",FALSE
"ZEB2-AS1",FALSE
"LRRC37A2",TRUE
"ABCA17P",TRUE
"RPL9P7",TRUE
"GOLGA2P5",TRUE
"LINC01410",TRUE
"LINC00426",TRUE
"TNFRSF14-AS1",TRUE
"CD81-AS1",FALSE
"PAXBP1-AS1",TRUE
"TMEM250",TRUE
"OR7E7P",TRUE
"SLC35E1P1",TRUE
"SNORD11",TRUE
"SNORA13",TRUE
"RNU7-57P",TRUE
"SNORD105B",TRUE
"RNU1-88P",TRUE
"SNORD4A",TRUE
"SCARNA7",TRUE
"RNU7-80P",TRUE
"RNVU1-2",TRUE
"RNU7-45P",TRUE
"SCARNA18",TRUE
"SNORA47",TRUE
"SNORD13",TRUE
"RNU7-119P",FALSE
"NCK1-DT",TRUE
"RPS20P22",TRUE
"RBM43P1",TRUE
"TXNDC5",TRUE
"RPL21P10",FALSE
"RNF103",TRUE
"RBM14",TRUE
"ALKBH6",TRUE
"PCDHA13",FALSE
"RN7SL535P",TRUE
"RN7SL752P",TRUE
"ST3GAL6-AS1",TRUE
"KLHL41",TRUE
"CASTOR3",TRUE
"RPL37P2",FALSE
"KMT2E-AS1",TRUE
"PSMD6-AS2",TRUE
"NME1",TRUE
"TNFSF12",TRUE
"CDRT4",TRUE
"APOBEC3G",TRUE
"WBP1",TRUE
"MRPS17",TRUE
"RN7SL754P",FALSE
"SUGT1P3",TRUE
"IGKV1-6",FALSE
"GET4",TRUE
"GAPDHP27",TRUE
"PARGP1",TRUE
"RN7SL608P",TRUE
"C1orf226",TRUE
"RN7SL674P",TRUE
"ADSL",TRUE
"PRKAG2-AS1",FALSE
"IGKV3-20",TRUE
"LILRA4",FALSE
"IGKV1D-33",FALSE
"LILRA2",FALSE
"LINC00888",TRUE
"LNCSRLR",FALSE
"AMY2B",TRUE
"IGHJ4",FALSE
"RPS3AP32",FALSE
"LY6G5B",TRUE
"PSMB9",TRUE
"RPSAP12",TRUE
"RN7SL146P",FALSE
"ERICH6-AS1",FALSE
"PCDHGC3",TRUE
"ZNF542P",TRUE
"COX19",TRUE
"RN7SL587P",FALSE
"GAPDHP33",TRUE
"TCAM1P",FALSE
"GHRLOS",TRUE
"ACAD11",TRUE
"RN7SL481P",TRUE
"RPS2P5",TRUE
"PPIL3",TRUE
"RPL23AP7",TRUE
"RPL13P5",FALSE
"IGKV1-17",FALSE
"RPL9P3",FALSE
"RPL5P23",FALSE
"SAMMSON",TRUE
"LRRFIP1P1",TRUE
"RPS12P27",TRUE
"FOXO3B",TRUE
"RN7SL472P",FALSE
"RPS19P3",TRUE
"RN7SL116P",FALSE
"RN7SL38P",TRUE
"SETP14",FALSE
"CDKN2B-AS1",TRUE
"RPL34P18",TRUE
"RPL21P123",TRUE
"AQP1",TRUE
"RN7SL258P",TRUE
"RPS6P25",TRUE
"ISY1",TRUE
"PNMA2",TRUE
"LRRD1",FALSE
"RN7SL559P",TRUE
"PCDHGC5",TRUE
"ARHGEF25",TRUE
"RN7SL23P",FALSE
"TMEM189",TRUE
"RN7SL328P",TRUE
"RDH14",TRUE
"IGKV1-16",FALSE
"RN7SL128P",TRUE
"LINC00886",TRUE
"PLCXD2",TRUE
"RPL15P2",TRUE
"RN7SL751P",TRUE
"MIF",TRUE
"TPM3P9",TRUE
"RPL29P24",FALSE
"NSUN6",TRUE
"RPL5P1",TRUE
"HLA-DOB",TRUE
"RPL29P14",TRUE
"HMGN1P8",TRUE
"YAE1",TRUE
"LINC00877",FALSE
"LINC02024",TRUE
"RN7SL809P",TRUE
"RN7SL801P",TRUE
"CRCP",TRUE
"LINC02614",TRUE
"IGKV2-24",FALSE
"SUCLG2-AS1",TRUE
"RPL36A",TRUE
"IGKV3-11",TRUE
"PDXP",FALSE
"RPL36AP43",FALSE
"RPP21",TRUE
"RN7SL344P",FALSE
"CD302",TRUE
"EGFL8",TRUE
"RN7SL505P",FALSE
"EEF1A1P25",TRUE
"ATP5MF",TRUE
"PTPRG-AS1",TRUE
"HSPA8P9",FALSE
"ARHGAP8",TRUE
"RN7SL767P",FALSE
"AGGF1P3",FALSE
"ACTG1P20",FALSE
"GUSBP2",TRUE
"ARPC4",TRUE
"RN7SL482P",FALSE
"RPS23P6",FALSE
"INMT",TRUE
"ADAMTS9-AS2",TRUE
"ARPC1A",TRUE
"RPL7AP30",TRUE
"RPSAP52",FALSE
"IGKV1-9",FALSE
"LINC00893",TRUE
"ATP5PO",TRUE
"PLEKHO2",TRUE
"C8orf58",TRUE
"PISD",TRUE
"HOGA1",TRUE
"RN7SL517P",TRUE
"RPS20P20",TRUE
"PWP2",TRUE
"PI4KA",TRUE
"ELOCP19",TRUE
"RN7SL566P",TRUE
"WWTR1-IT1",TRUE
"PRR34-AS1",TRUE
"RN7SL68P",TRUE
"HYPK",TRUE
"RPS3AP49",FALSE
"RPL7AP6",TRUE
"IGKV1-33",FALSE
"RPS20P33",FALSE
"MUC20-OT1",TRUE
"FOXP1-IT1",TRUE
"RPL9P32",TRUE
"AMACR",TRUE
"SNHG3",TRUE
"RPL5P13",TRUE
"RN7SL329P",TRUE
"RN7SL127P",TRUE
"CRYZL2P",TRUE
"ARFGAP3",TRUE
"RN7SL57P",TRUE
"LINC00996",TRUE
"C22orf39",TRUE
"PEG10",TRUE
"STAG3L5P",TRUE
"RN7SL683P",FALSE
"INHCAP",FALSE
"BMS1P4",TRUE
"IGKV1-39",FALSE
"EIF6",TRUE
"PCDHGC4",TRUE
"IGHJ5",TRUE
"MRPL20",TRUE
"ARPIN",TRUE
"LINC00960",FALSE
"IGKV2D-28",FALSE
"RPL21P11",FALSE
"HLA-DMB",TRUE
"RPS3AP34",FALSE
"DECR2",TRUE
"CNTF",TRUE
"RN7SL362P",FALSE
"CCDC169",TRUE
"UQCRHP4",FALSE
"RTL5",TRUE
"LINC00882",FALSE
"ZNF702P",TRUE
"LINC02050",FALSE
"AP5Z1",TRUE
"SOX2-OT",TRUE
"RN7SL846P",TRUE
"RPS26P21",TRUE
"RN7SL749P",TRUE
"RN7SL812P",TRUE
"RN7SL449P",TRUE
"RPL7P49",TRUE
"FTH1P23",TRUE
"FTH1P4",FALSE
"RN7SL239P",FALSE
"RN7SL16P",TRUE
"RN7SL810P",TRUE
"ARHGEF26-AS1",TRUE
"RPS3P7",TRUE
"PSG4",FALSE
"MRPL33",TRUE
"MICAL3",TRUE
"RPSAP36",TRUE
"PCDHAC2",TRUE
"IGKV2-30",FALSE
"STON1",TRUE
"RN7SL558P",TRUE
"IGKV2D-29",FALSE
"PRAF2",TRUE
"IGKV1-12",FALSE
"STMP1",TRUE
"FGF14-IT1",FALSE
"PTPRVP",TRUE
"KCTD7",TRUE
"EFNA4",TRUE
"RN7SL173P",TRUE
"RN7SL141P",TRUE
"MRPS31P5",TRUE
"RPL23AP49",FALSE
"C4orf48",TRUE
"IGKV1-5",TRUE
"NAA80",TRUE
"RPS26P28",TRUE
"HNRNPKP4",TRUE
"UPK3B",TRUE
"RPS2P44",TRUE
"IL10RB",TRUE
"CFB",TRUE
"RN7SL834P",TRUE
"ZNF487",TRUE
"WDR92",TRUE
"NME2",TRUE
"DUBR",TRUE
"PLA2G4B",FALSE
"NPIPB5",TRUE
"TTC4",TRUE
"RPLP0P2",TRUE
"EEF1A1P10",FALSE
"HLA-L",TRUE
"ST13P15",FALSE
"JMJD7",TRUE
"APOBEC3D",FALSE
"RN7SL67P",TRUE
"OR2A7",FALSE
"RN7SL430P",FALSE
"MRPS6",TRUE
"ZNF512",TRUE
"RN7SL308P",TRUE
"RPL23AP65",TRUE
"PPIEL",TRUE
"ENO1P3",TRUE
"ACY1",TRUE
"NFS1",TRUE
"FAM86DP",TRUE
"DDOST",TRUE
"LINC01011",TRUE
"RN7SL735P",FALSE
"TMEM199",TRUE
"RPS4XP6",TRUE
"RPS4XP17",FALSE
"PDCL3P4",FALSE
"RPSAP51",FALSE
"P2RY11",TRUE
"PPIAP71",FALSE
"TMEM141",TRUE
"ARHGEF35-AS1",TRUE
"RN7SL81P",TRUE
"RN7SL151P",TRUE
"RN7SL698P",TRUE
"IFITM10",TRUE
"RN7SL130P",FALSE
"DBNDD2",TRUE
"GATA2-AS1",TRUE
"RN7SL36P",FALSE
"LINC00698",FALSE
"RN7SL398P",FALSE
"RN7SL145P",FALSE
"RPL7P23",TRUE
"RPS2P45",TRUE
"ETV5",TRUE
"IGKV3-15",TRUE
"RBM12",TRUE
"OR2A1-AS1",FALSE
"LILRA6",TRUE
"SCARF2",TRUE
"APOBEC3C",TRUE
"KCNK15-AS1",FALSE
"IGKV1-27",FALSE
"CCDC13",TRUE
"ASPRV1",TRUE
"MIATNB",TRUE
"TPTEP2",TRUE
"RN7SL396P",TRUE
"FCGR2C",TRUE
"UBE2V1",TRUE
"PTCHD4",TRUE
"ASLP1",TRUE
"C4A",TRUE
"HBB",TRUE
"N4BP2L2",TRUE
"GABPB1-AS1",TRUE
"MTCYBP18",TRUE
"LIFR-AS1",FALSE
"LINC00847",TRUE
"A2M-AS1",TRUE
"MALINC1",TRUE
"RNF139-AS1",TRUE
"LINC00861",TRUE
"EEF1A1P4",TRUE
"USP2-AS1",FALSE
"SAP30L-AS1",TRUE
"LINC02447",FALSE
"LINC00461",TRUE
"NEAT1",TRUE
"RORA-AS1",TRUE
"SCAMP1-AS1",TRUE
"FAM111A-DT",TRUE
"BDNF-AS",TRUE
"DDX11-AS1",TRUE
"ZNF585B",TRUE
"FRG1-DT",FALSE
"CRNDE",TRUE
"LINC02226",FALSE
"CEBPA",TRUE
"RAD51-AS1",TRUE
"NSMCE1-DT",TRUE
"SNHG6",TRUE
"LINC01184",TRUE
"RAB30-DT",TRUE
"NUDT16P1",FALSE
"LINC02325",FALSE
"LINC00900",TRUE
"RRS1-AS1",TRUE
"KCTD21-AS1",TRUE
"LINC01550",TRUE
"UBR5-AS1",TRUE
"SBF2-AS1",TRUE
"PRR7-AS1",TRUE
"EXTL3-AS1",TRUE
"LINC002481",FALSE
"UBE2D3-AS1",FALSE
"CACNA1C-AS1",FALSE
"RASSF8-AS1",TRUE
"H2AJ",TRUE
"DNM1P35",TRUE
"LINC00920",TRUE
"UBAP1L",TRUE
"SOCS2-AS1",TRUE
"PGAM5",TRUE
"BAALC-AS1",TRUE
"SNHG10",TRUE
"MIR210HG",TRUE
"LINC01252",TRUE
"UBL7-AS1",TRUE
"ZBED5-AS1",TRUE
"ZCCHC3",TRUE
"LY6E-DT",TRUE
"TMED2-DT",TRUE
"DNAJC3-DT",TRUE
"GPRC5D-AS1",FALSE
"MIR4458HG",TRUE
"OIP5-AS1",TRUE
"CKMT2-AS1",TRUE
"SPTY2D1OS",TRUE
"TWF2",TRUE
"CPEB2-DT",TRUE
"MARS2",TRUE
"MTND4P12",TRUE
"STX18-AS1",TRUE
"USP51",TRUE
"PCED1B-AS1",TRUE
"NR2F2-AS1",TRUE
"TMEM161B-AS1",TRUE
"SEC24B-AS1",TRUE
"LINC00926",TRUE
"NRAV",TRUE
"FAM13A-AS1",TRUE
"UBA6-AS1",TRUE
"NNT-AS1",TRUE
"BCKDHA",FALSE
"SMURF2P1",FALSE
"RRN3P1",TRUE
"LINC01194",TRUE
"STX18-IT1",TRUE
"SLIT2-IT1",FALSE
"TRIM52-AS1",TRUE
"CCNL2P1",FALSE
"MEF2C-AS1",TRUE
"LUCAT1",TRUE
"CDK11B",TRUE
"WHAMMP2",TRUE
"LINC00504",TRUE
"LINC02434",FALSE
"PCDHAC1",TRUE
"FAM198B-AS1",TRUE
"LINC01197",FALSE
"SEMA6A-AS1",TRUE
"PCDHGB8P",TRUE
"BACH1-IT1",TRUE
"POU5F2",TRUE
"ABHD14A",TRUE
"LINC02062",FALSE
"SRP14-AS1",TRUE
"MTATP6P1",TRUE
"GDNF-AS1",TRUE
"STIMATE-MUSTN1",FALSE
"DSTNP2",TRUE
"HSPA8P4",TRUE
"GAPDHP40",FALSE
"RBM14-RBM4",TRUE
"ARHGAP22-IT1",FALSE
"HAS2-AS1",FALSE
"THUMPD3P1",FALSE
"C4orf54",TRUE
"LINC02432",FALSE
"USP46-AS1",TRUE
"FMN1",TRUE
"HMGB1P21",TRUE
"MTND5P11",TRUE
"KRT8P46",TRUE
"SNORA58",TRUE
"ZNF436-AS1",TRUE
"LINC02362",TRUE
"HAUS5",TRUE
"MTND6P4",TRUE
"PRDX2P3",TRUE
"PCDHA11",TRUE
"ATP1B1P1",TRUE
"ATP5MGL",TRUE
"SUCLG2P4",FALSE
"TMEM150C",TRUE
"EEF1A1P9",TRUE
"PDLIM1P4",TRUE
"LINC01411",FALSE
"LINC01088",FALSE
"LINC02405",FALSE
"UGDH-AS1",TRUE
"NPM1P27",TRUE
"LINC01060",TRUE
"CASC9",FALSE
"NAIP",TRUE
"ZNF286B",TRUE
"LINC01091",TRUE
"ZNF324B",TRUE
"RBBP4P1",TRUE
"LINC01438",FALSE
"LINC01234",TRUE
"PPP2R2B-IT1",FALSE
"SERBP1P5",FALSE
"TNRC18P1",TRUE
"CARMN",TRUE
"NOP14-AS1",TRUE
"SRD5A3-AS1",FALSE
"ZNF564",TRUE
"OSMR-AS1",TRUE
"SCARNA22",TRUE
"EAF1-AS1",FALSE
"LINC00964",FALSE
"GAPDHP76",TRUE
"LINC02021",TRUE
"KRT18P31",TRUE
"HS3ST5",FALSE
"EEF1A1P19",TRUE
"PVT1",TRUE
"PDCD6",TRUE
"RAC1P2",TRUE
"XBP1P1",FALSE
"TMEM158",TRUE
"YJEFN3",TRUE
"SH3TC2-DT",TRUE
"DNAH10OS",TRUE
"PCDHA10",TRUE
"LINC02232",FALSE
"RASA2-IT1",TRUE
"EEF1A1P13",TRUE
"LINC02199",TRUE
"PKD1P6",TRUE
"NCAPGP1",TRUE
"MRPS31P4",TRUE
"LINC02762",TRUE
"TRMT9B",TRUE
"ZNF718",TRUE
"SMIM20",TRUE
"KDELC1P1",FALSE
"PURPL",TRUE
"STK32A-AS1",TRUE
"MTND6P2",FALSE
"AACSP1",FALSE
"LRRC37BP1",TRUE
"CHCHD10",TRUE
"FAM218A",FALSE
"GPR162",TRUE
"LINC02125",FALSE
"KRT8P33",TRUE
"LINC01303",FALSE
"ATP6V1E2",TRUE
"NTAN1P2",TRUE
"GLI4",TRUE
"LINC01182",FALSE
"SELENOP",TRUE
"LINC02381",TRUE
"SNHG18",TRUE
"ZBED3-AS1",TRUE
"EPHA5-AS1",TRUE
"RNF138P1",TRUE
"METTL21EP",FALSE
"GMDS-DT",TRUE
"GAPDHP66",FALSE
"GLUD1P3",TRUE
"LINC02600",TRUE
"ZFPM2-AS1",TRUE
"THAP9-AS1",TRUE
"LINC02163",TRUE
"NUDT19P5",FALSE
"BMS1P2",TRUE
"MRPS30-DT",TRUE
"LINC00589",TRUE
"ZNF674",TRUE
"LINC00923",FALSE
"GOLGA5P1",TRUE
"ZNF345",TRUE
"LINC02228",TRUE
"ALG1L2",FALSE
"LINC02384",FALSE
"SHANK3",TRUE
"LINC02728",TRUE
"HSPD1P11",TRUE
"LINC02315",FALSE
"ZNF550",TRUE
"LINC00499",FALSE
"LINC01301",FALSE
"LINC02615",TRUE
"RTEL1P1",TRUE
"LINC01094",TRUE
"RPL32P3",TRUE
"FOXD1",TRUE
"PPIAP11",TRUE
"IGKV1D-39",FALSE
"MALAT1",TRUE
"ABCA11P",TRUE
"NAIPP4",TRUE
"PCDHA12",FALSE
"ZNF346-IT1",TRUE
"BRCC3P1",FALSE
"FAM86EP",TRUE
"RNU6-998P",FALSE
"SCARNA8",TRUE
"RNU4ATAC11P",FALSE
"RNA5SP217",FALSE
"RNU6-377P",FALSE
"SCARNA6",TRUE
"SCARNA23",TRUE
"SCARNA11",TRUE
"RNU6-123P",FALSE
"RNU4ATAC18P",FALSE
"SCARNA5",TRUE
"RNU6-1045P",FALSE
"RNU7-40P",FALSE
"SNORA74D",TRUE
"RN7SKP253",FALSE
"RNY4",TRUE
"RNU6-118P",FALSE
"RNU6-638P",TRUE
"RNU6-107P",TRUE
"SCARNA13",TRUE
"RNU6-126P",TRUE
"RNA5SP33",FALSE
"RNU6-1016P",TRUE
"RNU6-759P",TRUE
"SCARNA20",TRUE
"RNU6ATAC24P",FALSE
"RNU6-122P",FALSE
"RNA5SP268",FALSE
"SCARNA14",FALSE
"RNU6-341P",TRUE
"SCARNA21",TRUE
"RNA5SP101",FALSE
"SCARNA3",TRUE
"SCARNA1",TRUE
"RN7SKP234",TRUE
"RNU7-181P",FALSE
"PCDHGA12",TRUE
"KLF3P1",TRUE
"C8orf88",TRUE
"SHLD3",TRUE
"CCDC71L",TRUE
"HOXA10",TRUE
"TMEM200B",TRUE
"PCDHGB6",TRUE
"AZIN1-AS1",TRUE
"TUG1",TRUE
"TRNP1",TRUE
"PCAT1",TRUE
"PCDHGA5",TRUE
"LINC02099",TRUE
"HMGB1P41",TRUE
"MIR3142HG",TRUE
"PCDHGA7",TRUE
"FAM86HP",TRUE
"HOXA-AS2",TRUE
"SLC10A5",TRUE
"EIF5AL1",TRUE
"ALG11",TRUE
"MINCR",TRUE
"ATXN7L3B",TRUE
"PRKDC",TRUE
"PCDHGA6",TRUE
"OTUD6B-AS1",TRUE
"LNCOC1",FALSE
"IGHGP",TRUE
"PCDHGA8",TRUE
"TPTE2P1",TRUE
"UTP14C",TRUE
"PCDHGA10",TRUE
"PCDHGA11",TRUE
"LINC01608",FALSE
"PCDHGB2",TRUE
"THAP12P7",TRUE
"PCDHGB4",TRUE
"CLDN23",TRUE
"ZNF260",TRUE
"IGHEP2",FALSE
"LYN",TRUE
"LINC02055",FALSE
"RBPMS-AS1",TRUE
"PCDHGB7",TRUE
"CRYZL2P-SEC16B",TRUE
"NPIPB11",TRUE
"PCDHGB1",TRUE
"PCDHGA3",TRUE
"MIR151A",FALSE
"MIR2052HG",FALSE
"HOXA-AS3",FALSE
"RHPN1-AS1",TRUE
"LRRC24",TRUE
"SIGLEC14",TRUE
"LINC02732",FALSE
"ALG9-IT1",FALSE
"PPIAP41",TRUE
"AP5B1",TRUE
"CHMP4A",TRUE
"PABPC4L",TRUE
"MAGEL2",TRUE
"CSNK2A3",FALSE
"SMG1P6",TRUE
"WAC-AS1",TRUE
"MTCYBP41",FALSE
"LINC02715",FALSE
"PKD1P5",TRUE
"FPGT",TRUE
"IGLL5",FALSE
"MEX3A",TRUE
"NAP1L1P1",FALSE
"FAR1-IT1",TRUE
"LMNTD2-AS1",FALSE
"SLC22A18AS",FALSE
"GVINP1",TRUE
"MPV17L2",TRUE
"TMEM9B-AS1",TRUE
"SUGT1P4-STRA6LP",TRUE
"BORCS8",TRUE
"SCARNA9",TRUE
"RSF1-IT2",TRUE
"DPP3",TRUE
"STX16-NPEPL1",TRUE
"ANKHD1-EIF4EBP3",TRUE
"BRK1",TRUE
"CHMP1B",TRUE
"CCDC84-DT",TRUE
"EID3",TRUE
"HTD2",FALSE
"RNY1P9",TRUE
"HSPE1P18",FALSE
"PDXDC2P",TRUE
"SNHG9",TRUE
"PGAM1P8",FALSE
"MIR100HG",TRUE
"H3P34",FALSE
"EID1",TRUE
"NOX5",TRUE
"TAS2R43",TRUE
"PCDHA3",FALSE
"RSF1-IT1",TRUE
"EBLN2",TRUE
"LINC00681",FALSE
"POLR2M",TRUE
"ZNF252P-AS1",TRUE
"FDXACB1",TRUE
"BRWD1-AS2",FALSE
"MIR9-3HG",TRUE
"PCDHB17P",FALSE
"PABPC1P4",TRUE
"TRIL",TRUE
"SNHG1",TRUE
"IFNG-AS1",TRUE
"AGAP2-AS1",TRUE
"LINC02422",FALSE
"GOLGA2P10",TRUE
"KLRC4-KLRK1",FALSE
"MTRNR2L8",TRUE
"TIFAB",TRUE
"TAS2R20",TRUE
"PXN-AS1",TRUE
"LINC00346",TRUE
"TOMM20P2",FALSE
"TAS2R63P",TRUE
"LINC02446",FALSE
"PAPPA-AS1",TRUE
"CTSO",TRUE
"COA8",TRUE
"TRAPPC2B",TRUE
"URB1-AS1",TRUE
"ZNF432",TRUE
"LINC01152",TRUE
"LINC00944",FALSE
"TAS2R30",TRUE
"TSPAN9-IT1",FALSE
"ZNF10",TRUE
"ZNF486",TRUE
"SMIM3",TRUE
"LINC02454",TRUE
"HMBS",TRUE
"TAS2R64P",TRUE
"RPL41P2",TRUE
"HSPA8P5",FALSE
"LINC02552",FALSE
"TAS2R31",TRUE
"DND1",FALSE
"POLG2",TRUE
"SMIM10L1",TRUE
"LINC02361",FALSE
"CYP2B7P",FALSE
"ZBTB11-AS1",TRUE
"KLRA1P",TRUE
"ZNF350",TRUE
"BTG1P1",FALSE
"CACNA1C-IT3",TRUE
"KDM2B-DT",FALSE
"ZNF253",TRUE
"C17orf100",TRUE
"CAPNS2",FALSE
"DENND11",TRUE
"LSM14A",TRUE
"RRN3P3",TRUE
"TMPO-AS1",TRUE
"LINC02293",FALSE
"GATC",TRUE
"LINC01619",TRUE
"PHBP19",TRUE
"ZNF271P",TRUE
"ZBED6",TRUE
"MGAM",FALSE
"FNTB",TRUE
"PPP1R12A-AS1",TRUE
"HSPD1P4",TRUE
"ZNF625",FALSE
"OVCH1-AS1",TRUE
"MIR4307HG",FALSE
"PSMA3-AS1",TRUE
"G2E3-AS1",FALSE
"GIHCG",TRUE
"LBX2-AS1",TRUE
"INAFM1",TRUE
"CNPY2",TRUE
"MGAM2",TRUE
"EIF4A1P4",FALSE
"FNBP1P1",TRUE
"CNOT2-DT",TRUE
"C1GALT1P1",FALSE
"OTOAP1",FALSE
"LINC02588",FALSE
"CUX1",TRUE
"P2RX5-TAX1BP3",FALSE
"LINC02327",FALSE
"BCDIN3D-AS1",TRUE
"MAP1LC3B2",FALSE
"MKRN9P",FALSE
"CLEC5A",TRUE
"POLR2KP1",TRUE
"CHURC1",TRUE
"VASH1-AS1",TRUE
"C17orf49",TRUE
"PCNPP1",FALSE
"RTEL1",TRUE
"PPT2-EGFL8",TRUE
"ZNF578",TRUE
"PDF",FALSE
"LINC00641",TRUE
"CHMP4BP1",TRUE
"LINC02251",TRUE
"SPESP1",TRUE
"DIO3OS",FALSE
"BLZF2P",TRUE
"LINC02303",FALSE
"RPL21P5",FALSE
"BCL2L2-PABPN1",FALSE
"ARHGAP5-AS1",TRUE
"HIF1A-AS3",FALSE
"LINC00638",TRUE
"SRP54-AS1",TRUE
"SLC25A21-AS1",TRUE
"PRC1-AS1",FALSE
"LINC02328",TRUE
"H2AZ2P1",FALSE
"LINC01579",FALSE
"LINC00520",TRUE
"LINC02289",TRUE
"MC1R",TRUE
"LINC01146",FALSE
"FDPSP3",FALSE
"CEP95",TRUE
"HNRNPCP1",FALSE
"LINC02691",FALSE
"FOXN3-AS1",FALSE
"TUBB3",TRUE
"LINC02302",FALSE
"FPGT-TNNI3K",TRUE
"MTCO1P2",FALSE
"LINC00639",TRUE
"LINC00648",FALSE
"CAP2P1",TRUE
"ADAM20P1",TRUE
"HMBOX1-IT1",TRUE
"PRKXP1",TRUE
"ITGB3",TRUE
"USP3-AS1",TRUE
"ZNF710-AS1",TRUE
"CSPG4P12",TRUE
"ACTG1P17",TRUE
"INAFM2",TRUE
"TMC3-AS1",TRUE
"DCAF13P3",FALSE
"MTND5P32",FALSE
"CTXND1",TRUE
"UBE2Q2P2",TRUE
"THTPA",TRUE
"LINC02352",TRUE
"CPEB1-AS1",TRUE
"MRPL46",TRUE
"HNRNPA1P5",FALSE
"BLID",FALSE
"TYRO3P",TRUE
"RBM17P4",FALSE
"EEF1A1P22",TRUE
"ST20-AS1",TRUE
"DNM1P47",TRUE
"IQCH-AS1",TRUE
"HSP90B2P",TRUE
"CSPG4P11",TRUE
"HSPE1P3",FALSE
"LINC02109",FALSE
"SLC22A31",FALSE
"LYPD8",TRUE
"HERC2P10",TRUE
"HNRNPLP2",TRUE
"RBM15B",TRUE
"HOXB7",TRUE
"NORAD",TRUE
"GOLGA2P11",FALSE
"MIR762HG",TRUE
"MMP2-AS1",FALSE
"CSPG4P13",TRUE
"CD2BP2-DT",FALSE
"KDM7A-DT",TRUE
"ZNRD2-AS1",TRUE
"SNHG19",TRUE
"MRC1",TRUE
"COX6CP1",TRUE
"HEXA-AS1",TRUE
"LINC00562",TRUE
"LINC02367",TRUE
"SCX",FALSE
"TPRKBP2",FALSE
"NBAT1",TRUE
"C16orf95",FALSE
"FTLP14",FALSE
"FAM157C",TRUE
"MT1L",FALSE
"ERVK13-1",TRUE
"STAM-AS1",TRUE
"SNAI3-AS1",TRUE
"HERC2P5",FALSE
"ANKRD20A1",FALSE
"SLC7A5P1",TRUE
"LINC02280",FALSE
"LINC01963",TRUE
"CEROX1",TRUE
"FBXL19-AS1",TRUE
"HCCAT5",FALSE
"LINC00565",FALSE
"CCPG1",TRUE
"LINC02193",FALSE
"LINC01311",TRUE
"LINC00622",TRUE
"CAPN10-DT",TRUE
"LINC01572",TRUE
"LINC02256",FALSE
"LINC02516",TRUE
"ZNNT1",TRUE
"TMEM178B",TRUE
"LINC02473",FALSE
"RBFADN",TRUE
"EPPK1",TRUE
"ZNF865",TRUE
"BOP1",TRUE
"ATP2C2-AS1",TRUE
"FIGNL2",TRUE
"LARP4P",TRUE
"LINC01355",TRUE
"MANEA-DT",TRUE
"PECAM1",TRUE
"VPS9D1-AS1",TRUE
"PDCD6IPP2",TRUE
"MAFTRR",FALSE
"HSPE1P5",FALSE
"TEN1-CDK3",FALSE
"TMEM202-AS1",TRUE
"LINC01003",TRUE
"PAN3-AS1",TRUE
"TBILA",TRUE
"SMG1P7",TRUE
"EEF1A1P38",TRUE
"HERC2P8",FALSE
"GAN",TRUE
"LINC02605",TRUE
"DISC1FP1",FALSE
"FRG2DP",TRUE
"H2BC20P",TRUE
"LINC02616",FALSE
"LOXL1-AS1",TRUE
"LINC00662",TRUE
"MIA",TRUE
"PCDHGA9",TRUE
"MMP25-AS1",TRUE
"DLGAP1-AS2",TRUE
"SNORD3B-2",TRUE
"PCDHB19P",FALSE
"LINC02175",TRUE
"OCLM",TRUE
"PCDHGB3",TRUE
"CORO7",TRUE
"HNRNPA1P16",FALSE
"MCUR1P1",TRUE
"MMP12",FALSE
"MIR193BHG",TRUE
"LINC01569",TRUE
"PCDHGA4",TRUE
"SPON1",TRUE
"LINC01977",FALSE
"MRPL12",TRUE
"MTCO1P40",TRUE
"CCNQ",TRUE
"ALOX12P2",FALSE
"GTF2I",TRUE
"ZNF234",TRUE
"ROCK1P1",TRUE
"RNF213-AS1",TRUE
"ZNF213-AS1",TRUE
"RPS7P1",TRUE
"TAPT1-AS1",TRUE
"TMEM220-AS1",TRUE
"RN7SL471P",TRUE
"SRSF8",TRUE
"ANTXRLP1",FALSE
"MAPK8IP1P2",TRUE
"MIR5699",TRUE
"IKBKE",TRUE
"UBBP4",TRUE
"MIR3936",FALSE
"MIR3161",FALSE
"RN7SL4P",TRUE
"LINC00667",TRUE
"MIR3679",FALSE
"RDM1P5",FALSE
"MIR4729",FALSE
"LINC00672",TRUE
"EEF1DP7",TRUE
"SNORD3A",TRUE
"NBPF11",TRUE
"RHEX",FALSE
"RN7SL381P",TRUE
"RN7SL784P",FALSE
"MIR4762",FALSE
"MIR3189",FALSE
"RNU4ATAC",TRUE
"LINC00909",TRUE
"ZNF236-DT",FALSE
"MIR2467",FALSE
"NOTCH2NLA",TRUE
"MIR3134",FALSE
"DYNLL2",TRUE
"MIR3125",TRUE
"RN7SL431P",TRUE
"MIR3183",FALSE
"MIR3648-2",FALSE
"MIR4714",TRUE
"OTUD7B",TRUE
"MIR5706",FALSE
"SUZ12P1",TRUE
"MIR4296",FALSE
"MIR4449",FALSE
"MIR4755",TRUE
"MIR5194",FALSE
"SEPTIN4-AS1",TRUE
"MIR3140",FALSE
"L3MBTL4-AS1",FALSE
"DPRXP4",TRUE
"MIR4441",FALSE
"SNORD3C",TRUE
"SH3GL1P2",TRUE
"MIR4431",FALSE
"RN7SL630P",FALSE
"AGAP12P",FALSE
"RN7SL246P",TRUE
"GJA5",TRUE
"MIR4731",FALSE
"RN7SL200P",FALSE
"SNORD53",FALSE
"TSPOAP1-AS1",TRUE
"SNORD3B-1",TRUE
"MIR4312",TRUE
"MIR3142",TRUE
"RBM8A",TRUE
"TIMM23",TRUE
"MIR3680-1",TRUE
"MIR548AQ",FALSE
"DTX2P1-UPK3BP1-PMS2P11",TRUE
"RNF115",TRUE
"MIR548V",FALSE
"FCGR1CP",FALSE
"MIR3164",FALSE
"TUFMP1",FALSE
"MIR4664",FALSE
"RARA-AS1",FALSE
"RPL17",TRUE
"SYPL1P2",TRUE
"MAFG-DT",TRUE
"SNORD53B",TRUE
"RN7SL648P",TRUE
"RN7SL5P",TRUE
"LINC01906",FALSE
"RN7SL49P",FALSE
"SEC22B",TRUE
"FSBP",TRUE
"MIR3174",FALSE
"LINC00668",FALSE
"RN7SL577P",FALSE
"TXNIP",TRUE
"MIR3671",TRUE
"MIR3609",TRUE
"SRGAP2",TRUE
"NDUFV2-AS1",TRUE
"POLRMTP1",FALSE
"BAHCC1",TRUE
"RASSF5",TRUE
"MIR5587",FALSE
"ZNF415P1",FALSE
"RHOT1P1",FALSE
"MIR5190",FALSE
"STRADA",TRUE
"MIR3176",TRUE
"NARF-IT1",TRUE
"LINC01909",TRUE
"KLF14",FALSE
"RN7SL138P",TRUE
"NBPF15",TRUE
"SNHG25",TRUE
"NCOA4",TRUE
"RN7SL118P",TRUE
"RN7SL220P",TRUE
"MRPS21",TRUE
"MIR3619",TRUE
"LINC01443",TRUE
"MIR3145",FALSE
"MYO15B",TRUE
"MIR3680-2",FALSE
"SH3GL1P1",TRUE
"GAPLINC",TRUE
"LINC00663",TRUE
"MRPL37P1",TRUE
"AARSD1",TRUE
"ZNF850",TRUE
"PTGES3L",FALSE
"LINC02080",FALSE
"NAGPA-AS1",FALSE
"ASB16-AS1",TRUE
"KRT18P61",FALSE
"ILF3-DT",TRUE
"ZNF561-AS1",TRUE
"PCAT19",FALSE
"PTP4A2P1",FALSE
"C17orf113",TRUE
"ZNF790-AS1",TRUE
"PARD6G-AS1",TRUE
"LINC01140",TRUE
"MAP3K14-AS1",TRUE
"TBX2-AS1",TRUE
"SNHG30",TRUE
"SNHG22",TRUE
"LINC00906",FALSE
"EIF5AP3",TRUE
"GEMIN7-AS1",FALSE
"SEC24AP1",TRUE
"KCNJ2-AS1",FALSE
"DM1-AS",FALSE
"ZNF56",TRUE
"ZNF571-AS1",TRUE
"ZNF887P",FALSE
"ZNF285",TRUE
"MIR497HG",TRUE
"S1PR2",TRUE
"MTCO2P2",TRUE
"LINC00907",TRUE
"LINC01482",FALSE
"ZNF224",TRUE
"LIN37",TRUE
"NDUFV2P1",FALSE
"NDUFA7",TRUE
"MZF1-AS1",TRUE
"ZNF460-AS1",TRUE
"CARD8-AS1",TRUE
"PTOV1-AS1",TRUE
"NBPF12",TRUE
"NAPA-AS1",FALSE
"SMIM17",FALSE
"FAM156A",TRUE
"VN1R81P",TRUE
"SMC5-AS1",TRUE
"FENDRR",FALSE
"MIR4453HG",TRUE
"VN1R83P",TRUE
"LINC00664",FALSE
"ADGRE4P",TRUE
"RPL7P50",FALSE
"A1BG-AS1",TRUE
"CSAG2",FALSE
"CSAG3",FALSE
"LINC01711",FALSE
"MAN1B1-DT",FALSE
"MTRNR2L12",TRUE
"TRABD2B",FALSE
"FBXO17",TRUE
"LINC00528",FALSE
"ZSCAN16-AS1",TRUE
"MAGIX",FALSE
"IKBKG",TRUE
"ZNF587B",TRUE
"PTOV1-AS2",TRUE
"RAB11B-AS1",TRUE
"SPIB",FALSE
"ERVK9-11",TRUE
"TMEM185A",TRUE
"RPARP-AS1",TRUE
"NBPF9",TRUE
"CCDC194",FALSE
"SLC25A53",TRUE
"KCNQ1OT1",TRUE
"ZNF528-AS1",TRUE
"IPO5P1",TRUE
"EGLN2",TRUE
"SNHG8",TRUE
"MIRLET7A1HG",TRUE
"PCF11-AS1",TRUE
"SPACA6P-AS",FALSE
"ZNF559-ZNF177",TRUE
"MIR222HG",TRUE
"GAS5-AS1",FALSE
"LINC01480",TRUE
"NCBP2AS2",TRUE
"NBPF8",TRUE
"POC1B-AS1",TRUE
"HMGN3-AS1",TRUE
"CAHM",FALSE
"LINC01235",FALSE
"IGHV3-30",TRUE
"NBPF14",TRUE
"TSIX",FALSE
"TAF15",TRUE
"BUD13P1",FALSE
"RNVU1-31",TRUE
"LINC00221",FALSE
"SRGAP2D",FALSE
"H4C14",FALSE
"RASL10B",TRUE
"TAS2R6P",FALSE
"LPP-AS2",TRUE
"NAMA",FALSE
"SCML2P2",TRUE
"ARMCX5-GPRASP2",TRUE
"LINC01050",FALSE
"TMCC1-AS1",TRUE
"HTATSF1P2",TRUE
"NBPF19",TRUE
"NBPF10",TRUE
"MMP28",FALSE
"CCL5",TRUE
"LIX1L",TRUE
"MILR1",TRUE
"ATP2B1-AS1",TRUE
"PLS3-AS1",TRUE
"LINC01215",FALSE
"SNORA35B",FALSE
"ANKRD34A",TRUE
"SNORD14A",TRUE
"GTF2H5",TRUE
"NFYC-AS1",TRUE
"ARF4-AS1",FALSE
"NBPF25P",TRUE
"CASC15",TRUE
"NUDT3",TRUE
"KMT2B",TRUE
"POM121C",TRUE
"CD24",TRUE
"LINC01145",TRUE
"RN7SL760P",TRUE
"SNORA28",TRUE
"GTF2IP13",TRUE
"ZNF595",TRUE
"MAGI1-IT1",TRUE
"DOC2B",TRUE
"GTF2IP20",TRUE
"PCDHB16",TRUE
"LINC02018",TRUE
"ADIRF-AS1",TRUE
"SAP30-DT",TRUE
"DCP1A",TRUE
"LINC01578",TRUE
"ATP6V1FNB",TRUE
"TBC1D8-AS1",FALSE
"OR7A19P",TRUE
"MYHAS",FALSE
"FAM106A",TRUE
"LINC02035",TRUE
"GRIN2B",FALSE
"NBPF26",TRUE
"LINC02604",TRUE
"LINC00653",TRUE
"SNURF",TRUE
"ZBTB8B",TRUE
"DGCR11",TRUE
"MICE",TRUE
"PAXIP1-AS1",TRUE
"LINC02019",TRUE
"AGBL1",FALSE
"H4C12",FALSE
"CWC25",TRUE
"EPOP",TRUE
"ZNHIT3",TRUE
"H2BC14",TRUE
"LHX1",FALSE
"CYFIP1",TRUE
"RNVU1-29",FALSE
"H2BC8",TRUE
"USP27X",TRUE
"TAF9",TRUE
"FRMD6-AS1",TRUE
"NOL12",TRUE
"H3C8",TRUE
"RN7SL2",TRUE
"LINC01138",TRUE
"FAM27E3",TRUE
"CASTOR2",TRUE
"ALOX15P1",FALSE
"NATD1",TRUE
"RNVU1-27",TRUE
"SOCS7",TRUE
"SYNGAP1-AS1",FALSE
"H2BC6",TRUE
"ZNF658",TRUE
"TMEM269",FALSE
"TPTE",FALSE
"RN7SL650P",FALSE
"NPEPPSP1",TRUE
"TBC1D3L",FALSE
"RCC1L",TRUE
"IGHV2-70",FALSE
"PI4KAP1",TRUE
"PCCA-DT",TRUE
"H4C6",TRUE
"H2BC17",TRUE
"H3C6",TRUE
"ZKSCAN2-DT",TRUE
"NKAIN3-IT1",TRUE
"RN7SL600P",TRUE
"H2AC12",TRUE
"ZNF280B",TRUE
"RN7SL166P",TRUE
"MLLT6",TRUE
"HMGB1P24",FALSE
"PPP4R3B",TRUE
"SYNRG",TRUE
"NUDT18",TRUE
"SNORD91B",FALSE
"ZNF2",TRUE
"H4C13",TRUE
"LENG9",TRUE
"H2AC15",TRUE
"CCL4",TRUE
"FGD5P1",FALSE
"PRAG1",TRUE
"H3C11",TRUE
"CCL18",TRUE
"FCGBP",TRUE
"LINC01730",FALSE
"RNVU1-19",TRUE
"STPG3-AS1",TRUE
"AATF",TRUE
"MIR3648-1",FALSE
"H2BC9",TRUE
"H3C1",TRUE
"ARHGAP23",TRUE
"TUBGCP5",TRUE
"U2AF1L5",TRUE
"SIK1B",TRUE
"DUSP14",TRUE
"UHRF1",TRUE
"ORAI1",TRUE
"CCL4L2",TRUE
"CCL3L1",TRUE
"FUT8-AS1",FALSE
"WHAMMP3",TRUE
"H4C9",TRUE
"PIK3R6",TRUE
"TADA2A",TRUE
"LINC02809",TRUE
"FRG1HP",TRUE
"PIP4K2B",TRUE
"H2AC14",TRUE
"CNTNAP3P2",TRUE
"H2BC3",TRUE
"PCDHGB9P",TRUE
"PCDHGB5",TRUE
"HERC2P2",TRUE
"RAB7B",TRUE
"DACH1",FALSE
"TRAJ36",FALSE
"CSPG4P10",TRUE
"RN7SL192P",TRUE
"IGHV4-4",FALSE
"H2AC16",TRUE
"H4C5",TRUE
"HYDIN2",TRUE
"GTF2IP1",TRUE
"STAG3L2",TRUE
"H2AC8",TRUE
"ANKRD20A21P",FALSE
"LINC00235",TRUE
"LINC00869",TRUE
"TYW1B",TRUE
"H4C4",TRUE
"PIGW",TRUE
"F8A1",TRUE
"H2BC7",TRUE
"PCGF2",TRUE
"SRCIN1",TRUE
"MARCKS",TRUE
"CEBPB-AS1",TRUE
"RN7SL473P",TRUE
"ZNF670",TRUE
"PKD1L3",FALSE
"NEFL",FALSE
"RNVU1-4",FALSE
"CCL3",TRUE
"TRAC",TRUE
"H3C7",TRUE
"PGM5P2",FALSE
"PSMB3",TRUE
"LINC02391",FALSE
"RNVU1-28",TRUE
"CISD3",TRUE
"DDX52",TRUE
"RNVU1-2A",TRUE
"ZNF8",TRUE
"TSC22D1-AS1",TRUE
"GLIDR",TRUE
"IGLV2-8",FALSE
"MYO19",TRUE
"GGNBP2",TRUE
"ZNF229",TRUE
"H2AC4",TRUE
"CHMP1B2P",TRUE
"DHRS11",TRUE
"ACACA",TRUE
"MIR7161",TRUE
"H2BC10",TRUE
"MRM1",TRUE
"LINC02335",FALSE
"H4C1",TRUE
"GOLGA6L10",FALSE
"H4C2",TRUE
"NKILA",FALSE
"BACE1-AS",TRUE
"RN7SL3",TRUE
"H3C10",TRUE
"MRPL45",TRUE
"BANCR",TRUE
"SMG6-IT1",TRUE
"HEIH",TRUE
"C18orf15",TRUE
"PWAR1",TRUE
"HEXD-IT1",TRUE
"SND1-IT1",TRUE
"PWAR5",TRUE
"OR2L8",FALSE
"WASH9P",TRUE
"FAM230C",FALSE
"LINC01666",FALSE
"SOWAHCP2",FALSE
"BCLAF1P2",FALSE
"LINC01126",TRUE
"GVQW2",FALSE
"GATD3B",TRUE
"LINC01667",TRUE
"UCKL1-AS1",TRUE
"ERICD",FALSE
"IGHV1-69D",FALSE
"ASAP1-IT2",TRUE
"KCNIP4-IT1",FALSE
"CCDC163",TRUE
"LINC01232",TRUE
"EIF1B-AS1",TRUE
"PAGR1",TRUE
"LINC00294",TRUE
"GSEC",TRUE
"CPS1-IT1",FALSE
"CCAT2",FALSE
"LINC00921",TRUE
"N4BP2L2-IT2",TRUE
"TRG-AS1",TRUE
"TMEM272",TRUE
"NPTN-IT1",TRUE
"SLFNL1-AS1",TRUE
"LINC00997",TRUE
"HELLPAR",TRUE
"ARRDC3-AS1",TRUE
"SNHG4",TRUE
"LINC01176",TRUE
"BLACAT1",FALSE
"SEPSECS-AS1",TRUE
"EBLN3P",TRUE
"LINC02246",TRUE
"LINC01144",FALSE
"HSP90AB4P",TRUE
"PEG13",TRUE
"DPRXP3",TRUE
"WASH5P",TRUE
"LINC01002",TRUE
"ADORA3",TRUE
"IGHV5-10-1",FALSE
"FRG1CP",TRUE
"BISPR",TRUE
"FRG1DP",TRUE
"PRNCR1",TRUE
"PCBP2-OT1",FALSE
"FRG1EP",TRUE
"FRG1GP",TRUE
"FRG1FP",TRUE
"GTF2IP12",TRUE
"LINC02456",FALSE
"HYMAI",TRUE
"IQCJ-SCHIP1",FALSE
"MIR4521",FALSE
"C13orf46",TRUE
"MIR1206",TRUE
"MIR1244-2",TRUE
"EXOC3L2",TRUE
"FAM238C",TRUE
"LINC00032",FALSE
"ATP6V0CP4",FALSE
"LINC02767",FALSE
"LINC02780",FALSE
"LINC02606",TRUE
"SMIM38",TRUE
